,symbol,HotScore,TrendScore,regularMarketPrice,regularMarketChangePercent,VolumeSpike,averageDailyVolume3Month,MomentumScore,VolumeScore,VolatilityScore,marketCap
0,A,0.7696172248803829,0.7942583732057417,138.825,4.0199237,0.6061471223981165,2406622.0,0.8229665071770335,0.6842105263157895,0.8133971291866029,39208611840.0
1,AA,0.8018867924528302,0.5902964959568733,54.08,4.94858,1.446503449812406,5601464.0,0.8382749326145552,0.8652291105121294,0.7331536388140162,14272223232.0
2,AAL,0.5666666666666665,0.0930232558139534,16.125,4.3028145,0.2381089594635676,70078392.0,0.7906976744186046,0.6201550387596899,0.3178294573643411,10664835072.0
3,AAMI,0.9211385248664494,0.9049773755656108,79.15,8.29115,1.5576205242905343,468557.0,0.9616252821670428,0.9253393665158371,0.8510158013544018,2820034560.0
4,AAOI,0.9309116809116808,0.6495726495726496,150.28,15.528902,1.5593955153777812,11939824.0,0.9971509971509972,0.9202279202279202,0.9743589743589745,12709065728.0
5,AAON,0.8421926910299002,0.8803986710963455,90.65,6.3592606,0.8021062753691529,1081530.0,0.9136212624584718,0.760797342192691,0.840531561461794,7474422784.0
6,AAP,0.8016819571865443,0.8195718654434251,57.95,5.84475,0.7690746278186288,1879460.0,0.9480122324159022,0.6085626911314985,0.8746177370030581,3496077568.0
7,AAPL,0.7843324250681198,0.4359673024523161,307.48,4.4500327,0.7180233238960083,53586159.0,0.8092643051771117,0.779291553133515,0.9237057220708448,4516068458496.0
8,ABCL,0.863302752293578,0.2660550458715596,9.965,43.7951,5.190217590509175,7175267.0,1.0,0.9938837920489296,0.6941896024464832,3043065856.0
9,ABG,0.9110014306151644,0.9849462365591398,240.99,6.33163,1.997208801377396,263686.0,0.8626609442060086,0.9376344086021504,0.9120171673819742,4486944768.0
10,ABNB,0.961995249406176,0.8052256532066508,178.07,17.429443,4.082754910199463,3797249.0,0.97624703087886,0.985748218527316,0.973871733966746,105685417984.0
11,ABT,0.9091463414634148,0.4268292682926829,98.92,10.809904,1.5587709853383391,13125116.0,0.9902439024390244,0.9780487804878047,0.8878048780487805,172300156928.0
12,ABVX,0.9726164079822616,0.8004434589800443,133.26,38.595936,4.7795886907945295,1780072.0,1.0,0.9889135254988912,0.9822616407982262,10620093440.0
13,ACAD,0.8012,0.7013333333333334,28.8,6.077347,2.810721459190683,1610098.0,0.8186666666666667,0.944,0.5706666666666667,4931593216.0
14,ACHR,0.8179190751445088,0.0346820809248554,5.31,19.5946,2.275836279295928,42036345.0,0.9971098265895952,0.9797687861271676,0.6127167630057804,4050812672.0
15,ACIW,0.8651515151515151,0.8333333333333334,45.17,5.24231,1.8773742170455567,788839.0,0.9318181818181818,0.9267676767676768,0.6565656565656566,4592052736.0
16,ACLS,0.7971291866028708,0.9354066985645934,191.415,6.270818,1.0782021353116638,690953.0,0.7607655502392344,0.7559808612440191,0.8636363636363636,5882928640.0
17,ACMR,0.905813953488372,0.8604651162790697,119.2,14.066983,1.138750243736911,1579572.0,0.9715762273901808,0.8656330749354005,0.8837209302325582,8237850624.0
18,ACN,0.8487637362637362,0.5412087912087912,167.385,8.649226,0.4948024190380452,8451624.0,0.978021978021978,0.7774725274725275,0.9010989010989012,102429925376.0
19,ADBE,0.8632113821138212,0.7398373983739838,228.94,4.9846354,0.5136427840433756,6455977.0,0.8780487804878049,0.8495934959349594,0.9227642276422764,91003650048.0
20,ADEA,0.7948717948717948,0.6153846153846154,31.875,14.699529,1.0335454474803645,2045911.0,0.9603729603729604,0.7738927738927739,0.6317016317016317,3515613440.0
21,ADIG,0.849236641221374,0.7531806615776081,28.9,6.918235,2.850224783283624,917328.0,0.9033078880407124,0.9821882951653944,0.5699745547073791,2189209088.0
22,ADP,0.7790849673202614,0.8562091503267973,277.81,5.1633353,0.5325143596197477,2755644.0,0.8496732026143791,0.6013071895424836,0.9281045751633988,111050178560.0
23,ADPT,0.8403397027600849,0.4819532908704883,19.34,12.2461,2.2593421251148693,2333088.0,0.989384288747346,0.9596602972399152,0.5498938428874734,3095258368.0
24,ADSK,0.7967777777777778,0.8422222222222222,225.91,7.7044115,0.8801447097848173,2614336.0,0.9266666666666666,0.5555555555555556,0.9688888888888888,47699824640.0
25,AEHR,0.9668304668304668,0.7813267813267813,87.79,21.91362,5.135953480962243,2510800.0,0.995085995085995,0.995085995085995,0.9606879606879608,2761281280.0
26,AEIS,0.9242494226327944,0.9584295612009238,341.39,15.186588,1.671505040445217,969954.0,0.9607390300230948,0.8452655889145496,0.9815242494226328,13659238400.0
27,AEM,0.9310393258426968,0.8033707865168539,207.205,10.840377,1.1155904934974412,2811970.0,0.9382022471910112,0.9353932584269664,0.9747191011235956,104921333760.0
28,AEO,0.7444262295081967,0.3540983606557377,17.39,7.678017,0.5603730255872239,5147100.0,0.9704918032786886,0.7770491803278688,0.4868852459016393,2914099968.0
29,AFRM,0.8011961722488038,0.6267942583732058,71.99,8.7955265,1.094328515138344,5128269.0,0.916267942583732,0.7631578947368421,0.7535885167464115,24109346816.0
30,AG,0.7674157303370785,0.2808988764044944,20.59,11.420843,0.8929057624068251,10997193.0,0.9438202247191012,0.8764044943820225,0.5112359550561798,10148941824.0
31,AGCO,0.8728813559322034,0.923728813559322,117.28,4.91099,1.3010577964697636,721878.0,0.923728813559322,0.8107344632768362,0.867231638418079,8492071936.0
32,AGI,0.8157333333333333,0.552,31.26,8.692629,2.036623981583856,4320557.0,0.912,0.88,0.6666666666666666,13085576192.0
33,AGIO,0.9523936170212766,0.8351063829787234,44.01,17.705267,2.471737556641969,1118870.0,0.9973404255319148,0.976063829787234,0.8909574468085106,2617345280.0
34,AGL,0.7845360824742268,0.9484536082474226,124.08,7.1040173,0.5195824648692261,416444.0,0.8865979381443299,0.5910652920962199,0.8625429553264605,2070124160.0
35,AGM,0.853448275862069,0.9946949602122016,243.43,6.9551783,0.7930744750461007,134488.0,0.8222811671087533,0.7984084880636605,0.93368700265252,2641996800.0
36,AGX,0.946496815286624,1.0,602.18,9.23702,1.4289452260144138,332877.0,0.964968152866242,0.8821656050955414,1.0,8442109952.0
37,AGYS,0.8989894848103803,0.9337606837606838,114.92,11.313445,0.9620000668334074,389027.0,0.9872068230277186,0.8076923076923077,0.8869936034115139,3240558080.0
38,AIP,0.8283492822966507,0.784688995215311,47.36,9.401709,1.453629002490978,948222.0,0.916267942583732,0.8229665071770335,0.7057416267942583,2186705152.0
39,AIR,0.948050139275766,0.958217270194986,153.71,5.82445,3.483379072694633,436167.0,0.9275766016713092,0.9916434540389972,0.9025069637883008,6188186624.0
40,AIZ,0.8438666666666665,0.9786666666666668,301.46,7.167245,1.475814033197865,408460.0,0.8693333333333333,0.712,0.9626666666666668,14936630272.0
41,AJG,0.8637149028077753,0.8898488120950324,252.44,5.32816,1.4433488022577523,1894982.0,0.8358531317494601,0.8531317494600432,0.91792656587473,64862437376.0
42,AKAM,0.8832876712328765,0.7424657534246575,126.57,10.66713,1.2841146643700394,5421283.0,0.9808219178082191,0.8,0.9287671232876712,18401437696.0
43,ALAB,0.8808314087759815,0.8244803695150116,361.67,12.652244,1.423255614684095,5858611.0,0.9422632794457276,0.7806004618937644,0.976905311778291,61993111552.0
44,ALB,0.7952991452991452,0.8547008547008547,136.15,4.34549,1.000521014166705,2335829.0,0.7806267806267806,0.7492877492877493,0.8717948717948718,16066387968.0
45,ALGM,0.9093301435406698,0.6818181818181818,66.37,14.648478,2.695271968702781,2577098.0,0.971291866028708,0.971291866028708,0.80622009569378,12365332480.0
46,ALGN,0.875,0.9251101321585904,181.49,7.6070213,1.3078864365402083,1043716.0,0.9273127753303964,0.7797356828193832,0.9251101321585904,12997974016.0
47,ALGT,0.7844286067804999,0.935412026726058,116.1,5.497497,3.2398602484472048,579600.0,0.6666666666666666,0.8552338530066815,0.7911111111111111,3120477696.0
48,ALL,0.7751262626262626,0.9267676767676768,231.55,4.03936,1.1093815744750213,1582826.0,0.8257575757575758,0.6060606060606061,0.9065656565656566,59605815296.0
49,ALLE,0.9583732057416268,0.8851674641148325,155.305,10.971772,2.1595469743115814,1175121.0,0.9760765550239234,0.9760765550239234,0.9330143540669856,13346269184.0
50,ALM,0.8704892966360857,0.4678899082568807,16.61,12.993203,1.6336850210810203,5384227.0,0.9938837920489296,0.9296636085626911,0.7522935779816514,4712952320.0
51,ALMR,0.966576819407008,0.9002695417789758,36.57,30.653805,5.395219867883334,285808.0,0.9973045822102424,0.9865229110512128,0.9110512129380054,2534710016.0
52,ALMS,0.88125,0.7606382978723404,29.27,7.334067,2.4582745682638683,1269178.0,0.9654255319148936,0.973404255319149,0.6329787234042553,3731690496.0
53,ALNY,0.9034562211981566,0.8894009216589862,220.33,7.20611,2.238642065496157,1468819.0,0.836405529953917,0.9654377880184332,0.9193548387096774,29482164224.0
54,ALSN,0.8880494505494506,0.8956043956043956,120.68,7.0427556,1.1658506246768865,895583.0,0.8461538461538461,0.9532967032967034,0.8434065934065934,10008714240.0
55,AMAT,0.9478632478632478,0.7713675213675214,668.0,13.419299,2.058965872885835,7787708.0,0.9807692307692308,0.938034188034188,0.9957264957264956,530364891136.0
56,AMBA,0.9610478359908884,0.7835990888382688,86.4897,29.069838,4.670656162858085,1209593.0,0.9977220956719818,0.9931662870159452,0.929384965831435,3794146048.0
57,AMC,0.7960191082802548,0.0063694267515923,2.46,26.8041,4.6785580701971226,38876095.0,1.0,0.9904458598726116,0.4936305732484076,2195807488.0
58,AMD,0.8260479041916168,0.5508982035928144,562.09,8.549307,0.4653352035524927,36952532.0,0.9191616766467066,0.7155688622754491,0.994011976047904,916544290816.0
59,AMG,0.6493710691823898,0.9874213836477987,354.43,4.066355,0.2259377839831972,332326.0,0.6918238993710691,0.3459119496855345,0.9371069182389936,9361234944.0
60,AMGN,0.8470744680851063,0.8962765957446809,407.83,4.566432,2.084209098443208,2690790.0,0.7446808510638298,0.8723404255319149,0.9574468085106383,220109225984.0
61,AMKR,0.9271317829457364,0.5968992248062015,94.28,10.346437,0.7704604864570423,4710714.0,1.0,0.9689922480620154,0.8914728682170543,23369420800.0
62,AMLX,0.9627692307692308,0.7815384615384615,35.11,63.835747,14.091844555873925,1675200.0,1.0,1.0,0.9230769230769232,3912063232.0
63,AMR,0.9264150943396224,0.9784366576819408,188.49,11.242919,0.9364452086463992,276832.0,0.9487870619946092,0.862533692722372,0.973045822102426,2389873152.0
64,AMT,0.814375,0.835,179.26,4.52478,1.667571271001205,3217613.0,0.79,0.8025,0.8675,83515990016.0
65,AMZN,0.9300925925925926,0.5,270.73,14.959664,1.959545568991319,48180779.0,0.9907407407407408,0.9629629629629628,0.9814814814814816,2912272515072.0
66,AN,0.8816919191919192,0.9696969696969696,233.67,6.054553,1.0556825833944743,397988.0,0.8914141414141414,0.8181818181818182,0.9318181818181818,7818947584.0
67,ANAB,0.8739361702127659,0.9202127659574468,69.81,5.1513753,1.2337949481702122,674805.0,0.9175531914893617,0.8803191489361702,0.7632978723404256,2066967936.0
68,ANDE,0.8756164383561643,0.9424657534246575,72.05,5.955887,1.47410538005923,324160.0,0.8958904109589041,0.8684931506849315,0.8191780821917808,2453594880.0
69,ANDG,0.9363849765258216,0.9061032863849764,47.28,10.415691,2.006233345871673,316363.0,0.9835680751173708,0.9835680751173708,0.7863849765258216,5318325760.0
70,ANET,0.8705479452054794,0.726027397260274,181.05,8.76487,1.2205123219513765,9709988.0,0.9643835616438357,0.7753424657534247,0.9452054794520548,227972628480.0
71,ANF,0.7925076452599389,0.8990825688073395,93.07,4.30348,0.7889339503374879,1339159.0,0.8776758409785933,0.617737003058104,0.8960244648318043,4135259392.0
72,APA,0.8059466019417475,0.5339805825242718,41.02,9.008767,1.2475122992947587,5621054.0,0.9611650485436892,0.7839805825242718,0.7087378640776699,14371419136.0
73,APD,0.933827893175074,0.9109792284866468,294.32,8.46321,1.358908823008886,1214835.0,0.9376854599406528,0.9376854599406528,0.9317507418397626,65539383296.0
74,APH,0.7563291139240506,0.5822784810126582,152.59,6.0757666,0.3690990180430601,9564065.0,0.8945147679324894,0.6033755274261603,0.869198312236287,187721482240.0
75,APLD,0.848967551622419,0.2389380530973451,27.74,7.561065,0.4531444294236627,21884495.0,0.976401179941003,0.9292035398230089,0.7905604719764012,7927246848.0
76,APO,0.8539083557951482,0.7789757412398922,140.28,6.25662,1.171043120250252,4081006.0,0.9191374663072776,0.7789757412398922,0.908355795148248,80797319168.0
77,APP,0.8952267303102626,0.8782816229116945,569.735,10.578772,0.7906994495610045,4912806.0,0.973747016706444,0.7684964200477327,0.9880668257756564,191396495360.0
78,APPF,0.8600928507644925,0.9722222222222222,183.67,8.847927,0.7974466408353582,380675.0,0.9744136460554372,0.6752136752136753,0.9275053304904052,6505038848.0
79,APPN,0.8440617577197149,0.7838479809976246,34.64,13.909897,1.6220472354769513,913720.0,0.9501187648456056,0.8194774346793349,0.7315914489311164,2542995712.0
80,ARCB,0.790692124105012,0.964200477326969,148.59,5.660237,0.8096827350796227,407798.0,0.7875894988066826,0.6968973747016707,0.8735083532219571,3321187584.0
81,ARES,0.8595183486238531,0.8119266055045872,139.005,8.521359,1.0380856775645853,2498367.0,0.9059633027522936,0.8119266055045872,0.8853211009174312,45850333184.0
82,ARGX,0.9875565610859728,0.986425339366516,991.55,16.476173,1.1644846268620208,327064.0,1.0,0.9683257918552036,1.0,62032351232.0
83,ARIS,0.7773755656108597,0.5542986425339367,15.8847,8.650478,1.0125099761625191,1329419.0,0.9773755656108596,0.8371040723981901,0.4343891402714932,3278601984.0
84,ARM,0.8735645933014354,0.7679425837320574,412.32,8.278601,1.1733118627009955,10757019.0,0.8947368421052632,0.8253588516746412,0.9736842105263158,440390254592.0
85,ARMK,0.890566037735849,0.7115902964959568,60.47,8.54425,1.7052094997850935,2805874.0,0.9649595687331536,0.9002695417789758,0.8328840970350404,15900803072.0
86,ARQT,0.8106382978723404,0.7021276595744681,27.67,6.1373243,1.3774422121383412,1721339.0,0.928191489361702,0.8590425531914894,0.574468085106383,3461057024.0
87,ARWR,0.9639830508474576,0.8163841807909604,88.7,19.02845,3.315804531983803,2107598.0,0.9971751412429378,0.9717514124293786,0.9661016949152542,12494017536.0
88,ARX,0.9310734463276836,0.5932203389830508,19.525,43.460693,21.61796339720094,2053832.0,1.0,1.0,0.8587570621468926,4260381184.0
89,ARXS,0.8531165311653116,0.8157181571815718,54.3,10.861576,1.4354488628624569,1020501.0,0.9701897018970188,0.7696476964769647,0.8130081300813008,22668857344.0
90,AS,0.8022935779816514,0.5321100917431193,34.005,4.4065757,0.9271002507873808,4410509.0,0.8990825688073395,0.963302752293578,0.4862385321100917,19784857600.0
91,ASAN,0.3774999999999999,0.35,9.155,3.7981865,0.0221723326918965,5939790.0,0.8,0.05,0.225,2110317440.0
92,ASH,0.8995024875621891,0.8507462686567164,73.095,7.47684,2.207403527768624,1019568.0,0.9502487562189056,0.9303482587064676,0.7810945273631841,3346857472.0
93,ASML,0.8464523281596452,0.9822616407982262,1989.44,5.646508,1.4269842119006897,1887941.0,0.8070953436807096,0.7605321507760532,0.9977827050997784,766765301760.0
94,ASND,0.9648648648648648,0.9287469287469288,260.47,9.436582,2.979030704242549,671601.0,0.9656019656019657,0.9754299754299754,0.9631449631449632,17080613888.0
95,ASO,0.8566666666666667,0.7444444444444445,49.9,7.127522,1.529595093974755,1509980.0,0.9088888888888887,0.9133333333333332,0.7222222222222222,3094716928.0
96,ASR,0.7989234449760766,0.9976076555023924,300.185,4.561288,1.587834406820429,74834.0,0.5574162679425837,0.9330143540669856,0.8875598086124402,9015176192.0
97,ASTH,0.8945916114790287,0.8741721854304636,49.81,7.3260107,3.114948361073152,545906.0,0.9161147902869756,0.9801324503311258,0.717439293598234,2469750016.0
98,ASTS,0.8739361702127659,0.425531914893617,60.89,10.688969,0.9378904657618412,22877486.0,0.9893617021276596,0.8936170212765957,0.8617021276595744,23632904192.0
99,ATAI,0.8177631578947367,0.1868421052631579,7.155,33.48381,15.147607259468296,7740622.0,0.9973684210526316,1.0,0.5,2634232832.0
100,ATAT,0.5319148936170213,0.7872340425531915,35.065,2.559228,0.2713695134040623,948220.0,0.2340425531914893,0.8297872340425532,0.4042553191489361,4845490176.0
101,ATEX,0.9005899705014748,0.9734513274336284,103.725,3.3632288,0.5057742503002344,451314.0,0.8407079646017699,0.952802359882006,0.8775811209439528,2022478976.0
102,ATHM,0.8232708016059808,0.6752688172043011,23.01,7.67431,1.943595833696505,734272.0,0.9549356223175964,0.9333333333333332,0.4742489270386266,2650082816.0
103,ATI,0.8874491419479485,0.8878281622911695,223.43,8.93179,1.8195949470969253,1705950.0,0.9095238095238096,0.8281622911694511,0.9523809523809524,30491588608.0
104,ATKR,0.9870412844036696,0.9518348623853212,93.41,28.029064,16.982113609467454,422500.0,1.0,0.9977064220183486,0.963302752293578,3154200320.0
105,ATRO,0.9534739454094292,0.858560794044665,87.89,17.327454,2.939526137645732,731225.0,0.9826302729528535,0.9702233250620348,0.9205955334987592,4337231360.0
106,AU,0.8411949685534592,0.6761006289308176,97.31,11.097159,0.6294688667678512,3051193.0,0.9119496855345912,0.7987421383647799,0.8742138364779874,49216405504.0
107,AUGO,0.915159574468085,0.8324468085106383,65.76,13.791315,2.191561358179221,1007437.0,0.9787234042553192,0.8936170212765957,0.8829787234042553,5490960384.0
108,AUR,0.39375,0.1,6.415,-7.9569874,0.2851499325755223,27190422.0,0.05,0.875,0.3,12856655872.0
109,AVAH,0.8654017857142857,0.4508928571428571,11.29,24.751379,4.758253727058661,2114469.0,0.9977678571428572,0.9888392857142856,0.625,2458456320.0
110,AVAV,0.9713968957871396,0.8492239467849224,165.07,18.755402,6.116875694286749,1303496.0,0.9933481152993348,0.9933481152993348,0.9556541019955654,8353379840.0
111,AVGO,0.8640624999999998,0.7232142857142857,393.55,6.141105,0.6736068155834982,26456781.0,0.9419642857142856,0.7589285714285714,0.9821428571428572,1872345694208.0
112,AVNT,0.879018070235254,0.7684964200477327,42.65,12.4736,2.2014096393002025,872138.0,0.9428571428571428,0.8878281622911695,0.8071428571428572,3911438848.0
113,AVT,0.8254666666666666,0.856,97.22,5.0686293,2.096538031328734,1267718.0,0.776,0.8853333333333333,0.792,7974381056.0
114,AVTR,0.8257500000000001,0.27,14.38,15.781,3.970953300129939,10020863.0,0.985,0.985,0.54625,9818022912.0
115,AWI,0.9722016913809082,0.9518072289156626,184.46,11.645082,2.0275660087300964,445585.0,0.9855769230769232,0.9734939759036144,0.9567307692307692,7872538624.0
116,AWK,0.74,0.7934426229508197,136.55,3.6134593,0.4891974528610489,2097098.0,0.6,0.8098360655737705,0.8360655737704918,26665555968.0
117,AXGN,0.8006535947712419,0.7287581699346405,43.51,5.7351074,0.9360017916197996,1187752.0,0.8921568627450981,0.8398692810457516,0.6078431372549019,2313766912.0
118,AXON,0.91455525606469,0.973045822102426,636.31,6.704338,1.3424107065073358,1090477.0,0.9272237196765498,0.8409703504043127,0.9919137466307276,51692179456.0
119,AXSM,0.8396892655367232,0.9717514124293786,222.35,4.5172515,1.0388365136280728,851441.0,0.7175141242937854,0.8728813559322034,0.9293785310734464,11442079744.0
120,AXTI,0.9247967479674796,0.5474254742547425,60.43,28.738821,3.0914546531098672,9545616.0,0.997289972899729,0.962059620596206,0.9214092140921408,3953522944.0
121,AYA,0.871183800623053,0.8411214953271028,20.86,8.303063,1.4318374385603214,468549.0,0.9750778816199376,0.9034267912772586,0.6479750778816199,2990275840.0
122,AYI,0.9817401960784312,0.965686274509804,363.66,19.033745,2.569971827458837,399325.0,0.9926470588235294,0.9705882352941176,0.9901960784313726,11024413696.0
123,AZN,0.9109836065573772,0.8491803278688524,195.31,6.227563,0.6616966638279678,1973909.0,0.9278688524590164,0.9114754098360656,0.9114754098360656,302898905088.0
124,AZO,0.8796717171717171,1.0,3046.46,3.30274,2.7385045553667706,298988.0,0.6868686868686869,0.9722222222222222,0.9949494949494948,49734541312.0
125,AZZ,0.8788990825688073,0.9877675840978594,146.45,3.93897,1.3231749723104322,271763.0,0.8165137614678899,0.8776758409785933,0.9357798165137616,4401041920.0
126,B,0.7713483146067417,0.3820224719101123,45.35,7.745303,0.9657069629753084,10824209.0,0.8174157303370787,0.901685393258427,0.6573033707865169,74640859136.0
127,BA,0.8918577981651374,0.7798165137614679,233.36,7.967059,1.361804608838627,6421314.0,0.8761467889908257,0.9105504587155964,0.9426605504587156,184440750080.0
128,BABA,0.9395209580838324,0.6526946107784432,108.585,10.642959,1.8192257222294128,11805944.0,0.9820359281437124,0.9820359281437124,0.934131736526946,260340645888.0
129,BAH,0.9407467532467532,0.7337662337662337,75.6451,14.839989,0.6057478318929762,2113249.0,0.9935064935064936,0.9448051948051948,0.9448051948051948,9072422912.0
130,BALL,0.7964646464646464,0.7247474747474747,60.49,3.93471,1.5809783875214056,2857886.0,0.8080808080808081,0.8838383838383839,0.6590909090909091,16105251840.0
131,BAM,0.7909703504043126,0.706199460916442,55.36,4.76911,1.24993217692887,2764546.0,0.8301886792452831,0.8113207547169812,0.72911051212938,88423849984.0
132,BAND,0.929122340425532,0.8696808510638298,67.56,11.356519,1.47233990761152,1248857.0,0.9920212765957448,0.898936170212766,0.901595744680851,2163089152.0
133,BAP,0.7840236686390533,0.985207100591716,386.94,6.22049,1.0480040890199758,477376.0,0.9053254437869822,0.4970414201183432,0.9733727810650888,30741733376.0
134,BATRA,0.8603603603603602,0.9864864864864864,58.36,4.7003922,0.8041821726032252,62073.0,0.8153153153153153,0.9774774774774776,0.6711711711711712,3743433472.0
135,BB,0.8062499999999999,0.0931372549019607,10.4,20.651325,2.1747846199575886,28848425.0,0.9975490196078431,0.9558823529411764,0.5661764705882353,6095037952.0
136,BBAR,0.8848623853211008,0.8287461773700305,21.16,9.07217,1.364867262656403,676298.0,0.9785932721712538,0.8899082568807339,0.7400611620795107,4321648128.0
137,BBIO,0.9516853932584268,0.701123595505618,90.17,15.115532,5.932193831818047,3248672.0,0.995505617977528,0.995505617977528,0.9235955056179777,17660809216.0
138,BBWI,0.8015384615384616,0.4892307692307692,20.04,6.53908,1.30400457726519,5662770.0,0.9692307692307692,0.8461538461538461,0.5861538461538461,4039298816.0
139,BBY,0.678839590443686,0.757679180887372,81.7,-1.3285097,0.8692912997865979,4099773.0,0.5324232081911263,0.825938566552901,0.6382252559726962,17219672064.0
140,BCAX,0.8260162601626015,0.7804878048780488,30.695,5.0479136,1.1605796064185532,665072.0,0.8983739837398373,0.9715447154471544,0.4674796747967479,2016780032.0
141,BCC,0.8967105263157894,0.881578947368421,81.43,7.15884,0.780239801180378,440198.0,0.968421052631579,0.8921052631578947,0.7868421052631579,2865500160.0
142,BCO,0.8257446808510638,0.9127659574468086,117.77,5.26457,1.1833495995545666,472349.0,0.8723404255319149,0.7702127659574468,0.7978723404255319,4849889280.0
143,BCRX,0.7885638297872339,0.3457446808510638,10.99,8.062927,2.027679268786023,4993340.0,0.9787234042553192,0.9627659574468084,0.3723404255319149,2793247488.0
144,BDC,0.8376760563380281,0.8990610328638498,117.61,15.270021,1.3457820820281494,588359.0,0.8826291079812206,0.7769953051643192,0.8345070422535211,4580208640.0
145,BE,0.9293427230046948,0.6197183098591549,207.45,26.700064,2.359035530113314,13282198.0,0.9812206572769951,0.9577464788732394,0.943661971830986,61099700224.0
146,BEAM,0.8775265957446808,0.7180851063829787,37.92,7.3612638,1.781573993310843,2209247.0,0.9680851063829788,0.9388297872340424,0.6914893617021277,3901179648.0
147,BEKE,0.7513745704467354,0.268041237113402,17.275,7.298132,0.3927040305469984,4691001.0,0.9518900343642612,0.8865979381443299,0.4054982817869416,19116867584.0
148,BELFA,0.9379271070615034,0.9977220956719818,293.135,7.544852,2.6143027698185293,125640.0,0.89749430523918,0.9635535307517084,0.9339407744874716,3729470720.0
149,BELFB,0.946055979643766,0.979643765903308,288.08,7.919377,1.0035941610646564,285463.0,0.9516539440203562,0.916030534351145,0.9720101781170484,4097277184.0
150,BEP,0.7784366576819407,0.7951482479784366,34.23,4.8071,1.2075977944109226,900077.0,0.8328840970350404,0.8005390835579514,0.6361185983827493,16651883520.0
151,BETA,0.8776011560693642,0.661849710982659,19.7,10.89888,0.9079358510480776,1580322.0,0.9826589595375722,0.8930635838150289,0.7745664739884393,4713373184.0
152,BFLY,0.7854961832061068,0.2290076335877862,8.625,12.304689,1.3654733660354617,7144693.0,0.989821882951654,0.9592875318066156,0.4020356234096692,2256652800.0
153,BGSI,0.7777932960893854,0.9972067039106144,95.05,3.33768,1.3455920516052495,53948.0,0.6201117318435754,0.8687150837988827,0.7849162011173184,2645247744.0
154,BHC,0.8318428184281842,0.3983739837398374,6.89,14.262,6.785268443485614,2496559.0,0.983739837398374,0.997289972899729,0.4932249322493225,2573247232.0
155,BHVN,0.8729289940828402,0.5769230769230769,13.62,12.6551,2.7399361331527,2397488.0,0.9940828402366864,0.9733727810650888,0.6331360946745562,2050640640.0
156,BIDU,0.8577844311377245,0.874251497005988,117.07,4.4428616,0.6200243194477132,2549400.0,0.8083832335329342,0.9101796407185628,0.844311377245509,39833378816.0
157,BIIB,0.9381648936170212,0.9574468085106383,209.03,4.961087,1.8712493400721637,1189524.0,0.901595744680851,0.973404255319149,0.9308510638297872,30860587008.0
158,BILL,0.8503685503685502,0.6707616707616708,44.63,7.88011,1.3612651037555925,2540345.0,0.968058968058968,0.8304668304668305,0.769041769041769,4445002240.0
159,BIO,0.9162162162162162,0.9606879606879608,298.81,6.6988077,1.2121812342861973,378648.0,0.9336609336609336,0.8648648648648649,0.9533169533169532,7996633088.0
160,BIRK,0.9,0.6547619047619048,43.56,18.562874,0.7786636863063853,2244024.0,0.988095238095238,0.8928571428571429,0.8809523809523809,8010947584.0
161,BKD,0.7617841409691629,0.3414096916299559,15.285,6.738828,1.3985162663849855,4279070.0,0.9559471365638766,0.9317180616740088,0.3348017621145374,3650344192.0
162,BKNG,0.8850318471337578,0.6348195329087049,181.25,7.28661,1.747704355072336,7838538.0,0.9129511677282378,0.8980891719745223,0.9384288747346072,140446728192.0
163,BKR,0.843013698630137,0.5616438356164384,57.58,5.7095656,1.8749519363493736,8465337.0,0.8821917808219178,0.926027397260274,0.7698630136986301,57123315712.0
164,BLBD,0.8928343949044586,0.9840764331210192,81.5,4.0337043,2.1836824232426317,455852.0,0.8248407643312102,0.9554140127388536,0.856687898089172,2579196928.0
165,BLDR,0.8602972399150742,0.6942675159235668,85.41,11.3124,1.3643250312304809,2561600.0,0.9872611464968152,0.7664543524416136,0.8853503184713376,9186689024.0
166,BLK,0.9747422680412372,0.9896907216494846,1106.67,7.9214883,0.7772310034913591,719777.0,0.972508591065292,0.9621993127147768,0.993127147766323,179947110400.0
167,BLKB,0.8662878787878788,0.7853535353535354,43.725,21.694958,0.9237445139047128,807496.0,0.9949494949494948,0.7651515151515151,0.8585858585858586,2008381184.0
168,BLLN,0.8596629213483147,0.9101123595505618,127.97,6.1111135,1.2054679308865357,703886.0,0.8561797752808988,0.849438202247191,0.8584269662921349,5886042112.0
169,BLSH,0.8675141242937853,0.6949152542372882,27.465,11.510357,1.1932588345771136,1587767.0,0.9661016949152542,0.903954802259887,0.7175141242937854,4165021952.0
170,BLTE,0.9363905325443788,0.9881656804733728,148.34,7.3449554,1.898373565583139,174984.0,0.9497041420118344,0.9142011834319528,0.9260355029585798,5946222592.0
171,BMA,0.8899717514124292,0.9519774011299436,97.63,5.23876,1.5038525686088022,290196.0,0.9350282485875706,0.8587570621468926,0.8347457627118644,6242367488.0
172,BMNR,0.8199530516431924,0.1103286384976525,18.155,14.9778385,1.2470838895022398,37040606.0,1.0,0.943661971830986,0.6431924882629108,10951575552.0
173,BMRN,0.8970873786407767,0.7645631067961165,68.88,7.9454565,2.395331121594712,2088553.0,0.9296116504854368,0.9490291262135924,0.8155339805825242,13333359616.0
174,BMY,0.7469283276450511,0.5836177474402731,59.18,2.77874,0.6563228437341594,11499359.0,0.9146757679180888,0.6450511945392492,0.7133105802047781,120849776640.0
175,BNTX,0.9805929919137466,0.8814016172506739,112.45,21.23989,6.758454024460727,944698.0,0.9946091644204852,0.9946091644204852,0.981132075471698,28247930880.0
176,BNY,0.8970515970515971,0.8034398034398035,162.35,5.08091,2.057236293690448,3901196.0,0.8746928746928747,0.9434889434889436,0.9017199017199016,111433646080.0
177,BOBS,0.7668537490720119,0.5835189309576837,16.18,7.43692,4.43296116386448,1106933.0,0.8622222222222222,0.930957683741648,0.4044444444444444,2113552768.0
178,BOOT,0.8308486238532111,0.944954128440367,161.22,8.208601,0.8660624015884135,766551.0,0.8899082568807339,0.694954128440367,0.908256880733945,4882522624.0
179,BP,0.8162116040955631,0.5494880546075085,40.92,4.3877482,0.8016262181440936,9624785.0,0.9726962457337884,0.7849829351535836,0.7303754266211604,105374318592.0
180,BR,0.7295597484276729,0.8930817610062893,172.9501,3.0446303,0.4911742106084042,1397722.0,0.5345911949685535,0.8742138364779874,0.7358490566037735,19720081408.0
181,BRKR,0.7593676814988289,0.7002341920374707,60.47,7.655338,0.9406633229848684,2474119.0,0.775175644028103,0.7822014051522248,0.7213114754098361,9205084160.0
182,BRSL,0.7970862470862471,0.4988344988344988,11.515,13.897138,2.000666798880318,1628677.0,0.9487179487179488,0.9463869463869464,0.4195804195804196,2115166848.0
183,BRZE,0.7833846153846153,0.676923076923077,29.12,4.1860466,1.2449499216827709,2639266.0,0.8892307692307693,0.8276923076923077,0.5738461538461539,3279834368.0
184,BSBR,0.8205962059620595,0.4471544715447154,5.67,12.2772,8.134999574938366,1540953.0,0.978319783197832,1.0,0.4173441734417344,21227141120.0
185,BSP,0.9362994350282486,0.6666666666666666,56.0,26.028166,1.4493940728261283,3134040.0,0.9971751412429378,0.943502824858757,0.9519774011299436,35572281344.0
186,BTDR,0.7875296912114014,0.2684085510688836,14.33,14.092353,1.248269013878348,9455304.0,0.990498812351544,0.8788598574821853,0.5320665083135392,3486684672.0
187,BTE,0.6890784982935153,0.0648464163822525,4.265,4.791147,0.91928808840059,20300498.0,0.9829351535836176,0.8600682593856656,0.1877133105802047,3039211264.0
188,BTI,0.8808370044052863,0.5506607929515418,63.035,7.329531,1.6476285900247447,4093008.0,0.973568281938326,0.960352422907489,0.7444933920704846,136038817792.0
189,BTSG,0.7020179372197309,0.7443946188340808,71.21,4.474758,0.4467305806876131,3799375.0,0.8161434977578476,0.5336322869955157,0.7757847533632287,13975561216.0
190,BVC,0.8851752021563342,0.9595687331536388,14.08,9.74279,2.3945562819599973,30898.0,0.973045822102426,0.9460916442048516,0.5876010781671159,2365440000.0
191,BWIN,0.7883197228408811,0.6013363028953229,26.22,9.204494,2.684934917156901,1618783.0,0.9511111111111112,0.8106904231625836,0.5577777777777778,2556186368.0
192,BWLP,0.7654017857142857,0.8482142857142857,20.06,4.316172,0.7764446379843452,456983.0,0.8258928571428571,0.8482142857142857,0.4732142857142857,3045400832.0
193,BX,0.8212062256809338,0.7237354085603113,147.85,4.369619,0.8782385746851668,5132003.0,0.77431906614786,0.8560311284046692,0.8910505836575876,184015208448.0
194,BXP,0.8784090909090909,0.7752525252525253,74.74,6.832474,1.645096395296748,1459926.0,0.9267676767676768,0.9242424242424242,0.7651515151515151,13326995456.0
195,BYND,0.8805439330543933,0.6527196652719666,13.875,13.636364,2.2011252723266512,1209485.0,0.99163179916318,0.9623430962343096,0.6569037656903766,7156988416.0
196,CAAP,0.7778708133971292,0.8708133971291866,28.12,6.3942513,1.3204982040626188,244719.0,0.777511961722488,0.8995215311004785,0.5191387559808612,4589822464.0
197,CACI,0.9761506989430616,1.0,628.79,21.381,3.1249534093877904,287075.0,0.9809523809523808,0.9522673031026252,0.9976190476190476,13890790400.0
198,CAE,0.5223404255319148,0.7446808510638298,27.37,4.5471935,0.0888628954047417,775408.0,0.6595744680851063,0.3404255319148936,0.4893617021276595,8801636352.0
199,CAI,0.8779386862143425,0.5011933174224343,20.0,21.580542,3.318146022015098,3395488.0,0.9833333333333332,0.954653937947494,0.7476190476190476,5653614080.0
200,CAKE,0.962625,0.865,101.14,13.627678,4.010477702323992,1339893.0,0.98,0.9875,0.9375,5025177600.0
201,CALM,0.8116207951070336,0.926605504587156,88.34,3.5032194,1.1318236598566125,762549.0,0.7400611620795107,0.8318042813455657,0.8440366972477065,4185247488.0
202,CAMT,0.930188679245283,0.9528301886792452,149.9,9.592042,1.3923039341889474,493291.0,0.9622641509433962,0.8915094339622641,0.9304245283018868,6993811968.0
203,CARG,0.8062841530054645,0.7814207650273224,30.57,9.413025,0.4507117371292647,1312493.0,0.989071038251366,0.6885245901639344,0.7049180327868853,2757019392.0
204,CART,0.8750000000000001,0.6309523809523809,50.17,11.414612,3.4042117299190866,4119210.0,0.9071428571428573,0.969047619047619,0.7761904761904762,11791444992.0
205,CASY,0.8938356164383563,0.9945205479452056,843.1,5.125997,1.432619423388979,539844.0,0.8410958904109589,0.8602739726027397,0.9945205479452056,31198840832.0
206,CAT,0.9116452991452992,0.908119658119658,1057.01,6.29091,1.7351443742182138,2663772.0,0.8931623931623932,0.8867521367521367,0.9893162393162394,486850330624.0
207,CAVA,0.925062034739454,0.6625310173697271,69.47,14.2411,3.125711672371061,3389200.0,0.977667493796526,0.9826302729528535,0.8635235732009926,8091439104.0
208,CBOE,0.8242990654205608,0.9657320872274144,259.94,6.0633264,0.574081078787687,1390598.0,0.9345794392523364,0.5981308411214953,0.956386292834891,27203704832.0
209,CBRE,0.7134146341463414,0.8252032520325203,144.72,2.9669144,0.6238544535038203,2288973.0,0.491869918699187,0.8983739837398373,0.7215447154471545,42376417280.0
210,CBRS,0.9624620060790274,0.790273556231003,251.285,14.752493,1.9827762610470487,6896412.0,0.993920972644377,0.972644376899696,0.9756838905775076,59696283648.0
211,CBZ,0.959,0.85,54.9,17.5589,19.157171423792217,789132.0,0.99,1.0,0.8875,2945315584.0
212,CCC,0.782371794871795,0.2147435897435897,7.34,9.715995,1.9070466808512123,10027345.0,0.9903846153846154,0.9455128205128204,0.4166666666666667,4323220992.0
213,CCEP,0.8481277533039647,0.8259911894273128,106.1,6.0257807,1.5303710670751078,1841473.0,0.8436123348017621,0.8678414096916299,0.8325991189427313,46978646016.0
214,CCI,0.8103975535168196,0.7706422018348624,79.66,3.88629,1.0508069675992666,3908893.0,0.8103975535168195,0.8042813455657493,0.8409785932721713,34767765504.0
215,CCK,0.7442196531791908,0.8265895953757225,120.73,5.3674297,1.0327811415179275,1147367.0,0.5317919075144508,0.9421965317919077,0.7283236994219653,13491169280.0
216,CCS,0.9015695067264574,0.8968609865470852,70.45,9.174025,0.6595067225167697,341390.0,0.9596412556053812,0.8834080717488789,0.8340807174887892,2026797568.0
217,CDE,0.7719101123595505,0.1207865168539325,21.075,13.857377,0.852236560636929,35838845.0,0.9775280898876404,0.8595505617977528,0.5842696629213483,21663729664.0
218,CDLR,0.8453017272197992,0.9321266968325792,23.64,6.63058,1.5676001035068574,88883.0,0.91196388261851,0.9298642533936652,0.5372460496613995,2280574720.0
219,CDNA,0.9489384288747346,0.7154989384288747,40.34,35.596638,5.47122278271178,813178.0,1.0,0.9936305732484076,0.8980891719745223,2083943424.0
220,CDW,0.8263888888888888,0.8383838383838383,130.06,5.25208,1.17800531323335,2000665.0,0.9343434343434344,0.6893939393939394,0.8712121212121212,16615613440.0
221,CECO,0.8579608938547486,0.8938547486033519,84.15,5.7293696,1.145553911925446,971427.0,0.9217877094972068,0.8016759776536313,0.8268156424581006,4928651264.0
222,CEG,0.8062146892655366,0.8813559322033898,274.9,4.8356314,0.8981487152892624,3673395.0,0.9180790960451978,0.5847457627118644,0.96045197740113,98167341056.0
223,CELC,0.8963443396226415,0.8561320754716981,111.05,6.9948955,1.4730679850098147,1385173.0,0.9080188679245284,0.9056603773584906,0.8797169811320755,5415496192.0
224,CELH,0.8607142857142857,0.3595238095238095,27.77,16.827934,3.4935279542085502,9241900.0,0.969047619047619,0.9738095238095238,0.7238095238095238,7099132928.0
225,CENT,0.8612720195476758,0.9761336515513126,46.54,5.628687,3.6358030892879567,79630.0,0.830952380952381,0.9618138424821002,0.680952380952381,2912044032.0
226,CENX,0.844642857142857,0.7261904761904762,51.23,11.490748,1.7471109406426153,2096184.0,0.9095238095238096,0.85,0.780952380952381,5070440448.0
227,CF,0.7883495145631069,0.8009708737864077,121.48,6.23525,1.0476257977878154,2652491.0,0.8640776699029126,0.6504854368932039,0.8907766990291263,18384556032.0
228,CFG,0.8033039647577093,0.5638766519823789,74.17,4.28852,1.569368408571453,4579527.0,0.8061674008810573,0.9515418502202644,0.6585903083700441,31365152768.0
229,CGAU,0.742295081967213,0.5016393442622951,16.58,6.6924067,0.4720082106822933,1594021.0,0.9540983606557376,0.7836065573770492,0.419672131147541,3292706048.0
230,CGNX,0.8284900284900286,0.7663817663817664,65.63,6.5595016,0.9987668226493134,2274612.0,0.9230769230769232,0.7464387464387464,0.8376068376068376,11040530432.0
231,CGON,0.7744394618834081,0.8340807174887892,71.98,3.8522666,0.3905312885578043,1036593.0,0.8385650224215246,0.7309417040358744,0.7085201793721974,6348814336.0
232,CHA,0.726126126126126,0.6486486486486487,11.6235,5.6681805,0.3720290395299714,676044.0,0.918918918918919,0.7747747747747747,0.3423423423423423,2217337600.0
233,CHDN,0.8043062200956937,0.861244019138756,91.895,5.699326,1.7402153056501437,920366.0,0.6842105263157895,0.9521531100478468,0.7272727272727273,6404797440.0
234,CHE,0.8036069651741293,0.9975124378109452,541.465,4.604645,1.1073711727736857,203509.0,0.7960199004975125,0.6592039800995025,0.972636815920398,7187463168.0
235,CHEF,0.9387626262626262,0.9166666666666666,111.69,11.489322,1.681033313530004,523481.0,0.9671717171717172,0.9292929292929292,0.9166666666666666,4554453504.0
236,CHRD,0.8795212765957447,0.952127659574468,122.36,4.233752,1.529501120279933,802478.0,0.8271276595744681,0.9441489361702128,0.8218085106382979,6888768000.0
237,CHRN,0.9512285012285012,0.8796068796068796,29.63,28.770096,2.6346777335063294,326019.0,0.9975429975429976,0.9705159705159704,0.8722358722358723,4302715392.0
238,CHRW,0.8089207048458149,0.8325991189427313,205.025,3.810027,1.1339689434975593,1733872.0,0.7180616740088106,0.8656387665198237,0.8568281938325991,24166920192.0
239,CHTR,0.9325163398692812,0.7843137254901961,149.66,11.9874325,2.596660968465438,3322101.0,0.954248366013072,0.9836601307189542,0.8790849673202614,23448485888.0
240,CHYM,0.903204625525628,0.4844868735083532,31.25,20.563272,6.383603356977986,5450140.0,0.9785714285714284,0.9928400954653938,0.8238095238095238,11906847744.0
241,CIB,0.9278761061946904,0.9380530973451328,99.61,8.912733,1.1295905868580225,369016.0,0.9424778761061948,0.9247787610619468,0.9026548672566372,23633989632.0
242,CIEN,0.9231117824773416,0.8610271903323263,441.25,13.862153,0.9605537836302738,2700766.0,0.9697885196374624,0.8640483383685801,0.9758308157099698,62460227584.0
243,CIFR,0.8678466076696166,0.168141592920354,19.935,13.525058,0.6444259359883842,24969968.0,0.9941002949852508,0.9705014749262536,0.8171091445427728,8154395136.0
244,CIGI,0.8008591065292096,0.9347079037800688,103.41,8.749614,0.200804637581721,256513.0,0.979381443298969,0.5292096219931272,0.8969072164948454,5284646400.0
245,CLBK,0.8865606936416185,0.861271676300578,24.5,4.611443,31.49889083302785,529226.0,0.9104046242774566,1.0,0.6589595375722543,2549426688.0
246,CLBT,0.8061538461538461,0.5384615384615384,11.0,5.363989,2.9823683472261293,2570037.0,0.9476923076923076,0.966153846153846,0.4123076923076923,2758645248.0
247,CLDX,0.8502659574468086,0.8430851063829787,39.93,5.21739,1.765132887438004,953288.0,0.8962765957446809,0.9335106382978724,0.6276595744680851,3134188544.0
248,CLF,0.8366920152091255,0.1977186311787072,11.055,16.984133,2.558134787030202,19000018.0,0.9961977186311788,0.9771863117870724,0.6311787072243346,6305934336.0
249,CLH,0.9516169154228856,0.9751243781094528,329.0,8.358627,2.1657581244819237,529603.0,0.9577114427860696,0.9253731343283582,0.9751243781094528,17386344448.0
250,CLMT,0.9314320388349516,0.7985436893203883,45.47,15.172243,2.6678001200480197,999600.0,0.9854368932038836,0.9635922330097088,0.8470873786407767,3962580736.0
251,CLS,0.9720651622133,0.8688172043010752,350.2,10.0427,3.5350898338654995,2128095.0,0.9828326180257512,0.9870967741935484,0.9785407725321889,40263581696.0
252,CLSK,0.8402654867256637,0.1386430678466076,14.335,10.015351,0.5119013337186407,22707413.0,0.9882005899705014,0.9616519174041298,0.7197640117994101,3678484480.0
253,CME,0.8754716981132075,0.8364779874213837,251.955,6.139943,0.4012140593663397,3335257.0,0.9182389937106918,0.8050314465408805,0.9433962264150944,91037073408.0
254,CMG,0.7752559726962457,0.3924914675767918,36.57,3.74468,0.7586318369324,18993350.0,0.9453924914675768,0.7713310580204779,0.6757679180887372,46909579264.0
255,CMPR,0.8163956639566395,0.956639566395664,98.7,4.223865,1.5539145136725028,214701.0,0.8048780487804879,0.8130081300813008,0.7723577235772358,2391707136.0
256,CNH,0.7774539877300614,0.1901840490797546,11.365,10.878047,1.523294038306585,11951470.0,0.9693251533742332,0.9785276073619632,0.3834355828220859,14092038144.0
257,CNK,0.855635838150289,0.684971098265896,31.94,4.996714,1.3772469914916352,2249786.0,0.9248554913294798,0.9046242774566474,0.7341040462427746,3730201088.0
258,CNQ,0.721556886227545,0.5269461077844312,42.41,4.227086,0.428589551865444,9514196.0,0.7664670658682635,0.7664670658682635,0.6616766467065869,88454955008.0
259,CNR,0.8237938970337537,0.8949880668257757,89.98,7.52868,1.5162488521579431,653400.0,0.888095238095238,0.7255369928400954,0.8476190476190476,4535676928.0
260,CNS,0.875147928994083,0.9792899408284024,84.65,4.41594,1.4960794813114553,293201.0,0.8668639053254438,0.878698224852071,0.8313609467455622,4351484928.0
261,COAG,0.8106132075471698,0.8915094339622641,43.31,9.617826,0.9148930117712654,351534.0,0.964622641509434,0.6627358490566038,0.7594339622641509,2022811264.0
262,COGT,0.813972286374134,0.651270207852194,42.84,10.241893,1.9216795102734567,2449857.0,0.8891454965357968,0.8822170900692841,0.6443418013856813,7319985152.0
263,COHR,0.941978056147832,0.817910447761194,388.88,16.354498,1.2074820249355758,5620564.0,0.9672619047619048,0.9223880597014924,0.9940476190476192,76080226304.0
264,COHU,0.8486404833836858,0.716012084592145,57.485,8.831883,1.129430017608834,1375446.0,0.9093655589123868,0.9154078549848944,0.6918429003021148,2721249792.0
265,COIN,0.92373595505618,0.6348314606741573,165.465,13.153936,1.121218189023708,7910595.0,0.9691011235955056,0.9382022471910112,0.9634831460674156,43655778304.0
266,COKE,0.801923076923077,0.925824175824176,199.07,6.8660126,0.3884143126177024,597375.0,0.903846153846154,0.6126373626373627,0.8928571428571429,13250955264.0
267,COMP,0.731967213114754,0.2229508196721311,12.525,7.234583,0.6991872000392559,14020793.0,0.9573770491803278,0.8622950819672132,0.3639344262295082,9358091264.0
268,CON,0.8502427184466019,0.7742718446601942,34.48,12.901109,1.4568715928138498,964689.0,0.9320388349514565,0.8640776699029126,0.720873786407767,4412122112.0
269,CORT,0.9538732394366196,0.8450704225352113,118.32,27.294249,3.85882069557698,1154121.0,0.9859154929577464,0.988262910798122,0.892018779342723,12701840384.0
270,CORZ,0.7957559681697612,0.2838196286472148,22.7601,9.84609,1.204049779565763,13776898.0,0.9416445623342176,0.920424403183024,0.5782493368700266,7313740288.0
271,CPK,0.8691489361702127,0.9920212765957448,133.91,3.91092,1.4739070398374627,164393.0,0.7925531914893617,0.9361702127659576,0.824468085106383,3214477568.0
272,CPRT,0.8297720797720798,0.3817663817663818,31.61,7.5535936,1.4062169323485203,12156896.0,0.9487179487179488,0.8945868945868946,0.7321937321937322,29264900096.0
273,CPRX,0.7973988439306356,0.6502890173410405,31.49,0.0,5.82861818759719,2661671.0,0.5317919075144508,0.9942196531791908,0.9913294797687862,3854925568.0
274,CR,0.8093896713615023,0.9647887323943662,226.14,3.68638,1.3062014701704412,531503.0,0.6995305164319249,0.8356807511737089,0.8779342723004695,13058610176.0
275,CRC,0.7968926553672316,0.847457627118644,54.48,4.6078477,1.4296689128190292,801964.0,0.7372881355932204,0.940677966101695,0.6242937853107344,4837546496.0
276,CRCL,0.8915902140672782,0.5443425076452599,66.14,4.96747,2.3922249349625018,14696906.0,0.9235474006116208,0.9755351681957186,0.8623853211009175,17678606336.0
277,CRDO,0.8513473053892217,0.6616766467065869,274.175,13.337599,0.4525403211531981,8700396.0,0.9850299401197604,0.7005988023952096,0.9760479041916168,51127578624.0
278,CRL,0.9170454545454546,0.9431818181818182,263.34,12.48078,0.7311573491266347,892868.0,0.9772727272727272,0.8106060606060606,0.9848484848484848,12684489728.0
279,CRM,0.79009009009009,0.5945945945945946,172.32,5.5106535,0.3231564217897735,14961055.0,0.9009009009009008,0.6666666666666666,0.90990990990991,141130088448.0
280,CRNX,0.986436170212766,0.8856382978723404,83.53,98.739,62.23965255660432,1295175.0,1.0,1.0,0.9893617021276596,8807420928.0
281,CROX,0.8891437308868502,0.9235474006116208,132.78,4.444271,1.221416600438956,1214245.0,0.8837920489296636,0.8562691131498471,0.9388379204892966,6597791232.0
282,CRSP,0.8937704918032786,0.7213114754098361,59.39,6.7781386,0.7248296535390406,1716355.0,0.9573770491803278,0.9442622950819672,0.780327868852459,5848972288.0
283,CRVL,0.7547348484848485,0.9507575757575758,63.66,7.7157383,0.4911855078893834,211867.0,0.8181818181818182,0.6401515151515151,0.7462121212121212,3247236864.0
284,CRWD,0.8633986928104574,0.9281045751633988,745.8708,6.3873053,0.8123447573381991,3378179.0,0.8104575163398693,0.8366013071895425,0.9705882352941176,189872455680.0
285,CRWV,0.9205955334987592,0.4317617866004963,107.73,19.275913,3.015981405143972,28433670.0,0.9900744416873448,0.9751861042183624,0.9478908188585607,58774298624.0
286,CSL,0.8150743099787686,0.9660297239915074,378.53,7.26876,1.133440063420322,388519.0,0.910828025477707,0.583864118895966,0.9766454352441614,15317244928.0
287,CSW,0.928669724770642,1.0,346.95,8.785633,1.270098749530403,149064.0,0.9128440366972476,0.8899082568807339,0.9885321100917432,5653025280.0
288,CSX,0.8337920489296635,0.5290519877675841,52.81,5.7680774,2.341523773282061,12445526.0,0.9021406727828746,0.9235474006116208,0.709480122324159,98128314368.0
289,CTAS,0.9343617021276596,0.8,206.25,7.2152653,1.9532529875848916,2147303.0,0.9617021276595744,0.946808510638298,0.9319148936170212,82528231424.0
290,CTSH,0.8375,0.48,55.97,11.250248,1.6951256245642112,10650226.0,0.9725,0.8175,0.815,26473809920.0
291,CVE,0.7658682634730538,0.4910179640718562,26.54,5.2756915,0.5023800739484775,8367177.0,0.8682634730538922,0.844311377245509,0.5868263473053892,49492295680.0
292,CVI,0.7966755319148936,0.800531914893617,33.46,8.04004,0.8875390449405826,954349.0,0.9867021276595744,0.648936170212766,0.7207446808510638,3363753728.0
293,CVLT,0.812111111111111,0.9377777777777778,149.46,5.0242496,1.2183166394906435,772740.0,0.7222222222222222,0.8311111111111111,0.8733333333333333,6190885888.0
294,CVSA,0.9235677083333332,0.9713541666666666,140.58,13.133752,1.2540793157808052,340008.0,0.9453125,0.8697916666666666,0.9557291666666666,4784062464.0
295,CWST,0.833864118895966,0.8343949044585988,91.24,5.87143,1.6411684543409513,766825.0,0.8280254777070064,0.8768577494692145,0.7685774946921444,5803770880.0
296,CXT,0.8247041420118343,0.8905325443786982,45.35,5.76025,1.447099430487414,811220.0,0.8816568047337278,0.8076923076923077,0.7218934911242604,2609546240.0
297,CXW,0.774715909090909,0.6875,34.56,7.096377,0.3383531894706981,1258469.0,0.9204545454545454,0.7784090909090909,0.5568181818181818,3417758976.0
298,CYTK,0.777906976744186,0.689922480620155,74.405,4.237884,0.4227473730140527,2367447.0,0.7829457364341085,0.8837209302325582,0.627906976744186,10102010880.0
299,DAC,0.8466360856269113,0.9847094801223242,137.44,3.97156,1.837735929901236,93354.0,0.8103975535168195,0.8623853211009175,0.8134556574923547,2501898496.0
300,DAO,0.7738461538461537,0.9333333333333332,17.505,7.4062667,0.3968797193939689,82108.0,0.9794871794871794,0.7128205128205128,0.441025641025641,2111709184.0
301,DASH,0.8784688995215311,0.7583732057416268,167.975,11.552002,1.1369255449655562,4588501.0,0.9665071770334928,0.7990430622009569,0.9234449760765552,73189851136.0
302,DAVE,0.9046650717703348,0.9593301435406698,306.355,6.825794,1.914661319461261,574007.0,0.8133971291866029,0.9641148325358851,0.9330143540669856,3895073280.0
303,DB,0.8075409836065572,0.5409836065573771,35.975,6.246302,0.5491904942973402,2992814.0,0.9311475409836064,0.8655737704918033,0.6229508196721312,68826062848.0
304,DDOG,0.9285194174757282,0.8106796116504854,260.78,11.477796,1.5815722824606608,5319693.0,0.9781553398058253,0.8786407766990292,0.9878640776699028,93639581696.0
305,DDS,0.8987277353689567,0.9974554707379136,643.8,5.172015,1.6674383142791678,126569.0,0.7862595419847328,0.9338422391857506,0.9847328244274808,10054257664.0
306,DECK,0.7933187964373066,0.7462365591397849,103.92,6.33377,1.320784480300968,2269477.0,0.8648068669527897,0.7483870967741936,0.7703862660944206,14152017920.0
307,DELL,0.8981132075471697,0.7735849056603774,445.0,10.107635,0.3992027376632285,8723352.0,0.9748427672955976,0.7987421383647799,1.0,287533367296.0
308,DEO,0.8468232185475622,0.8329355608591885,92.8,4.94176,3.0596813860702503,1123868.0,0.7785714285714286,0.9498806682577564,0.7928571428571428,51587518464.0
309,DFTX,0.921656050955414,0.5923566878980892,42.13,16.4456,5.061124357586573,2461032.0,0.9978768577494692,0.9978768577494692,0.8195329087048833,4594983936.0
310,DG,0.8257317073170731,0.6560975609756098,127.445,5.0832796,0.784748863024535,3411903.0,0.8902439024390244,0.824390243902439,0.8,28112664576.0
311,DGII,0.905570519377202,0.9307875894988068,83.01,14.1031,1.9447513528235856,389186.0,0.9571428571428572,0.847255369928401,0.9047619047619048,3129659648.0
312,DGX,0.9668195718654434,0.9418960244648318,227.9,8.61173,4.330741909932545,866062.0,0.963302752293578,0.9847094801223242,0.9541284403669724,25227716608.0
313,DHR,0.9077981651376148,0.8287461773700305,192.5,7.45785,1.927966045030453,5010165.0,0.9510703363914372,0.8746177370030581,0.9296636085626911,135324811264.0
314,DINO,0.8700549450549451,0.7967032967032966,78.62,6.32946,1.48244749926475,2315539.0,0.9175824175824177,0.8681318681318682,0.8269230769230769,14173255680.0
315,DIOD,0.9365921787709496,0.9273743016759776,103.48,6.4718595,3.495388193269886,633808.0,0.9189944134078212,0.9860335195530726,0.8854748603351955,4765430272.0
316,DJT,0.7457765667574932,0.3079019073569482,8.61,7.356598,0.9553366872259076,4369649.0,0.9727520435967304,0.9237057220708448,0.2561307901907357,2384572416.0
317,DK,0.8228021978021978,0.8159340659340659,56.05,7.1292,1.1423481954005577,1247673.0,0.9423076923076924,0.717032967032967,0.8021978021978022,3435166720.0
318,DKL,0.788826815642458,0.9608938547486032,54.01,3.2696,4.739686916303477,112430.0,0.6005586592178771,0.9916201117318436,0.6773743016759777,2873186048.0
319,DKS,0.7265536723163842,0.9548022598870056,228.835,3.9970067,0.3495942441446048,1151801.0,0.7909604519774012,0.4858757062146893,0.9209039548022598,20481312768.0
320,DLB,0.8737127371273713,0.8373983739837398,58.81,13.5767,1.4726244123879677,935779.0,0.981029810298103,0.7913279132791328,0.8482384823848238,5563315200.0
321,DLO,0.8515452538631346,0.4768211920529801,14.67,12.889574,4.812371189798399,2402760.0,0.9867549668874172,0.9933774834437086,0.5540838852097131,4316928000.0
322,DLR,0.973051948051948,0.8246753246753247,204.235,13.881457,1.2895702908337725,2789119.0,0.9902597402597404,0.9902597402597404,0.987012987012987,76847300608.0
323,DNLI,0.7970414201183433,0.7071005917159763,23.49,7.113541,1.3804335468738356,1838371.0,0.940828402366864,0.7692307692307693,0.6390532544378699,3728091904.0
324,DNTH,0.8720414201183432,0.9230769230769232,105.6,10.749869,1.0713917031662463,949326.0,0.9911242603550297,0.6923076923076923,0.9526627218934912,5772753920.0
325,DOCN,0.911993769470405,0.7912772585669782,145.91,11.067983,0.8014610060317509,4180544.0,0.9937694704049844,0.8411214953271028,0.9532710280373832,15227778048.0
326,DOCS,0.9248697916666666,0.5130208333333334,29.13,40.997093,13.13658429193905,4156210.0,1.0,0.9973958333333334,0.8723958333333334,5236220416.0
327,DOCU,0.8608258928571428,0.6495535714285714,64.09,10.309807,1.3651396627809085,3754651.0,0.9553571428571428,0.8415178571428571,0.8348214285714286,12237639680.0
328,DOO,0.950923076923077,0.966153846153846,68.58,7.500594,3.3594893412226763,232719.0,0.9876923076923076,0.9784615384615384,0.8307692307692308,5030098432.0
329,DORM,0.9749417249417248,0.9673659673659674,150.8,18.10777,4.9088695713629455,282990.0,0.9790209790209792,1.0,0.9277389277389276,4506324480.0
330,DOW,0.7310580204778157,0.4402730375426621,30.175,3.9441905,0.6464402532550316,12468696.0,0.955631399317406,0.6348122866894198,0.6518771331058021,21748371456.0
331,DPC,0.982843137254902,1.0,45.785,38.742424,49880.68333333333,300.0,1.0,1.0,0.9142156862745098,6454321664.0
332,DPZ,0.9030851063829788,0.9425531914893616,329.67,6.0475497,1.3470715996016358,943860.0,0.9297872340425531,0.825531914893617,0.9723404255319148,10965441536.0
333,DRD,0.8920485175202155,0.8517520215633423,27.82,14.4855995,1.1657371175932514,314848.0,0.981132075471698,0.9299191374663072,0.6900269541778976,2413100288.0
334,DSC,0.8394273127753303,0.698237885462555,7.71,39.673916,1.4467319947920236,364825.0,1.0,0.8502202643171806,0.6101321585903083,7721178624.0
335,DSGX,0.8425531914893616,0.8531914893617021,75.91,6.4208636,1.2837753844901645,540586.0,0.9382978723404256,0.8063829787234043,0.7329787234042553,6504790528.0
336,DT,0.8893617021276596,0.5797872340425532,50.86,11.2667,3.2740024821434277,5605639.0,0.9547872340425532,0.9601063829787234,0.8058510638297872,14824456192.0
337,DUOL,0.894736842105263,0.9287925696594428,139.64,7.2833405,1.1539779272416484,1345550.0,0.9814241486068112,0.8018575851393189,0.8885448916408669,6506262528.0
338,DV,0.8160714285714284,0.4452380952380952,13.21,12.8096,12.046493593694606,3085866.0,0.930952380952381,0.9952380952380953,0.4869047619047619,2027261952.0
339,DXCM,0.9028455284552844,0.6612466124661247,83.45,11.953308,2.0671903151906568,5691222.0,0.975609756097561,0.913279132791328,0.8780487804878049,32201099264.0
340,DXPE,0.900038924877827,0.9904534606205252,198.21,17.7229,1.655727889784523,158671.0,0.9738095238095238,0.7637231503579952,0.9642857142857144,3073307904.0
341,DYN,0.8215976331360947,0.6923076923076923,19.2,6.2534647,1.9878525955819857,1709501.0,0.908284023668639,0.9201183431952664,0.5621301775147929,3174024960.0
342,E,0.8462418300653596,0.8725490196078431,53.7799,7.0672903,0.8631459107353557,410196.0,0.937908496732026,0.8235294117647058,0.7124183006535948,78034706432.0
343,EA,0.731420233463035,0.8404669260700389,209.7,0.0,15.69805318144808,3085136.0,0.2782101167315175,1.0,1.0,52925640704.0
344,EAT,0.9557071960297766,0.9305210918114144,245.89,11.0715,2.1230180232791915,1044538.0,0.9602977667493796,0.9528535980148884,0.9652605459057072,10545679360.0
345,EBAY,0.7445512820512821,0.7660256410256411,102.84,1.8823003,1.296196599108893,4074932.0,0.6378205128205128,0.9006410256410257,0.6474358974358975,45763796992.0
346,ECG,0.8321969696969697,0.9204545454545454,147.29,8.174199,0.6202663374195255,623645.0,0.8484848484848485,0.7424242424242424,0.9166666666666666,7517918208.0
347,ECO,0.8207770270270269,0.8716216216216216,63.28,4.9593596,0.9571374717518965,496051.0,0.8378378378378378,0.8412162162162162,0.7297297297297297,2470745856.0
348,ECPG,0.8288691896806455,0.9522673031026252,97.88,5.5993037,1.759236008173885,352831.0,0.8285714285714286,0.7995226730310262,0.819047619047619,2098587520.0
349,EDU,0.926125,0.88,58.58,15.3377,2.3766541103186096,605537.0,0.9825,0.915,0.87,9765996544.0
350,EFX,0.8312095032397409,0.8596112311015118,172.07,6.10471,1.2560430267292302,1741801.0,0.9006479481641468,0.7213822894168467,0.8876889848812095,20757596160.0
351,EGO,0.811968085106383,0.651595744680851,36.0,13.1364,1.5375154686927486,2748293.0,0.973404255319149,0.7180851063829787,0.773936170212766,9389171712.0
352,EHC,0.8683285032390045,0.8902147971360382,124.82,12.5518,1.5672899688155713,948871.0,0.9452380952380952,0.7398568019093079,0.9476190476190476,12382028800.0
353,EIX,0.5807339449541284,0.6788990825688074,73.555,3.162689,0.1965857740829678,2744751.0,0.5963302752293578,0.5229357798165137,0.6055045871559633,28304992256.0
354,EL,0.9495956873315364,0.7008086253369272,98.965,17.455605,2.68421552515621,3127041.0,0.9919137466307276,0.9865229110512128,0.935309973045822,35805032448.0
355,ELF,0.8939890710382513,0.7650273224043715,67.96,6.2040906,0.95517784468157,3281993.0,0.9344262295081968,0.9453551912568308,0.7978142076502732,4039578112.0
356,ELVN,0.8747706422018349,0.7981651376146789,59.3,8.191932,1.744794246141519,1310425.0,0.8876146788990825,0.9564220183486238,0.7477064220183486,4236290048.0
357,EMAT,0.7131147540983604,0.907103825136612,7.2701,4.921928,0.4827015630421051,112409.0,0.8743169398907104,0.73224043715847,0.3005464480874317,4313712640.0
358,EMBJ,0.8622983870967742,0.8225806451612904,77.12,5.6293664,0.8726031532789421,1324970.0,0.8548387096774194,0.9314516129032258,0.7741935483870968,13724139520.0
359,EME,0.940962441314554,0.9906103286384976,802.64,19.355228,1.743050942601862,427540.0,0.9413145539906104,0.8967136150234741,0.9929577464788732,35743621120.0
360,EMR,0.8241626794258374,0.7751196172248804,145.235,4.0141773,0.9989467224619092,2775147.0,0.8181818181818182,0.8421052631578947,0.8277511961722488,81346117632.0
361,ENLT,0.9409090909090908,0.9722222222222222,90.56,5.9553,2.4086473366965206,199414.0,0.9671717171717172,0.9671717171717172,0.8333333333333334,12652703744.0
362,ENS,0.9285714285714284,0.9642857142857144,202.98,8.708223,0.8286827175477716,531435.0,0.9285714285714286,0.9047619047619048,0.9523809523809524,7399864832.0
363,ENSG,0.7175141242937852,0.9774011299435028,156.86,4.0806804,0.3367668005469303,560949.0,0.8135593220338984,0.4406779661016949,0.903954802259887,9167745024.0
364,ENTG,0.8873205741626794,0.8253588516746412,163.02,8.304544,1.3186147220248872,2792768.0,0.901913875598086,0.8971291866028708,0.8755980861244019,24827947008.0
365,ENVA,0.9743506493506492,0.9935064935064936,236.57,8.618,0.7052710153327042,329557.0,0.9772727272727272,0.9642857142857144,0.9772727272727272,5887020032.0
366,EOSE,0.7631656804733727,0.0798816568047337,7.6,11.600587,1.8414507106843192,25596034.0,0.9911242603550297,0.9112426035502958,0.4467455621301775,2580306432.0
367,EPAM,0.8065194517513499,0.7612903225806451,100.4,6.6157,1.293549819320314,1961759.0,0.8969957081545065,0.7483870967741936,0.7725321888412017,5245343232.0
368,EQH,0.7984042553191489,0.6542553191489362,51.3,6.32124,2.039639143291708,3829775.0,0.8351063829787234,0.8617021276595744,0.6954787234042553,14002752512.0
369,EQIX,0.941396103896104,1.0,1102.8925,6.7091484,0.3451679481922237,587711.0,0.961038961038961,0.8733766233766234,0.9967532467532468,108771942400.0
370,EQNR,0.8470744680851063,0.6063829787234043,36.06,6.30897,1.2512829480870653,4191518.0,0.9654255319148936,0.8909574468085106,0.6835106382978723,85732261888.0
371,EQPT,0.9171253822629968,0.6330275229357798,18.65,16.562498,3.074126407199919,2329804.0,0.9969418960244648,0.9847094801223242,0.8012232415902141,4706795520.0
372,EQR,0.6036697247706422,0.6330275229357798,63.66,-3.50159,2.169146584486086,3434388.0,0.2110091743119266,0.981651376146789,0.6146788990825688,24609972224.0
373,EQT,0.898728813559322,0.5875706214689266,54.01,8.45381,2.4420140660039187,7286931.0,0.9745762711864406,0.96045197740113,0.8135593220338984,33782067200.0
374,ERAS,0.8080188679245282,0.3726415094339622,19.5,8.938549,1.5245357246573263,6838722.0,0.9575471698113208,0.9198113207547168,0.5683962264150944,6064198656.0
375,ERIC,0.7677474402730375,0.2935153583617747,11.715,3.2158568,2.1986407092443376,10754432.0,0.924914675767918,0.9897610921501706,0.3412969283276451,38709321728.0
376,ERIE,0.9536170212765958,0.9765957446808512,225.94,7.4932203,1.8272067820311133,228840.0,0.9702127659574468,0.9319148936170212,0.951063829787234,11814373376.0
377,ERO,0.8411407766990292,0.7451456310679612,36.54,6.49956,2.936783509059286,1203958.0,0.8810679611650486,0.970873786407767,0.5922330097087378,3811218176.0
378,EROC,0.886046511627907,0.5415282392026578,16.49,19.305996,3.819077369331176,2420145.0,0.9933554817275748,0.9867109634551496,0.6943521594684385,4506726912.0
379,ESAB,0.8380382775119617,0.8875598086124402,97.27,6.224743,1.8267689378185408,690061.0,0.7535885167464115,0.9593301435406698,0.7488038277511961,5921964032.0
380,ESLT,0.9034426229508196,1.0,802.66,5.6159363,0.5181177170451762,114308.0,0.8885245901639345,0.839344262295082,0.9934426229508196,37603397632.0
381,ESTC,0.9215401785714284,0.7991071428571429,86.03,11.4956,1.9940064256793868,2057370.0,0.9709821428571428,0.9196428571428572,0.8995535714285714,9011769344.0
382,ETN,0.91680216802168,0.902439024390244,415.2,7.31732,1.7049106139575836,2598616.0,0.943089430894309,0.8563685636856369,0.983739837398374,161222164480.0
383,ETSY,0.7737003058103975,0.7951070336391437,81.05,4.28461,0.7765320526289201,3107873.0,0.8654434250764526,0.6146788990825688,0.8807339449541285,7691339776.0
384,EVCM,0.870674486803519,0.8709677419354839,11.9158,8.522774,3.345655990268136,137281.0,0.9736070381231672,0.9853372434017597,0.4897360703812317,2108509184.0
385,EVR,0.81015625,0.9955357142857144,312.43,4.16069,1.430588486263913,450019.0,0.6339285714285714,0.8504464285714286,0.9553571428571428,12015363072.0
386,EW,0.7998376623376623,0.5941558441558441,86.47,3.1615384,0.5388672742457654,5027713.0,0.75,0.935064935064935,0.7532467532467533,49789427712.0
387,EWTX,0.8987297921478059,0.7297921478060047,44.705,16.479939,2.8887832408913354,1438740.0,0.9722863741339492,0.9607390300230948,0.745958429561201,4809945600.0
388,EXE,0.8576271186440678,0.7627118644067796,93.17,5.1817527,1.380690947088461,3499747.0,0.9293785310734464,0.8333333333333334,0.8220338983050848,22288951296.0
389,EXK,0.7322525597269625,0.2832764505119454,10.205,6.9706497,0.8320121159912119,6823379.0,0.9180887372013652,0.9078498293515358,0.3242320819112628,3022154496.0
390,EXLS,0.90675,0.65,35.99,17.884052,2.905489880901092,2622862.0,0.9925,0.9525,0.805,5498657792.0
391,EXPE,0.909447983014862,0.8768577494692145,262.15,6.96943,1.737165817831233,1669935.0,0.902335456475584,0.8959660297239915,0.961783439490446,31463788544.0
392,FA,0.8772334924423231,0.6229116945107399,24.12,17.315182,2.6957361533081805,1753018.0,0.969047619047619,0.9307875894988068,0.75,4137473536.0
393,FAF,0.9017605633802817,0.8450704225352113,75.13,8.94721,1.5673837305175946,952077.0,0.9741784037558684,0.8873239436619719,0.8286384976525821,7655746560.0
394,FANG,0.8065159574468084,0.8856382978723404,191.6,4.476802,0.9132738292454072,2586601.0,0.8537234042553191,0.6808510638297872,0.9042553191489362,53899632640.0
395,FAST,0.7151877133105803,0.6109215017064846,46.96,1.0109645,0.9191224602679688,7095975.0,0.7781569965870307,0.856655290102389,0.409556313993174,53911724032.0
396,FBIN,0.883204134366925,0.6640826873385013,50.765,10.454744,1.8457955690309733,2617441.0,0.937984496124031,0.9689922480620154,0.7467700258397932,6055930368.0
397,FBP,0.8299435028248587,0.7429378531073446,28.86,4.4139,1.914585554510296,1435050.0,0.884180790960452,0.9293785310734464,0.6045197740112994,4464190464.0
398,FCEL,0.88486646884273,0.3887240356083086,37.46,25.704699,1.772918733340766,9982827.0,0.9940652818991098,0.9584569732937686,0.8130563798219584,2532602112.0
399,FCFS,0.8619999999999999,0.98,206.74,5.9879055,1.1902996601791782,446706.0,0.82,0.8244444444444444,0.9422222222222222,9062797312.0
400,FCNCA,0.9561162079510702,1.0,2212.77,6.5076003,2.6276133252008256,77057.0,0.9204892966360856,0.9541284403669724,1.0,25639309312.0
401,FDS,0.9252202643171806,0.9515418502202644,245.475,6.6911526,1.8972885418063477,939642.0,0.8920704845814978,0.9383259911894272,0.947136563876652,8942930944.0
402,FDXF,0.8213169642857142,0.875,151.99,7.61116,1.014519577790281,1736483.0,0.8883928571428571,0.6763392857142857,0.9308035714285714,22725261312.0
403,FELE,0.8950241922256846,0.9551282051282052,112.48,6.686904,1.329461145616709,288037.0,0.9168443496801706,0.9166666666666666,0.7889125799573561,4969617408.0
404,FERG,0.9484662576687116,0.9079754601226994,253.87,8.338664,4.634637303295186,1379224.0,0.9079754601226994,0.9938650306748468,0.9601226993865032,49234993152.0
405,FFIV,0.8165555555555556,0.9822222222222222,407.96,4.015706,2.2076892418516767,677440.0,0.5222222222222223,0.9777777777777776,0.9666666666666668,23016796160.0
406,FICO,0.889694450880445,0.9975903614457832,1375.68,7.4271703,0.7102004640969447,310280.0,0.935096153846154,0.7518072289156627,0.997596153846154,31903266816.0
407,FIG,0.8549488054607509,0.3003412969283277,23.2464,10.120994,1.0442300981409156,20918900.0,1.0,0.9044368600682594,0.7918088737201365,12282853376.0
408,FIGR,0.9117318435754188,0.6312849162011173,35.755,13.760741,2.3752825891077936,3761203.0,0.9916201117318436,0.9636871508379888,0.8212290502793296,7995864576.0
409,FIGS,0.8671116504854368,0.4441747572815534,14.52,29.181501,2.689341057607751,3271591.0,0.9951456310679612,0.9684466019417476,0.6771844660194175,2425526016.0
410,FIS,0.6926829268292684,0.4512195121951219,43.185,4.640177,0.4253878980030353,6655100.0,0.8333333333333334,0.7032520325203252,0.5487804878048781,22321426432.0
411,FISV,0.7704918032786886,0.639344262295082,49.645,3.6213746,0.937235596025332,6718649.0,0.7431693989071039,0.9289617486338798,0.6065573770491803,26473394176.0
412,FIVE,0.8106382978723404,0.8333333333333334,200.925,4.09004,0.3836436170212766,1266368.0,0.7553191489361702,0.8262411347517731,0.8687943262411347,11110218752.0
413,FIVN,0.8958333333333333,0.611904761904762,33.99,19.80966,2.4903651156279136,3117889.0,0.9833333333333332,0.9428571428571428,0.8023809523809524,2602409984.0
414,FIX,0.8547112462006079,1.0,1781.64,5.7390814,0.5148436331961752,461511.0,0.7051671732522796,0.8814589665653495,0.9969604863221884,62685163520.0
415,FIZZ,0.9372131147540984,0.8590163934426229,34.94,12.709674,1.4857276457101485,331480.0,0.9934426229508196,0.9836065573770492,0.7967213114754098,3271505664.0
416,FLEX,0.8155637254901961,0.6715686274509803,161.075,6.9129114,0.8361341368941712,6589835.0,0.9411764705882352,0.6887254901960784,0.8897058823529411,59014324224.0
417,FLR,0.9195238095238096,0.7166666666666667,57.0,16.9231,2.7161646783250464,2717759.0,0.9738095238095238,0.9547619047619048,0.8642857142857143,7961183744.0
418,FLUT,0.7936936936936937,0.7612612612612613,116.78,5.530449,0.321737089643875,2974124.0,0.9054054054054054,0.6531531531531531,0.8603603603603603,20259127296.0
419,FN,0.9198776758409786,0.9602446483180428,525.71,15.302122,0.5553921583339085,999609.0,0.9755351681957186,0.8103975535168195,0.9938837920489296,18836054016.0
420,FNB,0.6819112627986348,0.515358361774744,18.925,0.5045104,1.8397125553835028,5103731.0,0.7474402730375427,0.9795221843003412,0.1296928327645051,6736617472.0
421,FND,0.8166666666666668,0.6604938271604939,58.415,5.6329145,1.296725747036079,2844374.0,0.8580246913580247,0.9074074074074074,0.6635802469135802,6314319872.0
422,FNF,0.7527845036319613,0.7094430992736077,51.66,6.274428,0.7251606165888935,1610668.0,0.9346246973365616,0.6246973365617433,0.6803874092009685,13904677888.0
423,FNV,0.8477272727272727,0.9282296650717704,221.88,5.9295316,1.6103291221030478,854303.0,0.7200956937799043,0.937799043062201,0.8732057416267942,42790789120.0
424,FOIL,0.9388646288209608,1.0,27.8782,26.608067,inf,0.0,1.0,1.0,0.6943231441048034,2159003648.0
425,FORM,0.839119170984456,0.772020725388601,103.37,23.87059,0.8590312899639481,1867308.0,0.9766839378238342,0.7072538860103627,0.8626943005181347,8058184704.0
426,FOUR,0.8532908704883228,0.6475583864118896,44.22,14.3522,1.4851986872151648,1754743.0,0.9957537154989384,0.8046709129511678,0.7919320594479831,4383526400.0
427,FOX,0.6254966887417218,0.7218543046357616,60.83,4.698801,0.1535214444095408,1738122.0,0.7417218543046358,0.4569536423841059,0.6688741721854304,25527318528.0
428,FOXA,0.8113960113960113,0.6296296296296297,69.04,5.48511,1.0856623171983133,6168570.0,0.8689458689458689,0.8005698005698005,0.8205128205128205,28972646400.0
429,FPS,0.7150709219858156,0.5460992907801419,40.92,3.3855388,1.0505363108943024,7155924.0,0.6312056737588653,0.925531914893617,0.5780141843971631,12457230336.0
430,FRHC,0.9794052863436122,0.9911894273127754,157.11,20.418486,2.556363182948386,136339.0,0.9955947136563876,0.9669603524229076,0.9669603524229076,9629677568.0
431,FRMI,0.8059299191374663,0.0862533692722372,7.12,21.088432,2.574421992712824,18990072.0,0.9919137466307276,0.954177897574124,0.5808625336927223,4543153152.0
432,FRO,0.7350877192982457,0.5394736842105263,38.99,5.606727,0.3597240876497423,3094316.0,0.8245614035087719,0.8157894736842105,0.5350877192982456,8680067072.0
433,FROG,0.9315909428359316,0.7216035634743875,87.58,11.14213,7.547359503094417,2623919.0,0.9844444444444445,0.9821826280623608,0.8555555555555555,10607666176.0
434,FRPT,0.9484,0.792,71.47,14.571979,4.06901490248621,1570342.0,0.984,0.9813333333333332,0.9066666666666666,3512235520.0
435,FRSH,0.6796928327645051,0.1945392491467577,10.825,4.4884186,0.6796124644296428,17068988.0,0.9795221843003412,0.6757679180887372,0.4044368600682594,2992399872.0
436,FRVO,0.7053672316384182,0.5649717514124294,21.285,5.5817413,0.4712782357467408,3354303.0,0.8700564971751412,0.7062146892655368,0.4858757062146893,6271517696.0
437,FSLR,0.957361963190184,0.8343558282208589,238.14,12.846515,0.9316874498949624,2392474.0,0.9846625766871164,0.9478527607361964,0.9877300613496932,25592856576.0
438,FSLY,0.8851681957186543,0.4281345565749235,27.5891,20.16159,1.2862418266388136,6447164.0,0.9938837920489296,0.9480122324159022,0.8134556574923547,4394943488.0
439,FSS,0.8144366197183099,0.9178403755868544,124.55,11.3445,1.7134350378730263,525968.0,0.7582159624413145,0.8450704225352113,0.8075117370892019,7597831168.0
440,FSV,0.8905099150141643,0.980169971671388,139.015,6.005033,0.8793318088309303,226522.0,0.9121813031161472,0.8470254957507082,0.8838526912181303,6392595968.0
441,FTAI,0.9466101694915254,0.9265536723163842,222.49,5.8216434,2.0867959488800025,1266119.0,0.9548022598870056,0.9378531073446328,0.9576271186440678,22823686144.0
442,FTDR,0.8763001477440618,0.9045346062052506,89.92,17.7272,1.5424151228943432,576186.0,0.9761904761904762,0.7303102625298329,0.9428571428571428,6315524096.0
443,FWONA,0.8635087719298246,0.9929824561403509,92.39,4.762441,0.7509838503757716,151954.0,0.856140350877193,0.8842105263157894,0.775438596491228,23153461248.0
444,FWONK,0.8768421052631579,0.8245614035087719,100.925,4.9880433,0.8377394584984643,2027178.0,0.887719298245614,0.9228070175438596,0.8035087719298246,25292382208.0
445,GDDY,0.8624233128834355,0.7177914110429447,88.875,7.4147964,0.8301341191043109,2493008.0,0.8773006134969326,0.9171779141104296,0.8128834355828221,11767924736.0
446,GDS,0.8179166666666666,0.6583333333333333,34.69,5.9560075,1.2518031517087185,2344506.0,0.8875,0.8875,0.6541666666666667,6951099392.0
447,GE,0.7409937888198758,0.8509316770186336,356.43,3.0949845,0.3329062779823972,5581634.0,0.6273291925465838,0.7142857142857143,0.9316770186335404,372408614912.0
448,GEF,0.839625,0.9675,87.21,4.61852,2.237048493724422,219183.0,0.8,0.9025,0.735,4954935808.0
449,GEF-B,0.7844961240310077,0.992248062015504,88.6,3.4563277,1.0851456765621983,36279.0,0.627906976744186,0.9844961240310076,0.6046511627906976,3355940352.0
450,GEHC,0.910125,0.645,71.9,12.150991,2.7718692534916505,5434822.0,0.9775,0.94,0.8725,32706719744.0
451,GENB,0.7250950570342205,0.596958174904943,17.83,5.4405684,0.9208602242149284,704235.0,0.779467680608365,0.9391634980988594,0.3193916349809886,2285671936.0
452,GEO,0.7679936305732483,0.8343949044585988,30.6,3.86966,1.0628419260261952,2007927.0,0.8121019108280255,0.7579617834394905,0.6751592356687898,4088719616.0
453,GEV,0.8826923076923077,0.9763313609467456,1048.86,6.7705,1.3398062627741485,2640587.0,0.9289940828402368,0.742603550295858,1.0,281849659392.0
454,GFF,0.8989333333333333,0.9546666666666668,103.094,10.166701,1.9086516853932585,356000.0,0.9413333333333334,0.8346666666666667,0.9093333333333332,4728574464.0
455,GFI,0.809025787965616,0.5931232091690545,37.585,10.187624,1.134893052928099,3620950.0,0.9455587392550144,0.7707736389684814,0.7449856733524355,33616719872.0
456,GFL,0.8837919183291644,0.5914221218961625,40.49,8.03096,2.5527256209506684,2901559.0,0.954954954954955,0.984198645598194,0.7297297297297297,14615728128.0
457,GGAL,0.9200305810397552,0.8746177370030581,53.73,8.787205,1.3255062666387485,1203516.0,0.9755351681957186,0.8807339449541285,0.9143730886850152,9104733184.0
458,GGG,0.8504587155963302,0.8562691131498471,77.75,5.23823,1.8881202442303149,1426031.0,0.8746177370030581,0.8685015290519877,0.7737003058103975,12904026112.0
459,GH,0.9605726872246696,0.8370044052863436,170.77,13.823906,2.5768953950978863,2585701.0,0.9911894273127754,0.9691629955947136,0.9537444933920703,22644090880.0
460,GHRS,0.8939473684210525,0.7921052631578948,29.635,10.0443945,4.058252757342522,264657.0,0.9842105263157894,0.9947368421052633,0.6105263157894737,2033225344.0
461,GIB,0.8364427860696517,0.900497512437811,75.09,5.16806,1.6728998744009658,492042.0,0.8482587064676617,0.8706467661691543,0.7238805970149254,15725350912.0
462,GIL,0.8865384615384615,0.8550295857988166,53.13,5.54231,4.452432863275002,1308561.0,0.8727810650887574,0.9881656804733728,0.7485207100591716,9838664704.0
463,GILD,0.848404255319149,0.7393617021276596,136.36,5.2079315,1.252292806971384,7323883.0,0.8936170212765957,0.8085106382978723,0.8936170212765957,169300475904.0
464,GIS,0.8492273730684327,0.4083885209713024,37.77,8.53449,2.462606767057159,9601042.0,0.955849889624724,0.9602649006622516,0.6887417218543046,20157138944.0
465,GKOS,0.9389303482587064,0.9054726368159204,162.57,7.4274797,2.5121014885795216,995580.0,0.9477611940298508,0.9502487562189056,0.9203980099502488,9548372992.0
466,GLUE,0.7550295857988165,0.7603550295857988,24.56,6.0449033,1.0267533479133586,1168265.0,0.9319526627218936,0.6479289940828402,0.6301775147928994,2074814464.0
467,GLW,0.915374677002584,0.6563307493540051,253.455,14.659579,1.268843203045638,13968830.0,0.9767441860465116,0.9018087855297158,0.9612403100775194,218132955136.0
468,GLXY,0.7688790560471975,0.4365781710914454,23.415,8.258124,0.2383925322887712,6522159.0,0.9793510324483776,0.6460176991150443,0.7817109144542773,9129510912.0
469,GM,0.8026666666666666,0.6044444444444445,82.84,4.1750503,0.8156407446808646,7896913.0,0.8266666666666667,0.8622222222222222,0.7555555555555555,74693943296.0
470,GMAB,0.7328897338403042,0.4980988593155893,27.56,5.9185205,0.7313729770355367,1809535.0,0.8250950570342205,0.8897338403041825,0.4144486692015209,16920072192.0
471,GMED,0.7862864077669903,0.8058252427184466,86.15,4.61445,1.4559592712627318,1815524.0,0.7305825242718447,0.8640776699029126,0.7378640776699029,11694399488.0
472,GNRC,0.8407621247113164,0.9353348729792148,218.63,8.65762,1.5282308696017322,976378.0,0.8060046189376443,0.812933025404157,0.9030023094688222,12870459392.0
473,GOOG,0.8535230352303523,0.6802168021680217,356.65,6.883841,1.371379079626767,22131804.0,0.934959349593496,0.7533875338753387,0.97289972899729,4361806151680.0
474,GOOGL,0.8535230352303523,0.6287262872628726,356.13,6.7344003,1.435697230151145,32282303.0,0.9322493224932248,0.7723577235772358,0.9701897018970188,4355446800384.0
475,GPC,0.9610151187904968,0.8358531317494601,132.57,12.9216,2.5948973671932123,1708177.0,0.9956803455723542,0.980561555075594,0.9287257019438444,18443419648.0
476,GPCR,0.8075443786982249,0.878698224852071,48.48,5.3226175,1.1168973538997906,814595.0,0.9112426035502958,0.7189349112426036,0.7455621301775148,3445692416.0
477,GPI,0.9052825552825552,1.0,319.4,6.75847,1.2477326890880038,183367.0,0.9508599508599508,0.7911547911547911,0.977886977886978,3800282880.0
478,GPN,0.8542899408284024,0.8136094674556213,82.465,5.9688983,0.5361769125979913,3727626.0,0.9023668639053254,0.8106508875739645,0.8668639053254438,22557765632.0
479,GRAL,0.904247572815534,0.9029126213592232,74.84,7.71444,2.004598834577469,693654.0,0.924757281553398,0.9320388349514565,0.8203883495145631,3342820608.0
480,GRBK,0.8118895966029724,0.9341825902335456,80.22,7.60563,1.2308904207150473,231677.0,0.9256900212314224,0.6709129511677282,0.7983014861995754,3461056000.0
481,GRC,0.747457627118644,0.973365617433414,82.12,3.1399145,1.7071401896179932,166018.0,0.5544794188861986,0.9418886198547216,0.6319612590799032,2168809216.0
482,GRDN,0.87797783933518,0.9058171745152356,45.545,15.391428,0.9871245276999612,401228.0,0.96398891966759,0.8282548476454293,0.8005540166204986,2883938048.0
483,GRMN,0.98275,0.9575,294.83,16.235,3.7170935094498567,845198.0,0.9875,0.9825,0.9875,56859791360.0
484,GRND,0.8298013245033111,0.5783664459161147,15.69,9.1858,2.506331366616928,1534029.0,0.9668874172185432,0.9624724061810156,0.4834437086092715,2788520704.0
485,GS,0.957311320754717,0.9693396226415094,1141.74,9.162352,1.5530968845766615,2084821.0,0.9599056603773584,0.9268867924528302,1.0,336821780480.0
486,GSAT,0.8142276422764227,0.8401084010840109,83.38,4.1078796,1.74847033714252,1305353.0,0.7940379403794038,0.8726287262872628,0.7344173441734417,10738420736.0
487,GTES,0.8405149051490515,0.6531165311653117,27.98,8.53374,1.8307468079194649,2022662.0,0.9539295392953928,0.8861788617886179,0.6558265582655827,7083169792.0
488,GTLB,0.8008988764044944,0.4561797752808988,33.86,6.6792717,1.6629414686602495,6055696.0,0.8853932584269663,0.9348314606741572,0.5910112359550562,5718953984.0
489,GVA,0.8890432098765432,0.8611111111111112,124.295,8.157849,1.2121442670809857,904295.0,0.9320987654320988,0.8858024691358025,0.8333333333333334,5437495808.0
490,GWRE,0.8915404040404039,0.8459595959595959,109.63,6.7582,1.3890982629961748,1594700.0,0.9848484848484848,0.8156565656565656,0.8838383838383839,9127395328.0
491,GXO,0.7764127764127764,0.7886977886977887,52.29,5.27482,1.057324536137814,1400901.0,0.8845208845208845,0.6928746928746928,0.7272727272727273,6015890944.0
492,HAE,0.9632307692307692,0.9415384615384615,104.65,15.93,2.695705776941828,854916.0,0.9969230769230768,0.9569230769230768,0.926153846153846,4761266688.0
493,HALO,0.9617577197149644,0.8242280285035629,103.12,20.242538,3.964109148703079,1899537.0,0.985748218527316,0.980997624703088,0.9548693586698336,12231372800.0
494,HAS,0.8873536299765807,0.7822014051522248,88.85,8.899789,3.422476108646306,2034418.0,0.8641686182669789,0.9859484777517564,0.8079625292740047,12571447296.0
495,HBM,0.7995316159250585,0.4285714285714285,23.005,10.388671,1.3799368238670917,5469154.0,0.9227166276346604,0.918032786885246,0.5620608899297423,10213994496.0
496,HCA,0.9166105957819928,0.9096774193548388,418.19,7.33279,1.5353553734247545,1648632.0,0.946351931330472,0.8559139784946237,0.9742489270386266,92771188736.0
497,HCI,0.8448763250883392,0.9893992932862192,196.0,8.353143,0.3398486096750471,180857.0,0.8657243816254417,0.7243816254416962,0.9469964664310954,2501902336.0
498,HCM,0.7544280442804427,0.911439114391144,12.72,4.262299,1.079816826249858,52846.0,0.7785977859778598,0.9077490774907748,0.3653136531365313,2210916352.0
499,HD,0.8190021231422504,0.7855626326963907,342.86,5.67421,1.3590629237072387,4684101.0,0.8046709129511678,0.7600849256900213,0.9639065817409768,341871394816.0
500,HDB,0.784320194478208,0.3710407239819004,27.4,6.32518,1.4785603662834697,8636808.0,0.8984198645598194,0.9049773755656108,0.5801354401805869,140664471552.0
501,HEI-A,0.8524572649572649,0.9401709401709402,257.47,4.67537,1.785072790414204,347848.0,0.7649572649572649,0.903846153846154,0.8717948717948718,35958075392.0
502,HIG,0.6149068322981366,0.8944099378881988,140.85,3.0735545,0.2289964649750094,1727852.0,0.6086956521739131,0.4347826086956521,0.8012422360248447,38611329024.0
503,HII,0.9089201877934272,0.9577464788732394,319.9,14.087,2.2679363447205723,536829.0,0.8568075117370892,0.9366197183098592,0.9272300469483568,12605347840.0
504,HIMS,0.781043956043956,0.2252747252747252,38.03,9.691378,0.5971576061113307,25128537.0,0.956043956043956,0.8406593406593407,0.6483516483516484,8802335744.0
505,HL,0.782345013477089,0.1347708894878706,20.215,12.618381,1.040550254703701,33281024.0,0.967654986522911,0.9056603773584906,0.5660377358490566,13558451200.0
506,HLI,0.8259213759213758,0.9312039312039312,142.9,4.35989,1.2511426506270136,744322.0,0.8058968058968059,0.7936117936117936,0.8648648648648649,9868585984.0
507,HLNE,0.8001152073732719,0.8617511520737328,94.91,6.748397,1.241508139557748,915406.0,0.8110599078341014,0.771889400921659,0.7995391705069125,6361064960.0
508,HNGE,0.8975378787878787,0.7462121212121212,88.92,11.954196,0.9841701747481068,1938619.0,0.9507575757575758,0.9090909090909092,0.8598484848484849,6880641024.0
509,HOG,0.8560693641618496,0.615606936416185,27.82,4.665161,1.8672417157212275,2788052.0,0.916184971098266,0.96242774566474,0.684971098265896,2928564224.0
510,HOMB,0.7914096916299559,0.5814977973568282,30.735,4.933423,1.725676602886076,1764957.0,0.8810572687224669,0.9647577092511012,0.4361233480176211,6190441472.0
511,HON,0.8576233183856502,0.7982062780269058,247.025,6.030199,0.4575728074034466,4621199.0,0.9237668161434978,0.7757847533632287,0.9147982062780268,78264082432.0
512,HONA,0.9582073434125268,0.8747300215982722,247.15,8.737736,2.41535451238646,2047841.0,0.9697624190064796,0.976241900647948,0.9481641468682506,78331658240.0
513,HOOD,0.9050295857988166,0.5,105.2,8.778821,2.2808223114941986,30167984.0,0.9792899408284024,0.9497041420118344,0.8994082840236687,94733131776.0
514,HP,0.9163834951456312,0.7742718446601942,41.87,12.8571,2.5157408489337367,1172459.0,0.9854368932038836,0.9538834951456312,0.8009708737864077,4184443392.0
515,HPE,0.7282485875706215,0.4180790960451977,61.385,4.414012,0.5639557691401705,26490464.0,0.7909604519774012,0.7796610169491526,0.6836158192090396,81286234112.0
516,HQY,0.765789161098738,0.8619153674832962,88.46,6.029005,2.353333197464691,981340.0,0.7466666666666667,0.7683741648106904,0.7466666666666667,7415642112.0
517,HRB,0.9259305210918116,0.684863523573201,54.18,16.0917,3.350342610540403,2244677.0,0.98014888337469,0.9875930521091812,0.8436724565756824,6867868160.0
518,HRI,0.9116207951070336,0.944954128440367,163.25,8.08396,1.808165627077313,580678.0,0.9571865443425076,0.8532110091743119,0.9174311926605504,5451415552.0
519,HRMY,0.8648491879350347,0.7888631090487239,36.84,9.970149,2.369272896367614,830088.0,0.902552204176334,0.965197215777262,0.6612529002320185,2132766208.0
520,HSAI,0.8531890660592255,0.4851936218678815,18.325,16.275385,2.9644544707992733,1776651.0,0.9908883826879272,0.9749430523917996,0.5831435079726651,2879631104.0
521,HSY,0.7797979797979799,0.8737373737373737,179.27,4.90374,1.057357882504438,2045473.0,0.9090909090909092,0.5555555555555556,0.898989898989899,36363730944.0
522,HTFL,0.964804469273743,0.7653631284916201,42.08,35.698166,6.719550253935991,1473009.0,1.0,1.0,0.9413407821229052,3629014272.0
523,HTH,0.7409348441926346,0.8810198300283286,39.97,5.3505607,0.5654859745089057,296888.0,0.8753541076487252,0.6515580736543909,0.5920679886685553,2339451904.0
524,HTHT,0.9270194986072422,0.7632311977715878,46.61,11.294172,2.3409495234623523,1925766.0,0.9888579387186628,0.9610027855153204,0.841225626740947,14333684736.0
525,HUBB,0.8161202185792349,0.994535519125683,512.955,4.74241,0.4061120947700223,629735.0,0.8633879781420765,0.6284153005464481,0.9726775956284152,27105454080.0
526,HUBG,0.882872340425532,0.7553191489361702,51.41,7.552303,1.93412831277204,776540.0,0.9765957446808512,0.9446808510638298,0.674468085106383,3143901952.0
527,HUBS,0.93984375,0.9107142857142856,240.51,14.4632,1.570557520837985,1975119.0,0.9866071428571428,0.8772321428571429,0.9821428571428572,11993319424.0
528,HUM,0.8390532544378699,0.9733727810650888,400.0,3.49824,1.2325890934232344,1622819.0,0.7751479289940828,0.7928994082840237,0.9644970414201184,48024600576.0
529,HURN,0.994375,0.985,170.37,40.372406,5.002712969869382,288245.0,1.0,0.9925,0.9925,2762009344.0
530,HUT,0.9501479289940828,0.8195266272189349,100.92,10.355387,1.0323004377167273,4534211.0,0.9763313609467456,0.9615384615384616,0.9497041420118344,11362997248.0
531,HXL,0.7542600896860987,0.8654708520179372,110.3,3.4515102,0.3490570333473237,1010216.0,0.820627802690583,0.6591928251121076,0.7488789237668162,8319618560.0
532,HYMC,0.8147471910112358,0.5533707865168539,27.045,11.802395,0.8506977646974315,1962911.0,0.9550561797752808,0.8567415730337079,0.6264044943820225,2520098560.0
533,IAG,0.8102137767220902,0.3847980997624703,18.32,14.2857,2.186884247909848,5374728.0,0.9548693586698336,0.9121140142517816,0.5914489311163895,10588959744.0
534,IBKR,0.8548458149779734,0.6828193832599119,93.25,7.1346498,1.4914983973819176,4898547.0,0.9118942731277532,0.8546255506607929,0.8414096916299559,158172725248.0
535,IBM,0.9088383838383838,0.7727272727272727,264.94,5.04322,1.8518567527665,8259985.0,0.9217171717171716,0.9217171717171716,0.9318181818181818,249013223424.0
536,ICHR,0.8547112462006079,0.7811550151975684,98.2518,10.631464,0.4408078615349266,1166388.0,0.9544072948328268,0.8024316109422492,0.8085106382978723,3425750528.0
537,ICLR,0.9466029723991508,0.861995753715499,158.17,10.8642,2.05347661576744,1171858.0,0.9830148619957536,0.929936305732484,0.954352441613588,12116065280.0
538,ICUI,0.9390476190476192,0.9857142857142858,184.56,10.933463,2.849824628531344,313620.0,0.8952380952380953,0.9571428571428572,0.9607142857142856,4612815872.0
539,IDCC,0.8998826291079812,0.971830985915493,302.305,15.763265,1.5976811196487375,364400.0,0.8896713615023474,0.8685446009389671,0.9366197183098592,7813081088.0
540,IDXX,0.882686567164179,0.9850746268656716,565.285,4.5507474,0.842848454843284,654432.0,0.817910447761194,0.8597014925373134,0.9850746268656716,44591374336.0
541,IESC,0.973148148148148,0.9907407407407408,754.61,32.031006,1.4486340252601575,255422.0,1.0,0.925925925925926,1.0,15034765312.0
542,IEX,0.7957070707070707,0.9343434343434344,232.89,3.6679304,1.3175728092458927,694795.0,0.6313131313131313,0.8787878787878788,0.8686868686868687,17237366784.0
543,IFF,0.8418882978723403,0.7845744680851063,88.07,8.87625,1.6727595618054765,2056986.0,0.9202127659574468,0.7686170212765957,0.8617021276595744,22484576256.0
544,ILMN,0.8593418259023354,0.8174097664543525,175.09,6.16019,1.5531479549395857,1702248.0,0.8535031847133758,0.8428874734607219,0.9193205944798302,26491115520.0
545,IMAX,0.9386850152905196,0.8256880733944955,43.96,11.8575,5.547142650506821,1154549.0,0.9877675840978594,0.9969418960244648,0.8073394495412844,2418498560.0
546,IMNM,0.8241379310344827,0.6206896551724138,23.61,9.865057,1.455299865512149,1273721.0,0.9827586206896552,0.8620689655172413,0.5818965517241379,2673841920.0
547,IMOS,0.965511307018079,0.9729119638826184,72.53,13.452211,1.9760852561595617,102280.0,0.9977477477477478,0.9706546275395034,0.8963963963963963,2521933568.0
548,INCY,0.946095529677619,0.7927350427350427,132.14,11.163452,2.3216645116191783,1742421.0,0.9850746268656716,0.97008547008547,0.9125799573560768,26399213568.0
549,INDV,0.7993333333333332,0.7093333333333334,38.73,6.1095877,2.102603163153282,1896462.0,0.8213333333333334,0.888,0.6506666666666666,4570668544.0
550,INFQ,0.833459595959596,0.2297979797979798,15.96,12.3153,2.896860501434586,14586788.0,0.9949494949494948,0.9772727272727272,0.601010101010101,3482422528.0
551,INFY,0.733617747440273,0.1843003412969283,11.425,4.433278,0.8763656447744163,19570426.0,0.9761092150170648,0.8293515358361775,0.4163822525597269,46259003392.0
552,INOD,0.905367231638418,0.8926553672316384,109.04,9.411998,0.5464981207933978,1827633.0,0.9943502824858758,0.807909604519774,0.9265536723163842,3560740352.0
553,INSM,0.9465592680986477,0.7326968973747017,132.55,33.861855,2.995042807477392,4016588.0,0.9952380952380953,0.9474940334128878,0.9666666666666668,28730537984.0
554,INTA,0.8616,0.7733333333333333,36.96,12.751679,1.881509983944008,999004.0,0.9706666666666668,0.8266666666666667,0.776,2848196352.0
555,INTC,0.7152542372881355,0.2824858757062147,106.265,5.264985,0.4357816179526871,122751006.0,0.8531073446327684,0.6384180790960452,0.8248587570621468,558372225024.0
556,INTU,0.903058510638298,0.8643617021276596,289.76,5.382608,1.1326886401032192,4997519.0,0.9414893617021276,0.8430851063829787,0.9601063829787234,79260082176.0
557,INVX,0.8712938005390836,0.8086253369272237,33.66,19.088322,1.0974917422412085,428385.0,0.9784366576819408,0.894878706199461,0.6738544474393531,2350154496.0
558,IONQ,0.7730547550432276,0.2420749279538905,34.94,6.3926888,0.5419101449330367,27402172.0,0.8933717579250721,0.9135446685878964,0.5821325648414986,13042052096.0
559,IONS,0.8049202127659574,0.8590425531914894,86.33,3.78697,1.4167105342175013,1848367.0,0.7553191489361702,0.875,0.7420212765957447,14267117568.0
560,IOSP,0.8378666666666666,0.9706666666666668,91.96,6.0669003,1.919003714311739,197614.0,0.816,0.8373333333333334,0.8106666666666666,2265071104.0
561,IOVA,0.8242979315831344,0.0930787589498806,6.21,43.087555,4.7770957449365925,15183205.0,0.9976190476190476,0.9880668257756564,0.6,2772780032.0
562,IP,0.8769953051643192,0.4976525821596244,42.16,11.2108,1.8752198853671864,6377755.0,0.9929577464788732,0.931924882629108,0.7676056338028169,22324434944.0
563,IPGP,0.8176549865229109,0.8840970350404312,95.24,9.220185,0.9227467392851086,513001.0,0.8328840970350404,0.8194070080862533,0.7547169811320755,4042329856.0
564,IQMX,0.8248179895471092,0.7155756207674944,13.91,6.7536464,5.246594677435692,454142.0,0.9234234234234234,0.9932279909706546,0.4121621621621621,2934852608.0
565,IQV,0.970467032967033,0.8379120879120879,241.41,13.221087,1.3532221837699925,1621059.0,0.9917582417582418,0.978021978021978,0.9862637362637364,40291328000.0
566,IR,0.8738157894736842,0.5473684210526316,84.48,6.7475405,0.9448428269955944,4035903.0,0.963157894736842,0.9289473684210526,0.7842105263157895,33060136960.0
567,IRDM,0.9373385012919896,0.6718346253229974,54.685,25.654875,3.950574552278982,2587493.0,1.0,0.9974160206718348,0.8552971576227391,5781721600.0
568,IREN,0.8935103244837758,0.1710914454277286,38.88,15.645457,0.7746919565412203,46823588.0,0.9970501474926252,0.9793510324483776,0.9233038348082596,13894883328.0
569,IRM,0.7905844155844155,0.827922077922078,131.125,5.2790017,0.1597511150029718,1763224.0,0.935064935064935,0.5714285714285714,0.9025974025974026,39012921344.0
570,IRON,0.9180685358255452,0.956386292834891,81.4975,5.8271594,1.4526735851346528,552049.0,0.9252336448598132,0.968847352024922,0.7975077881619937,3113129984.0
571,IRTC,0.8999999999999999,0.9494949494949496,110.12,5.18674,1.613192088574838,512019.0,0.9292929292929292,0.8888888888888888,0.8434343434343434,3618808576.0
572,ISRG,0.9009067357512952,0.8808290155440415,358.68,6.2754602,0.965134633368933,2891408.0,0.8134715025906736,0.9507772020725388,0.9766839378238342,128507166720.0
573,IT,0.945727482678984,0.8822170900692841,185.79,22.6094,2.096565311970667,1599301.0,0.9884526558891455,0.9099307159353348,0.9653579676674364,12438990848.0
574,ITGR,0.9776422764227642,0.9322493224932248,121.21,20.1765,4.729896402086015,497983.0,0.994579945799458,0.981029810298103,0.964769647696477,4115666176.0
575,ITRI,0.9803564594609372,0.8717948717948718,106.72,25.878748,5.39651684136683,688513.0,1.0,1.0,0.9658848614072496,4731895296.0
576,ITT,0.8773116263211729,0.9427207637231504,214.41,5.06174,2.7215101214894024,888061.0,0.7857142857142857,0.9331742243436754,0.9071428571428573,19262556160.0
577,ITW,0.8392941960148286,0.8939759036144578,298.66,4.859208,0.9146288023649392,1455936.0,0.7475961538461539,0.8771084337349397,0.90625,85924478976.0
578,IX,0.5903100775193798,0.813953488372093,39.57,3.0200465,0.3369936767612786,366268.0,0.4263565891472868,0.8062015503875969,0.3875968992248062,42447060992.0
579,JBHT,0.9740425531914894,0.9319148936170212,298.41,8.009992,2.526676826912079,970449.0,0.9787234042553192,0.9787234042553192,0.9787234042553192,28139825152.0
580,JBS,0.8030516431924882,0.2934272300469484,13.58,10.586321,1.3304722559395783,7043850.0,0.9859154929577464,0.9577464788732394,0.4671361502347418,44665237504.0
581,JBTM,0.6893442622950819,0.9672131147540984,132.665,3.9775822,0.3281453045458339,503274.0,0.7978142076502732,0.3989071038251366,0.8688524590163934,6907575808.0
582,JD,0.7230538922155688,0.4790419161676646,27.575,4.095889,0.5840444493082706,9530677.0,0.7425149700598802,0.8922155688622755,0.5149700598802395,37240037376.0
583,JHX,0.7746411483253588,0.4593301435406698,25.91,4.560126,1.2858646583904854,7372160.0,0.8564593301435407,0.8947368421052632,0.5789473684210527,15036525568.0
584,JKHY,0.8388140161725067,0.876010781671159,165.6,8.150477,0.7025001095593488,1437577.0,0.8652291105121294,0.7574123989218329,0.9164420485175202,11766009856.0
585,JLL,0.8536855036855037,0.9852579852579852,327.91,4.30039,1.3145113303912332,403340.0,0.800982800982801,0.8132678132678133,0.9508599508599508,15212917760.0
586,JNJ,0.7292682926829268,0.7154471544715447,269.02,3.736553,0.3942101242832169,8206981.0,0.7195121951219512,0.6463414634146342,0.8983739837398373,647589462016.0
587,JOBY,0.7101156069364161,0.0462427745664739,7.47,3.3195,1.9798783561929545,38127054.0,0.869942196531792,0.9682080924855492,0.3106936416184971,7347812352.0
588,JPM,0.6556497175141243,0.8248587570621468,329.74,3.237319,0.3350351256065527,8989738.0,0.6666666666666666,0.4350282485875706,0.9378531073446328,883541999616.0
589,JXN,0.9628654970760234,0.9239766081871345,120.37,8.65324,1.1349780335639903,607973.0,0.9766081871345028,0.95906432748538,0.9649122807017544,8394977792.0
590,KALU,0.938755980861244,0.9617224880382776,183.905,11.918811,1.2758320983252176,269229.0,0.9808612440191388,0.8851674641148325,0.9473684210526316,3005119232.0
591,KARO,0.95352422907489,0.9647577092511012,65.0,10.959369,2.1413638121903147,108578.0,0.9911894273127754,0.986784140969163,0.8237885462555066,2008064512.0
592,KB,0.9643730886850154,0.9847094801223242,123.19,6.77819,1.975427509003273,256018.0,0.9663608562691132,0.9571865443425076,0.963302752293578,43693985792.0
593,KBH,0.9477707006369426,0.732484076433121,61.51,16.6509,3.637814094387755,1254400.0,1.0,0.9915074309978767,0.8874734607218684,3850525952.0
594,KBR,0.8143631436314362,0.6991869918699187,36.61,6.51732,1.560023312402525,1959472.0,0.929539295392954,0.8211382113821138,0.6585365853658537,4641780736.0
595,KC,0.8649553571428572,0.6473214285714286,10.5998,12.286023,2.2258122123002604,1427921.0,0.9910714285714286,0.96875,0.5714285714285714,3173258496.0
596,KD,0.7240437158469943,0.5027322404371585,12.17,5.1858287,0.5252240501535743,4016623.0,0.9016393442622952,0.7923497267759563,0.4043715846994535,2743692544.0
597,KEEL,0.6901129943502825,0.0734463276836158,5.955,5.2120156,0.6904918923166802,39460039.0,0.8983050847457628,0.903954802259887,0.2598870056497175,3595799808.0
598,KEN,0.787531806615776,0.9974554707379136,70.99,4.2625356,0.9163076296773756,29477.0,0.6870229007633588,0.8956743002544529,0.6692111959287532,3699174912.0
599,KEP,0.6380116959064327,0.6374269005847953,12.405,3.8075309,0.417115293126248,1011049.0,0.6900584795321637,0.7602339181286549,0.3333333333333333,15927129088.0
600,KEX,0.8754491017964072,0.9820359281437124,141.46,5.6381173,0.4569496682983991,634908.0,0.9101796407185628,0.7904191616766467,0.9101796407185628,7564149248.0
601,KFY,0.908080808080808,0.9292929292929292,71.72,5.82855,1.788408379404516,480416.0,0.9646464646464646,0.914141414141414,0.7878787878787878,3721341952.0
602,KGC,0.7918539325842696,0.351123595505618,29.935,10.379788,0.9106651156412034,8225096.0,0.9269662921348316,0.8820224719101124,0.6179775280898876,35510116352.0
603,KKR,0.8973045822102426,0.7304582210242587,110.97,6.87662,1.839120142389144,4518322.0,0.935309973045822,0.908355795148248,0.894878706199461,102490841088.0
604,KLAC,0.8761640798226165,0.656319290465632,301.71,8.376729,1.7305631037093354,11171974.0,0.9246119733924612,0.8514412416851441,0.9445676274944568,394116268032.0
605,KLAR,0.525,0.425,15.725,-19.51946,1.6380455048101827,4613754.0,0.025,0.925,0.75,5945834496.0
606,KLIC,0.9305084745762712,0.943502824858757,121.525,5.2756996,1.1132691948937985,750460.0,0.9096045197740112,0.9661016949152542,0.8983050847457628,6359752704.0
607,KLRA,0.7332579185520361,0.6470588235294118,19.005,5.936447,0.4807893789205538,674809.0,0.8733031674208145,0.7782805429864253,0.4524886877828054,2463878144.0
608,KMB,0.7167235494880547,0.7679180887372014,109.725,-2.388582,1.27078699954102,4627652.0,0.4129692832764505,0.9453924914675768,0.8225255972696246,36422156288.0
609,KMX,0.8351351351351352,0.6781326781326781,58.94,5.75991,1.4254178940592934,3301375.0,0.9041769041769042,0.8501228501228502,0.7665847665847666,8364240384.0
610,KN,0.8507645259938836,0.8226299694189603,38.81,6.00929,2.1242257337189625,1066655.0,0.9051987767584098,0.91131498470948,0.6636085626911316,3320609280.0
611,KNF,0.8286866359447004,0.8847926267281107,78.84,7.74908,1.3043932748538012,547200.0,0.868663594470046,0.7972350230414746,0.7857142857142857,4474473984.0
612,KNSA,0.96477434257285,0.8290598290598291,78.805,24.033997,2.788246449113266,734042.0,0.997867803837953,0.9893162393162394,0.9317697228144988,6063100416.0
613,KNSL,0.9389610389610388,0.9967532467532468,353.445,6.369631,0.3728034579294371,328983.0,0.948051948051948,0.8896103896103896,0.9805194805194806,8151438336.0
614,KNX,0.8055066079295153,0.5881057268722467,77.32,5.0971866,1.0512114348265806,4249754.0,0.8942731277533039,0.8325991189427313,0.711453744493392,12564035584.0
615,KO,0.800412087912088,0.3379120879120879,89.25,6.161532,0.9680328639319308,17255878.0,0.8434065934065934,0.945054945054945,0.7032967032967034,383996559360.0
616,KOD,0.8174450549450548,0.8461538461538461,40.63,6.0835557,1.2641366844297826,746303.0,0.9065934065934066,0.7884615384615384,0.6978021978021978,2542562048.0
617,KOF,0.896,0.9888888888888888,108.99,6.1143,1.8722328854766477,140670.0,0.8333333333333334,0.9577777777777776,0.8511111111111112,22896971776.0
618,KRMN,0.8807560137457046,0.5257731958762887,50.535,10.266197,0.4773018834163585,2900527.0,0.986254295532646,0.9243986254295532,0.7972508591065293,6697216512.0
619,KRYS,0.9088757396449704,0.9940828402366864,341.66,5.6560626,1.7594667590027702,288800.0,0.8757396449704142,0.8875739644970414,0.9615384615384616,10072053760.0
620,KSPI,0.902840909090909,0.9659090909090908,95.92,6.2236934,1.2032434949647826,429475.0,0.875,0.9772727272727272,0.7897727272727273,18227415040.0
621,KTB,0.8985111662531018,0.8486352357320099,81.6,8.85806,1.6366767436160117,795545.0,0.9305210918114144,0.9205955334987592,0.8287841191066998,4510224384.0
622,KTOS,0.8207736389684814,0.6131805157593123,55.9,7.7694283,1.3898719251694251,4803598.0,0.8796561604584527,0.8595988538681948,0.7535816618911175,10482367488.0
623,KWR,0.8469534050179212,0.967741935483871,162.655,4.9929,1.0187209937638555,159233.0,0.8100358422939068,0.8745519713261649,0.8028673835125448,2824738816.0
624,KYMR,0.964093137254902,0.875,113.56,13.707815,5.011084671604022,635833.0,0.982843137254902,0.9950980392156864,0.9215686274509804,9341170688.0
625,LAD,0.99525,0.9975,427.48,19.3045,5.560569902168829,294998.0,0.995,0.995,0.995,9749031936.0
626,LASR,0.9620224719101124,0.7910112359550562,74.71,27.317652,3.178093183488927,1248762.0,1.0,0.9820224719101124,0.946067415730337,4214294528.0
627,LAZ,0.7553672316384181,0.8022598870056498,45.69,3.6994944,0.5785157056476481,1516047.0,0.751412429378531,0.8418079096045198,0.5875706214689266,4497617920.0
628,LB,0.9091116173120728,0.8906605922551253,80.605,15.397287,1.2206396077666657,358970.0,0.9863325740318908,0.8633257403189066,0.8633257403189066,6207955968.0
629,LBRDA,0.892483660130719,0.9215686274509804,35.01,11.845681,1.3187211343289436,203962.0,0.9509803921568628,0.9509803921568628,0.673202614379085,5036582400.0
630,LBRDK,0.8449346405228757,0.630718954248366,35.0,11.714012,1.0155060634422035,1991608.0,0.9477124183006536,0.9052287581699346,0.6666666666666666,5022420480.0
631,LBTYB,0.8966216216216216,0.991891891891892,13.12,19.272726,4.205052005943537,7403.0,0.9972972972972972,0.9891891891891892,0.5108108108108108,4435838464.0
632,LCID,0.8162162162162162,0.0761670761670761,5.95,28.787878,2.8599185098208024,19708878.0,1.0,0.9803439803439804,0.5773955773955773,2322027776.0
633,LCII,0.905125284738041,0.9111617312072892,107.325,7.196358,6.217250296494192,397141.0,0.8724373576309795,0.9977220956719818,0.7972665148063781,2606409216.0
634,LDOS,0.8586393088552916,0.8315334773218143,108.84,5.59813,1.5933476077103674,1452019.0,0.8596112311015118,0.8920086393088553,0.8120950323974082,13690489856.0
635,LECO,0.8827913279132792,0.967479674796748,261.31,4.4320984,1.9664591316780409,360903.0,0.8292682926829268,0.902439024390244,0.8997289972899729,14316420096.0
636,LEGN,0.8092879256965945,0.6377708978328174,21.92,6.1501236,1.2084603867982675,2711129.0,0.9659442724458204,0.8297213622291022,0.5851393188854489,4247426560.0
637,LEU,0.8819338422391857,0.910941475826972,175.405,8.18787,0.6847648433393262,905524.0,0.9567430025445292,0.7735368956743003,0.926208651399491,3450706432.0
638,LFST,0.8257679180887372,0.3959044368600682,12.185,12.407752,1.8774791879655324,3765850.0,0.9897610921501706,0.9795221843003412,0.4846416382252559,4655347712.0
639,LFTO,0.8740350877192983,0.7157894736842105,21.895,9.147562,1.7021514122273864,1118800.0,0.9719298245614036,0.9438596491228072,0.6596491228070176,3707492096.0
640,LFUS,0.9246835443037974,0.978902953586498,420.555,7.2707577,0.7454122013503011,378286.0,0.9367088607594936,0.8734177215189873,0.9662447257383966,10635374592.0
641,LGN,0.8208108108108109,0.7567567567567568,69.295,6.6569138,1.112451723103451,1480004.0,0.8729729729729729,0.8297297297297297,0.745945945945946,11381522432.0
642,LGND,0.9811868686868688,0.98989898989899,279.44,6.58732,9.781977449465606,234939.0,0.9823232323232324,1.0,0.941919191919192,5600273920.0
643,LH,0.8751121076233184,0.9506726457399104,294.83,4.7502294,0.5654213962153595,665585.0,0.8789237668161435,0.8295964125560538,0.9103139013452914,24176058368.0
644,LHX,0.8660287081339713,0.9043062200956936,298.93,4.828864,0.8904018914575081,1386867.0,0.8708133971291866,0.8229665071770335,0.9138755980861244,55689146368.0
645,LIF,0.8535885167464115,0.8181818181818182,57.58,8.477769,1.706828149319454,846159.0,0.8875598086124402,0.901913875598086,0.7272727272727273,4665804800.0
646,LIFE,0.7010416666666666,0.825,34.75,3.4534082,0.9382142252507724,756064.0,0.6375,0.825,0.5333333333333333,3330386432.0
647,LIME,0.792074592074592,0.8321678321678322,31.375,10.358775,1.1383172275545,458945.0,0.8857808857808858,0.8158508158508159,0.5664335664335665,2008813696.0
648,LIND,0.8953917050691244,0.771889400921659,33.12,11.967542,2.1963410192474715,892325.0,0.976958525345622,0.9631336405529954,0.695852534562212,2172672000.0
649,LION,0.8789617486338799,0.5792349726775956,16.22,12.887491,2.0292947083520168,3340774.0,1.0,0.9836065573770492,0.6338797814207651,4714076672.0
650,LITE,0.9652605459057072,0.8957816377171216,932.47,13.634086,2.220951855287041,5272230.0,0.9751861042183624,0.955334987593052,1.0,72546164736.0
651,LLY,0.8651541697599603,0.9732739420935412,1208.12,7.13228,2.396748076279692,3213175.0,0.8488888888888889,0.77728285077951,0.9933333333333332,1077330575360.0
652,LMAT,0.834090909090909,0.9621212121212122,91.95,3.76932,1.604330430869099,262191.0,0.7904040404040404,0.8863636363636364,0.7550505050505051,2101125504.0
653,LMND,0.928057318040388,0.8036117381489842,78.7,10.0392,1.664883831595059,1630736.0,0.9842342342342344,0.9345372460496614,0.8806306306306306,6045795840.0
654,LMT,0.9590214067278288,0.963302752293578,568.59,10.5432,2.271242644058783,1308806.0,0.9847094801223242,0.9174311926605504,0.9847094801223242,131096174592.0
655,LNC,0.802720207253886,0.6528497409326425,46.295,11.742693,1.7000283377280827,1873827.0,0.805699481865285,0.9430051813471504,0.6269430051813472,8852214784.0
656,LOGI,0.7921985815602838,0.9042553191489362,104.475,4.172896,0.6932281881816471,1126316.0,0.74822695035461,0.7907801418439716,0.8156028368794326,14995879936.0
657,LOPE,0.8506250000000001,0.975,159.31,5.8890004,1.510612267541849,342481.0,0.895,0.7425,0.9,4223992320.0
658,LPLA,0.8112466124661246,0.9539295392953928,353.7,4.283987,1.232495785728608,992461.0,0.8130081300813008,0.6964769647696477,0.9376693766937668,28289939456.0
659,LPX,0.8585987261146497,0.7770700636942676,79.69,7.44237,1.6079669744999598,1146508.0,0.921443736730361,0.861995753715499,0.7834394904458599,5567532544.0
660,LQDA,0.9158878504672896,0.8442367601246106,86.75,7.2444067,1.5215254615126987,1893014.0,0.9657320872274144,0.909657320872274,0.8753894080996885,7714512384.0
661,LRCX,0.8918960244648317,0.5963302752293578,304.315,20.615711,0.7225264325511096,11507024.0,0.9571865443425076,0.8807339449541285,0.944954128440367,380567519232.0
662,LRN,0.8094411371083114,0.8387096774193549,95.88,6.43872,1.3548167424361186,797375.0,0.8798283261802575,0.7591397849462366,0.759656652360515,4077281536.0
663,LSCC,0.8217090069284064,0.8314087759815243,138.0,8.507627,1.6195228983456904,2123363.0,0.7967667436489607,0.8383371824480369,0.8314087759815243,19561392128.0
664,LSTR,0.8070460704607046,0.951219512195122,174.77,3.2065716,2.0819627192982457,503424.0,0.6504065040650406,0.9159891598915988,0.8184281842818428,5931156480.0
665,LULU,0.7729559748427672,0.6918238993710691,121.54,5.0112348,0.273342393525589,3400958.0,0.9308176100628932,0.6415094339622641,0.7672955974842768,13801344000.0
666,LUNR,0.8257322175732216,0.3263598326359833,19.285,9.8262615,1.0437791301177677,13111430.0,0.9790794979079498,0.9163179916317992,0.6485355648535565,3094322688.0
667,LUV,0.6980874316939891,0.6120218579234973,48.09,4.361975,0.3961483567807982,7170498.0,0.8306010928961749,0.6174863387978142,0.6502732240437158,23505129472.0
668,LW,0.8758888888888888,0.74,53.11,7.1198,1.967229322149538,1625447.0,0.9066666666666666,0.9666666666666668,0.7311111111111112,7300258304.0
669,LXP,0.9197976878612716,0.9393063583815028,60.85,3.99932,6.749800683913236,472867.0,0.9017341040462428,0.9971098265895952,0.8063583815028902,3587260160.0
670,LXP-PC,0.8189095127610209,1.0,49.25,6.48649,11.274854970994198,4999.0,0.6890951276102089,0.9976798143851509,0.642691415313225,
671,LYB,0.7275449101796406,0.6646706586826348,56.725,3.8919415,0.4330405762800928,5769972.0,0.7125748502994012,0.7724550898203593,0.7065868263473054,18309965824.0
672,MAAS,0.9325757575757576,0.8813131313131313,21.24,18.9916,3.0999038641158005,219481.0,1.0,0.9797979797979798,0.7575757575757576,9391809536.0
673,MAIR,0.7078034682080925,0.6994219653179191,34.58,1.70589,1.0074148099197708,2162429.0,0.7716763005780347,0.7658959537572254,0.4985549132947977,17335552000.0
674,MAN,0.9563876651982378,0.711453744493392,51.96,33.162476,3.858257501071974,1091444.0,1.0,0.9955947136563876,0.933920704845815,2416521472.0
675,MANE,0.9625429553264604,0.8934707903780069,126.3575,14.693202,0.7404322004686145,658537.0,0.9896907216494846,0.9553264604810996,0.9621993127147768,5279050240.0
676,MANH,0.987125,0.95,204.02,21.317717,4.363166868847141,650409.0,0.9975,0.99,0.9825,12070761472.0
677,MANU,0.745397489539749,0.8619246861924686,24.22,3.8593466,1.161821081629694,344850.0,0.6569037656903766,0.9372384937238494,0.5062761506276151,4176359936.0
678,MARA,0.8046242774566474,0.0780346820809248,11.765,10.056135,1.1057376448050518,43374609.0,0.976878612716763,0.9364161849710982,0.6358381502890174,4485647360.0
679,MAT,0.8167235494880546,0.4846416382252559,13.995,4.988747,1.0940715305922322,4619506.0,0.9863481228668942,0.9180887372013652,0.5085324232081911,4066512896.0
680,MATX,0.966219512195122,0.975609756097561,226.41,8.382006,1.2897079051703213,271898.0,0.9829268292682928,0.951219512195122,0.9585365853658536,6851909120.0
681,MBIN,0.9243686868686868,0.941919191919192,55.93,14.681156,1.526859384172736,155011.0,0.9797979797979798,0.9116161616161615,0.8409090909090909,2569167360.0
682,MBLY,0.7712662337662337,0.2564935064935065,8.095,8.366807,0.6074122540178534,6666744.0,0.9707792207792209,0.948051948051948,0.3701298701298701,6817496576.0
683,MBX,0.8687960687960687,0.8673218673218673,60.675,7.2185884,1.3206372649874103,816552.0,0.9582309582309584,0.8157248157248157,0.8058968058968059,2887980544.0
684,MCD,0.7936422413793104,0.8168103448275862,280.63,4.15693,1.642814270404923,4123527.0,0.6163793103448276,0.9030172413793104,0.9008620689655172,199389265920.0
685,MCHP,0.8431116389548694,0.5463182897862233,84.69,13.89188,1.5772887035559289,11983957.0,0.9477434679334916,0.7933491686460807,0.8954869358669834,45987381248.0
686,MCK,0.8072340425531914,0.9702127659574468,841.31,5.64576,0.9301481371277976,1176275.0,0.9085106382978724,0.5553191489361702,0.9893617021276596,98498674688.0
687,MCO,0.6214689265536724,0.9830508474576272,468.03,3.0766861,0.2992538862471697,1050242.0,0.6271186440677966,0.3220338983050847,0.9548022598870056,81753808896.0
688,MD,0.8512285012285014,0.7714987714987716,25.88,7.34135,1.6774837105539886,814024.0,0.9606879606879608,0.8894348894348895,0.6326781326781327,2125315072.0
689,MDA,0.8632075471698114,0.7075471698113207,33.935,7.8328633,1.9943425300627065,1309596.0,0.9339622641509434,0.9622641509433962,0.6438679245283019,4714221056.0
690,MDB,0.8692124105011934,0.9474940334128878,470.82,7.5337744,0.9053094948262304,1986366.0,0.8854415274463007,0.7613365155131265,0.9904534606205252,37868961792.0
691,MDGL,0.838598901098901,0.9972527472527472,565.4,3.6746442,1.4428064747735894,324521.0,0.7005494505494505,0.8516483516483516,0.978021978021978,13035670528.0
692,MDLZ,0.7563291139240507,0.4472573839662447,65.395,4.665861,0.7618185475759405,8734047.0,0.7848101265822784,0.8818565400843882,0.6413502109704642,83944275968.0
693,MDT,0.7046099290780141,0.3652482269503546,84.005,4.3929367,0.2817282940752441,10325303.0,0.8226950354609929,0.6950354609929078,0.6843971631205674,107530190848.0
694,MEDP,0.9875598086124402,0.985645933014354,608.54,15.227596,2.7663643100029582,341429.0,0.9904306220095692,0.9808612440191388,0.9952153110047848,17379710976.0
695,MELI,0.9322102425876012,0.9973045822102424,1940.0,6.3398285,1.6079994483978188,493109.0,0.921832884097035,0.8867924528301887,0.9973045822102424,98351792128.0
696,MEOH,0.8835616438356164,0.821917808219178,48.87,6.354729,2.2054349998628315,1020644.0,0.9205479452054794,0.9424657534246575,0.7465753424657534,3780791552.0
697,MESO,0.8884520884520886,0.8845208845208845,18.24,8.960573,2.5966651069803053,188072.0,0.9754299754299754,0.9656019656019657,0.6031941031941032,2358113792.0
698,META,0.9605504587155964,0.8685015290519877,669.21,5.974859,2.2687379966563346,17370160.0,0.9571865443425076,0.9694189602446484,0.9969418960244648,1698738339840.0
699,MFP,0.8354700854700855,0.811965811965812,45.57,5.779939,1.148277251421895,1089567.0,0.8945868945868946,0.8290598290598291,0.7549857549857549,2060428800.0
700,MGNI,0.8815229003295828,0.5465393794749404,24.32,17.658442,3.398429658915535,2883450.0,0.9714285714285714,0.9570405727923628,0.7595238095238095,3482989056.0
701,MGY,0.726457399103139,0.6053811659192825,26.315,2.7929692,0.6525460988419212,3570914.0,0.7488789237668162,0.874439461883408,0.4887892376681614,6381178880.0
702,MH,0.8646205357142858,0.6651785714285714,13.57,16.9828,2.461275059315209,735056.0,0.9933035714285714,0.9508928571428572,0.5881696428571429,2595617536.0
703,MHK,0.900573394495413,0.908256880733945,133.0,8.042243,1.5675750116197,813274.0,0.8807339449541285,0.93348623853211,0.8738532110091743,8106768384.0
704,MHO,0.8820594479830148,0.951167728237792,158.83,6.84831,1.549361914633788,238291.0,0.8874734607218684,0.8343949044585988,0.921443736730361,4092685312.0
705,MIAX,0.8104072398190045,0.6538461538461539,41.65,6.658137,0.9761367283210276,1825986.0,0.9524886877828054,0.8212669683257918,0.6210407239819005,4031247104.0
706,MIRM,0.7896493442217273,0.8975501113585747,123.77,5.533764,3.414427662186447,979937.0,0.6733333333333333,0.8641425389755011,0.8088888888888889,7547646464.0
707,MKSI,0.9411324786324786,0.8974358974358975,410.31,7.51795,1.8880715127555203,1182782.0,0.9508547008547008,0.9273504273504274,0.97008547008547,27714031616.0
708,MKTX,0.9761658031088082,0.9015544041450776,162.6405,29.356955,10.63286826494937,673306.0,1.0,1.0,0.9300518134715026,5780154368.0
709,MMED,0.8595890410958903,0.7568493150684932,16.92,6.5656567,1.710869610100591,920263.0,0.952054794520548,0.958904109589041,0.5753424657534246,4751861248.0
710,MMM,0.9066445182724252,0.7109634551495017,172.775,8.588393,1.2663045010395202,3795501.0,0.8970099667774086,0.9833887043189368,0.8870431893687708,90113777664.0
711,MMYT,0.9048832271762208,0.7154989384288747,51.68,10.9727,2.229754349728716,1301403.0,0.9851380042462844,0.9554140127388536,0.7707006369426752,4902736384.0
712,MNDY,0.8991784037558684,0.7769953051643192,77.43,7.931422,1.825159361117729,1683127.0,0.9577464788732394,0.9225352112676056,0.8169014084507042,3273285120.0
713,MNSO,0.8614250614250614,0.7051597051597052,12.62,9.4536,2.603473409241288,580352.0,0.9828009828009828,0.968058968058968,0.5405405405405406,3767077632.0
714,MNST,0.7794117647058822,0.5263157894736842,47.38,4.0861173,1.1971573848331585,11454382.0,0.8823529411764706,0.8173374613003096,0.6594427244582043,92819873792.0
715,MOD,0.8341549295774648,0.863849765258216,193.91,8.91373,3.4577595480721888,1494752.0,0.6690140845070423,0.9859154929577464,0.8427230046948356,10298013696.0
716,MOG-A,0.8039906103286385,0.9859154929577464,421.92,8.220694,1.649068147057157,300101.0,0.6173708920187794,0.8802816901408451,0.9061032863849764,13367504896.0
717,MOH,0.8567567567567568,0.8771498771498771,216.71,7.5911074,0.8632246703340278,1109608.0,0.9533169533169532,0.7076167076167076,0.9385749385749386,11290591232.0
718,MORN,0.8690118782479583,0.9576837416481068,154.65,9.0313015,2.249880250014604,513570.0,0.9444444444444444,0.7416481069042317,0.9155555555555556,5881032192.0
719,MP,0.8893305439330544,0.5983263598326359,60.225,8.201579,1.194626663401094,6124500.0,0.9456066945606696,0.9414225941422594,0.8451882845188284,10726167552.0
720,MPC,0.8097035040431266,0.908355795148248,336.42,5.02623,0.9666106534711848,2347066.0,0.8463611859838275,0.6576819407008087,0.9622641509433962,94475075584.0
721,MPWR,0.930940594059406,0.995049504950495,1451.195,10.258087,0.7217285279134955,921848.0,0.9554455445544554,0.8514851485148515,0.995049504950495,71297204224.0
722,MRCY,0.8770509977827051,0.8869179600886918,122.33,10.987117,1.4700209051098478,651037.0,0.9689578713968958,0.7804878048780488,0.8802660753880266,7345095168.0
723,MRK,0.9156334231805928,0.5768194070080862,150.17,11.097137,2.059581233757608,10253262.0,0.9407008086253368,0.973045822102426,0.9407008086253368,370495160320.0
724,MRNA,0.9644204851752022,0.6495956873315364,151.44,140.53368,18.51278292668465,6881288.0,1.0,1.0,0.9973045822102424,60460285952.0
725,MRVL,0.8966507177033494,0.5502392344497608,311.29,11.294242,1.2615891673599435,34943947.0,0.9617224880382776,0.8851674641148325,0.9760765550239234,272550952960.0
726,MRX,0.9239454094292804,0.8312655086848635,71.13,18.688465,1.5809878479027832,841830.0,0.9851116625310172,0.9081885856079404,0.890818858560794,5116442624.0
727,MS,0.744078947368421,0.7192982456140351,229.79,3.9350479,0.4023581023780053,5737834.0,0.5482456140350878,0.8859649122807017,0.8508771929824561,362444292096.0
728,MSA,0.9483739837398374,0.962059620596206,190.27,9.13106,2.297024945908108,314280.0,0.959349593495935,0.934959349593496,0.94579945799458,7345200128.0
729,MSFT,0.9095854922279792,0.5310880829015544,457.6701,17.189045,2.1690036047576737,38666122.0,0.9248704663212436,0.9715025906735753,0.9637305699481864,3399772536832.0
730,MSGE,0.8880893300248139,0.9032258064516128,88.42,11.4023,1.3071037527688123,468161.0,0.9627791563275434,0.8188585607940446,0.8709677419354839,4182728448.0
731,MSGS,0.8857320099255585,0.9925558312655088,414.12,5.24817,1.5360434293954237,235785.0,0.8014888337468983,0.8982630272952854,0.957816377171216,9970398208.0
732,MSI,0.8391237640640983,0.964200477326969,474.07,8.20057,1.346504373788928,1130713.0,0.8952380952380953,0.6730310262529833,0.969047619047619,78693531648.0
733,MSM,0.8520286396181385,0.9236276849642004,125.405,5.4266515,2.031123976241502,698529.0,0.7255369928400954,0.9785202863961814,0.8162291169451074,7001902080.0
734,MSTR,0.9107816711590296,0.4231805929919137,106.2018,14.787204,1.450121109003808,20334574.0,0.9865229110512128,0.9649595687331536,0.9272237196765498,42192027648.0
735,MT,0.8686651583710406,0.7126696832579186,63.135,6.538981,1.184516029628636,1908154.0,0.9479638009049772,0.9095022624434388,0.7364253393665159,47764107264.0
736,MTCH,0.7639999999999999,0.7046153846153846,38.69,3.9494824,1.0657066409008138,3229080.0,0.8676923076923077,0.7446153846153846,0.6461538461538462,8881327104.0
737,MTD,0.8363636363636364,0.9975429975429976,1245.565,3.5232508,1.250193696995079,191020.0,0.6633906633906634,0.8796068796068796,0.9828009828009828,25169879040.0
738,MTDR,0.8190298507462686,0.7213930348258707,48.95,6.136171,1.600297646864283,1808183.0,0.9079601990049752,0.8606965174129353,0.6393034825870647,6078523904.0
739,MTH,0.8729299363057325,0.8046709129511678,82.39,8.98148,1.5229967031420006,916327.0,0.9596602972399152,0.821656050955414,0.8450106157112527,5503706624.0
740,MTN,0.8612790161059578,0.8989247311827957,157.08,5.93472,1.802594150475008,784303.0,0.8261802575107297,0.9032258064516128,0.8304721030042919,5597314560.0
741,MTRN,0.9649333333333332,0.9813333333333332,297.28,30.902681,2.2673160261596,367131.0,1.0,0.9066666666666666,0.9973333333333332,6183865344.0
742,MTSI,0.8946775201727468,0.9140811455847256,301.64,14.4918,1.7004802293494126,1723135.0,0.9595238095238096,0.7804295942720764,0.9714285714285714,23013859328.0
743,MTX,0.8940379403794037,0.94579945799458,76.24,5.14411,4.209474478708757,241132.0,0.8753387533875339,0.978319783197832,0.7533875338753387,2364105728.0
744,MTZ,0.8769953051643193,0.9272300469483568,324.99,13.071454,1.7300164640796911,1205655.0,0.823943661971831,0.8896713615023474,0.9225352112676056,25680240640.0
745,MU,0.9224264705882352,0.6666666666666666,1211.32,15.592783,1.2991498714389424,51095566.0,0.9852941176470588,0.8897058823529411,0.9975490196078431,1366046670848.0
746,MUR,0.8238636363636364,0.6994949494949495,36.02,4.64847,1.8959726474779957,1886773.0,0.8888888888888888,0.9318181818181818,0.5833333333333334,5163451392.0
747,MUSA,0.8808252427184464,0.9951456310679612,552.84,6.30108,1.2634726896070338,312317.0,0.8689320388349514,0.7961165048543689,0.9927184466019418,10211333120.0
748,MWH,0.8446843853820598,0.6578073089700996,33.21,10.368889,1.0418184404561512,2108950.0,0.9667774086378738,0.8504983388704319,0.7142857142857143,7000284160.0
749,MXL,0.8537585421412301,0.6287015945330297,125.69,15.901747,0.9286320465680088,4951382.0,0.9886104783599088,0.7517084282460137,0.908883826879271,11255031808.0
750,MYRG,0.7693069306930692,0.9801980198019802,345.325,4.378254,0.4354478575116159,309920.0,0.7673267326732673,0.6386138613861386,0.8960396039603961,5376451584.0
751,NAMS,0.7916473317865428,0.7053364269141531,32.34,8.998989,1.2972284505568794,1307644.0,0.8538283062645011,0.8538283062645011,0.617169373549884,3780674560.0
752,NAVN,0.8613905325443786,0.5710059171597633,20.99,10.299521,2.0383080074502944,3960112.0,0.985207100591716,0.9289940828402368,0.6715976331360947,5338413056.0
753,NBIS,0.952605459057072,0.6054590570719603,259.2,34.14067,3.087016009375205,20202225.0,1.0,0.98014888337469,0.9950372208436724,65810415616.0
754,NBTX,0.9577507598784194,0.9483282674772036,43.7739,14.448602,5.038198341361673,100685.0,0.9908814589665652,0.9969604863221884,0.8358662613981763,2223870208.0
755,NDAQ,0.7910319410319411,0.7297297297297297,91.36,3.8063838,1.4365795544133744,3872513.0,0.7542997542997543,0.855036855036855,0.773955773955774,51667808256.0
756,NEM,0.7940366972477062,0.5290519877675841,125.575,8.272973,0.4451194709817235,8031783.0,0.8532110091743119,0.7767584097859327,0.8532110091743119,132317405184.0
757,NEO,0.8430555555555556,0.4545454545454545,15.49,15.597016,1.992665679628608,2570654.0,0.9823232323232324,0.9545454545454546,0.5984848484848485,2016980352.0
758,NEOG,0.7995305164319249,0.4577464788732394,11.53,22.659576,2.115256166021289,2170565.0,0.9671361502347418,0.9154929577464788,0.4741784037558685,2509769984.0
759,NESR,0.938135593220339,0.6581920903954802,36.23,24.84493,2.540386576511014,2122995.0,0.9943502824858758,0.9830508474576272,0.9011299435028248,3653696000.0
760,NET,0.9259717314487632,0.7915194346289752,315.165,10.805827,0.7198470323037177,3838196.0,0.9187279151943464,0.9434628975265018,0.9752650176678446,111864528896.0
761,NEU,0.8152849740932643,1.0,860.05,9.196058,0.9855011300865618,106629.0,0.6994818652849741,0.7875647668393783,0.9740932642487048,7910756352.0
762,NFLX,0.6500000000000001,0.25,77.52,4.460312,0.2582536282005483,42787395.0,0.7380952380952381,0.6428571428571429,0.7083333333333334,322788589568.0
763,NG,0.8233463035019455,0.3696498054474708,6.3899,13.497336,5.425642644863411,3610470.0,0.9922178988326849,0.9922178988326849,0.4591439688715953,2803764224.0
764,NGL,0.8292263610315186,0.8510028653295129,17.44,10.031547,1.4630853010757487,268836.0,0.9312320916905444,0.8739255014326648,0.5616045845272206,2159321344.0
765,NHC,0.7902631578947368,0.986842105263158,227.39,5.19036,0.3943768881601919,131742.0,0.9052631578947368,0.5473684210526316,0.9157894736842104,3551750144.0
766,NIC,0.7808370044052863,0.9691629955947136,173.0,4.512778,0.748215332746995,272880.0,0.8392070484581498,0.6277533039647577,0.8524229074889867,3676579328.0
767,NICE,0.8465401785714286,0.921875,105.25,6.7877464,1.2859617396502765,669100.0,0.8504464285714286,0.8214285714285714,0.8459821428571429,6151124480.0
768,NIQ,0.9245283018867924,0.6064690026954178,16.58,41.952,6.005969872231259,1573233.0,1.0,0.9892183288409704,0.8382749326145552,4893360640.0
769,NKE,0.7320557491289198,0.337979094076655,40.545,3.7221744,1.2301916455442925,24139095.0,0.759581881533101,0.926829268292683,0.5400696864111498,60148453376.0
770,NKTR,0.8492211838006231,0.881619937694704,76.75,4.9213924,0.8588624942698363,1153981.0,0.8660436137071651,0.8722741433021807,0.7632398753894081,2593078016.0
771,NMM,0.852659574468085,0.9680851063829788,80.79,5.167927,0.5194244152253483,127314.0,0.8670212765957447,0.8882978723404256,0.7074468085106383,2296424960.0
772,NN,0.8996108949416343,0.5525291828793775,18.87,22.294235,2.827014818407546,2624641.0,0.9922178988326849,0.9688715953307392,0.7898832684824902,2574565120.0
773,NOC,0.9190064794816416,0.976241900647948,549.01,5.589,1.847146118236192,940964.0,0.857451403887689,0.9352051835853132,0.9697624190064796,77977796608.0
774,NOG,0.8426861702127658,0.5638297872340425,20.36,9.93521,1.2362272811231654,3058855.0,0.9973404255319148,0.8829787234042553,0.6409574468085106,2214845440.0
775,NOK,0.7126637554585152,0.0262008733624454,10.38,9.957633,0.656355923900671,104009222.0,0.9213973799126638,0.8777292576419214,0.4017467248908297,57946705920.0
776,NOVT,0.8963393567450846,0.9594272076372315,163.32,6.66145,2.3909580957457592,532786.0,0.8666666666666667,0.9045346062052506,0.9023809523809524,5816365056.0
777,NOW,0.8563471502590673,0.3834196891191709,107.315,8.640417,0.7671228690305374,27355331.0,0.9430051813471504,0.8937823834196891,0.8756476683937824,110948900864.0
778,NP,0.8273127753303965,0.788546255506608,34.1,8.253963,1.3738031997035025,777072.0,0.9493392070484582,0.8127753303964758,0.6585903083700441,4717083648.0
779,NRG,0.835593220338983,0.847457627118644,139.98,6.36777,0.9776287693359176,2638031.0,0.9661016949152542,0.6497175141242938,0.9265536723163842,29533884416.0
780,NRIX,0.8771498771498771,0.5921375921375921,22.405,16.08809,2.126586438905977,1782924.0,0.9877149877149876,0.9533169533169532,0.6928746928746928,2316807424.0
781,NSC,0.9466367713004484,0.9327354260089686,353.3451,6.770137,1.084447328652073,1115654.0,0.937219730941704,0.9551569506726456,0.9551569506726456,79359188992.0
782,NSIT,0.8530384134560745,0.954653937947494,149.19,6.35158,1.7693228736581337,508620.0,0.8523809523809524,0.801909307875895,0.8928571428571429,4506122240.0
783,NTAP,0.8322597366781407,0.8212669683257918,163.55,6.084196,0.9932167723239608,3062259.0,0.8848758465011287,0.7398190045248869,0.90744920993228,32042702848.0
784,NTES,0.7970341499628805,0.9086859688195992,123.71,7.742553,1.8350570404024893,885688.0,0.8822222222222222,0.6414253897550112,0.8644444444444445,79262908416.0
785,NTNX,0.7892523364485982,0.6355140186915887,55.245,5.389166,0.7352759236445648,3994529.0,0.8940809968847352,0.778816199376947,0.7009345794392523,14933856256.0
786,NTRA,0.9652019002375296,0.9596199524940616,322.1,21.373125,2.2681267026478285,1481516.0,0.98812351543943,0.9239904988123516,1.0,46129672192.0
787,NTSK,0.8157517899761336,0.3579952267303102,14.27,11.484377,1.8027846437123092,5539021.0,0.9761336515513126,0.9427207637231504,0.5417661097852029,5763990528.0
788,NU,0.7997206703910614,0.0446927374301676,15.23,9.33237,2.0781030052255542,75199680.0,0.9776536312849162,0.9497206703910616,0.6033519553072626,73568272384.0
789,NUE,0.9130832064239236,0.8817204301075269,265.62,7.16533,1.6715321681526676,1538245.0,0.9356223175965666,0.8817204301075269,0.944206008583691,60492550144.0
790,NUVB,0.8097345132743362,0.2064896755162241,6.3101,8.794825,0.8278612089561996,6102901.0,0.9823008849557522,0.9823008849557522,0.5073746312684366,2197189376.0
791,NVCR,0.925382262996942,0.6850152905198776,19.99,28.387928,5.220385988840017,1711293.0,1.0,0.9938837920489296,0.7951070336391437,2315260672.0
792,NVDA,0.74063670411985,0.3220973782771535,210.51,3.812011,0.6980461683980473,159067854.0,0.7453183520599251,0.7415730337078652,0.9400749063670412,5098762665984.0
793,NVMI,0.8279097387173396,0.98812351543943,473.99,4.8673644,1.1635390281890063,434673.0,0.6793349168646081,0.8527315914489311,0.9643705463182898,15075801088.0
794,NVR,0.8155807365439093,1.0,6424.08,4.3713923,0.6197470985622726,28865.0,0.7705382436260623,0.7025495750708215,1.0,17204668416.0
795,NVT,0.9157407407407406,0.8117283950617284,157.6099,8.846609,1.5395082276951877,2164701.0,0.9382716049382716,0.9382716049382716,0.8888888888888888,25488742400.0
796,NWL,0.7810035842293906,0.1684587813620071,5.755,11.964985,3.079132596890115,10670748.0,0.971326164874552,0.978494623655914,0.4086021505376344,2445459456.0
797,NXE,0.7832579185520362,0.3484162895927601,11.1795,7.598645,1.5812708370164437,5503727.0,0.9321266968325792,0.986425339366516,0.3846153846153846,7399816192.0
798,NXST,0.9460481099656356,0.9415807560137456,187.765,6.9520407,0.8457595873042734,390021.0,0.9381443298969072,0.9656357388316152,0.9278350515463918,5734148608.0
799,NXT,0.8404328018223234,0.7175398633257403,119.425,7.920657,1.042307693754045,2659209.0,0.908883826879271,0.8109339407744874,0.8337129840546698,18174490624.0
800,NYAX,0.91125,1.0,53.87,7.9991937,1.5285400658616906,16398.0,0.9583333333333334,0.9166666666666666,0.775,2013560320.0
801,OBX,0.9753640776699029,1.0,35.0,27.272728,5.245186640471513,5090.0,0.9975728155339806,0.9902912621359224,0.8980582524271845,
802,OC,0.957535885167464,0.8708133971291866,156.05,15.2596,4.306064403276101,1138793.0,0.9736842105263158,0.9952153110047848,0.9066985645933014,12566445056.0
803,OCTV,0.7475384615384615,0.6923076923076923,18.63,3.3851202,1.4678584768519454,1584928.0,0.8123076923076923,0.8830769230769231,0.4246153846153846,5000995840.0
804,OCUL,0.8177811550151977,0.5045592705167173,10.735,6.918862,3.6872242308808505,2570538.0,0.9422492401215804,0.993920972644377,0.4483282674772036,2357576192.0
805,OGC,0.7743119266055046,0.7737003058103975,30.13,9.843233,0.4246560409162552,440314.0,0.9357798165137616,0.746177370030581,0.5412844036697247,6702343680.0
806,OII,0.925,0.784037558685446,52.73,9.80841,3.745106588688045,1054990.0,0.9788732394366196,0.9906103286384976,0.7863849765258216,5259567104.0
807,OKLO,0.8525485436893203,0.4320388349514563,49.435,17.172321,1.41341415820009,11558489.0,0.9781553398058253,0.8543689320388349,0.8398058252427184,8601244672.0
808,OKTA,0.9047272727272728,0.7563636363636363,153.99,10.363368,0.5940407351630912,3873263.0,0.9636363636363636,0.8690909090909091,0.9381818181818182,26764597248.0
809,OLN,0.7803191489361703,0.5797872340425532,20.74,5.01266,1.7235284865364622,2606670.0,0.8882978723404256,0.9308510638297872,0.4281914893617021,2363948544.0
810,OMAB,0.8868421052631579,0.9784688995215312,108.94,7.0453043,2.0093603560004247,84719.0,0.8301435406698564,0.9688995215311004,0.7966507177033493,5258661888.0
811,OMCL,0.7968193384223918,0.8269720101781171,46.35,7.7155466,0.6174554377032503,630073.0,0.9465648854961832,0.6895674300254453,0.7073791348600509,2107947264.0
812,ON,0.7857142857142857,0.3951367781155015,102.28,9.052135,0.4177444086253981,13246832.0,0.9270516717325228,0.756838905775076,0.78419452887538,39805902848.0
813,ONC,0.8720670391061452,0.9776536312849162,362.51,4.325428,1.3545104598608848,343169.0,0.8184357541899442,0.8575418994413407,0.9385474860335196,41007915008.0
814,ONDS,0.7595555555555555,0.0266666666666666,8.4,9.660572,1.377298267112918,81667237.0,0.9733333333333334,0.9377777777777778,0.44,4786643968.0
815,ONON,0.7499999999999999,0.5692883895131086,38.45,4.568943,0.6881846355159725,5682677.0,0.8726591760299626,0.7265917602996255,0.6666666666666666,12816528384.0
816,ONTO,0.956079027355623,0.8996960486322189,326.09,11.885395,0.683669054143797,1261862.0,0.9756838905775076,0.9483282674772036,0.9635258358662614,16220879872.0
817,OPLN,0.7962180153427368,0.7839643652561247,42.9,8.22402,2.370724437414706,875645.0,0.9044444444444444,0.7706013363028953,0.6577777777777778,4545088000.0
818,ORA,0.837707125809751,0.863961813842482,107.38,9.54907,1.4853200852138269,965571.0,0.919047619047619,0.7159904534606205,0.8952380952380953,6598882816.0
819,ORCL,0.8572247706422018,0.4610091743119266,141.57,9.009019,1.2570850745037554,30927233.0,0.9174311926605504,0.8876146788990825,0.8967889908256881,407788290048.0
820,ORKA,0.9406832298136644,0.8136645962732919,90.755,9.272832,0.7741639359763339,1776718.0,0.9813664596273292,0.9627329192546584,0.8944099378881988,5473624576.0
821,ORLA,0.7232673267326732,0.3861386138613861,9.44,5.5928416,0.9193002638268856,3496232.0,0.8613861386138614,0.9108910891089108,0.3217821782178218,3542952192.0
822,ORLY,0.7559210526315789,0.4473684210526316,86.16,4.1460176,0.7860623497469593,7407504.0,0.7421052631578947,0.8973684210526316,0.6868421052631579,71402094592.0
823,OSCR,0.7654811715481171,0.5271966527196653,33.125,7.6185813,0.5550543477502186,6447093.0,0.9205020920502092,0.6903765690376569,0.7447698744769874,10223865856.0
824,OUST,0.921188630490956,0.5968992248062015,52.72,25.464067,2.043851600895509,4083933.0,0.9974160206718348,0.9767441860465116,0.8527131782945736,3356837888.0
825,OVV,0.8496753246753247,0.6103896103896104,64.03,4.3003736,0.5139752090085432,3554759.0,0.8928571428571429,0.9318181818181818,0.75,17993619456.0
826,OXY,0.838622754491018,0.5508982035928144,54.475,5.4085293,0.7245157778776872,11425903.0,0.8862275449101796,0.9281437125748504,0.7425149700598802,54182723584.0
827,P,0.9184300341296928,0.7508532423208191,98.6406,9.53981,0.8350280802436855,3329209.0,0.9658703071672357,0.9112627986348124,0.931740614334471,32788621312.0
828,PAAS,0.7818820224719101,0.5280898876404494,50.595,8.572968,0.7130355885355348,4396472.0,0.8820224719101124,0.7949438202247191,0.7106741573033708,20977596416.0
829,PACS,0.7682492581602374,0.7329376854599406,43.135,7.999499,0.6778140040366403,869535.0,0.9198813056379822,0.7181008902077152,0.6083086053412463,6827079168.0
830,PAG,0.9888418079096044,0.9774011299435028,214.57,9.92879,8.08313093798299,303449.0,0.9858757062146892,1.0,0.980225988700565,14107817984.0
831,PANW,0.8223684210526316,0.7488038277511961,332.0,9.1387205,1.2252411920435948,8269966.0,0.9043062200956936,0.6913875598086124,0.944976076555024,270580006912.0
832,PARR,0.8953424657534247,0.8547945205479452,68.57,11.5685,1.3070010127366736,1142449.0,0.9945205479452056,0.8136986301369863,0.8849315068493151,3438393088.0
833,PATH,0.2962499999999999,0.125,15.75,-1.5625,0.0953998444333099,65220903.0,0.2,0.525,0.15,8160394240.0
834,PATK,0.7952127659574467,0.8489361702127659,88.25,4.3144226,1.5598206681902007,652868.0,0.7382978723404255,0.902127659574468,0.6808510638297872,2926091264.0
835,PAY,0.9336027713625864,0.7736720554272517,44.6,29.2005,4.22563960206011,1087903.0,0.9953810623556582,0.9838337182448036,0.8175519630484989,5610204160.0
836,PAYC,0.9726954767587226,0.9379474940334128,215.97,23.5526,3.7805069528628574,966796.0,0.988095238095238,0.9665871121718376,0.9738095238095238,10070053888.0
837,PAYP,0.786489898989899,0.5959595959595959,14.61,6.48688,1.4962435131618144,1275660.0,0.9797979797979798,0.851010101010101,0.4305555555555556,9889122304.0
838,PBA,0.6547297297297296,0.7837837837837838,49.29,3.6593096,0.3409996359812328,1186752.0,0.5900900900900901,0.7207207207207207,0.5878378378378378,28658931712.0
839,PBF,0.8788461538461537,0.717032967032967,52.9,9.1622,1.4702748133903676,2912631.0,0.9725274725274724,0.8626373626373627,0.8241758241758241,6258517504.0
840,PBLS,0.7675958188153311,0.8362369337979094,39.11,5.0779133,0.6424611895991756,716174.0,0.9128919860627178,0.6968641114982579,0.6027874564459931,4783640064.0
841,PBR,0.7482935153583619,0.2798634812286689,17.89,3.2909913,0.9222596008134288,17160447.0,0.9351535836177476,0.863481228668942,0.4539249146757679,115289710592.0
842,PBR-A,0.7209897610921502,0.378839590443686,15.939,2.369945,0.9468314005000648,9080021.0,0.8839590443686007,0.8668941979522184,0.3515358361774744,109126590464.0
843,PCAR,0.8429646350639579,0.7765237020316027,125.91,5.36402,1.2716394591980222,3035196.0,0.8378378378378378,0.8532731376975169,0.8671171171171171,66264702976.0
844,PCOR,0.8272321428571429,0.6830357142857143,62.17,7.22663,1.4481352007190504,3157498.0,0.8772321428571429,0.8549107142857143,0.7633928571428571,9447063552.0
845,PCTY,0.8459652037472887,0.8903225806451613,138.68,6.545781,1.39201370016202,769042.0,0.8884120171673819,0.8021505376344086,0.8261802575107297,7425489408.0
846,PDD,0.8005966587112173,0.5417661097852029,82.47,8.114843,0.7639689395973429,8778637.0,0.9140811455847256,0.7589498806682577,0.8042959427207638,117387509760.0
847,PDFS,0.820620842572062,0.8292682926829268,70.79,7.387747,1.5021167719557391,758230.0,0.9002217294900222,0.7893569844789357,0.7317073170731707,2963815936.0
848,PEGA,0.8475388601036268,0.5647668393782384,29.52,10.067117,0.857430295489693,2510849.0,0.9689119170984456,0.9248704663212436,0.6411917098445595,4853234176.0
849,PENG,0.965296052631579,0.7598684210526315,78.31,24.900236,3.67924058059308,3105583.0,1.0,0.9901315789473684,0.9638157894736842,4115985664.0
850,PGEN,0.2851063829787234,0.2553191489361702,6.33,3.770492,0.0443929548465539,5230830.0,0.5531914893617021,0.1276595744680851,0.1063829787234042,2266362880.0
851,PGR,0.7970959595959597,0.8535353535353535,215.69,4.00714,1.1925251804696204,2955068.0,0.8207070707070707,0.702020202020202,0.8939393939393939,125574717440.0
852,PH,0.8932981020570518,0.9952267303102624,1069.8,7.31267,1.7975872805719992,682798.0,0.8857142857142857,0.8162291169451074,0.9904761904761904,134887227392.0
853,PHM,0.868895966029724,0.7813163481953291,135.71,7.23825,1.5514688342516307,1886462.0,0.9087048832271762,0.8386411889596603,0.8959660297239915,25850904576.0
854,PHVS,0.8429280397022332,0.8337468982630273,36.46,5.9267898,2.969173683792657,428238.0,0.8436724565756824,0.9727047146401984,0.6191066997518611,2547814912.0
855,PI,0.8938073394495413,0.9678899082568808,164.195,8.479788,1.167095984802138,434798.0,0.8990825688073395,0.8577981651376146,0.9105504587155964,5016881664.0
856,PJT,0.8704751131221721,0.9570135746606336,163.19,4.66265,1.2817827653802745,404024.0,0.7986425339366516,0.9276018099547512,0.8529411764705882,6657842688.0
857,PKG,0.950469483568075,0.9577464788732394,254.39,8.76016,1.7785960047097784,698122.0,0.9671361502347418,0.9154929577464788,0.9788732394366196,22665805824.0
858,PKX,0.8506459948320413,0.9121447028423773,53.2,6.485192,1.5746849611389189,318056.0,0.834625322997416,0.9483204134366924,0.6770025839793282,16092101632.0
859,PLBL,0.935474006116208,0.8929663608562691,8.12,26.479748,11.25356349885953,131963.0,1.0,1.0,0.7308868501529052,2975066112.0
860,PLD,0.8276008492569003,0.7006369426751592,150.06,4.62976,1.7175117859581874,3631440.0,0.7940552016985138,0.9044585987261148,0.8152866242038217,143171649536.0
861,PLGO,0.8180167597765362,0.8519553072625698,23.84,4.79121,2.1771108012462093,434598.0,0.8212290502793296,0.9581005586592178,0.5502793296089385,2038242816.0
862,PLMR,0.8810279633754021,0.9844097995545658,126.32,7.1962013,3.7574433420200335,252877.0,0.8533333333333334,0.8975501113585747,0.8488888888888889,3347969024.0
863,PLNT,0.8409235668789808,0.8885350318471338,55.25,5.51948,1.0761366295949266,2469626.0,0.8980891719745223,0.7738853503184714,0.8343949044585988,4389213184.0
864,PLPC,0.885243553008596,0.997134670487106,471.68,11.350327,1.0106563455540996,98439.0,0.9656160458452722,0.7106017191977078,0.994269340974212,2305902336.0
865,PLSE,0.8942090395480226,0.8983050847457628,32.76,8.261725,1.721559133347546,342421.0,0.9717514124293786,0.9067796610169492,0.7344632768361582,2267310080.0
866,PLTR,0.932167832167832,0.4195804195804196,162.875,29.624763,3.4434391446122072,40856136.0,0.9976689976689976,0.993006993006993,0.9673659673659674,390462177280.0
867,PLUG,0.26625,0.025,2.205,-3.289476,0.1026821708869899,60555985.0,0.15,0.575,0.05,3080815360.0
868,PLXS,0.7953405017921147,0.956989247311828,256.08,5.8225465,0.5501195529567755,318269.0,0.8817204301075269,0.6093189964157706,0.8888888888888888,6851783680.0
869,PM,0.8262222222222222,0.76,195.5,3.966401,0.7352734712452955,4965970.0,0.7955555555555556,0.84,0.8888888888888888,304698261504.0
870,PNR,0.7905004845632009,0.6537634408602151,66.77,5.68217,1.6160847256849005,2605963.0,0.8047210300429185,0.8795698924731182,0.6781115879828327,10790401024.0
871,PODD,0.843188854489164,0.9226006191950464,148.03,5.962779,0.9889635461631978,1589188.0,0.959752321981424,0.6904024767801857,0.8668730650154799,10266502144.0
872,POR,0.6624293785310734,0.8022598870056498,50.38,3.2377088,0.5277522518064764,1202479.0,0.576271186440678,0.751412429378531,0.5875706214689266,5925078016.0
873,POWL,0.8659705159705161,0.9508599508599508,247.01,5.4471693,1.1975176182509046,729783.0,0.8894348894348895,0.773955773955774,0.9434889434889436,8998981632.0
874,PPC,0.8743119266055046,0.5779816513761468,32.705,14.794672,0.9340212585163816,1572264.0,0.9877675840978594,0.9571865443425076,0.6788990825688074,7787339776.0
875,PPLI,0.8473441108545035,0.7782909930715936,46.43,10.389916,2.219493800689848,1072700.0,0.8983833718244804,0.9214780600461894,0.6628175519630485,3453811456.0
876,PRAX,0.9624463007159904,0.9832935560859188,370.16,15.954,2.868032308211122,486316.0,0.9666666666666668,0.9403341288782816,0.9833333333333332,10319606784.0
877,PRIM,0.9290870488322716,0.7282377919320594,92.69,9.11125,2.9206771251913266,1980904.0,0.9639065817409768,0.9851380042462844,0.8704883227176221,5028890112.0
878,PRK,0.9779980617471964,0.9935483870967742,206.97,9.30552,3.942316413217644,99231.0,0.9785407725321889,0.9935483870967742,0.94206008583691,3745347328.0
879,PRKS,0.643859649122807,0.7953216374269005,47.665,4.414018,0.2496570754354118,1000949.0,0.8070175438596491,0.4444444444444444,0.631578947368421,2246714880.0
880,PRLB,0.8495381062355658,0.9676674364896074,88.4,10.1558,1.535808581613182,218537.0,0.8845265588914549,0.8175519630484989,0.7852193995381063,2114695680.0
881,PRMB,0.831781914893617,0.5664893617021277,25.32,8.71618,3.039012625149354,3382059.0,0.9122340425531916,0.946808510638298,0.6223404255319149,9187831808.0
882,PS,0.7894871794871794,0.9282051282051282,40.98,4.0609097,0.5846693227091634,219625.0,0.8256410256410256,0.8717948717948718,0.5128205128205128,16391999488.0
883,PSMT,0.9067278287461774,0.9908256880733946,196.3,4.273458,1.3657136473708489,277504.0,0.8623853211009175,0.8929663608562691,0.9663608562691132,6057921024.0
884,PSN,0.8298165137614678,0.768348623853211,47.67,7.8262815,1.2410131015041468,1407243.0,0.8669724770642202,0.8807339449541285,0.7064220183486238,5091412992.0
885,PSNY,0.8021671826625386,0.9256965944272446,14.59,4.737974,1.3449816666885703,152182.0,0.9164086687306502,0.8606811145510835,0.4380804953560371,2114148480.0
886,PSO,0.7064912280701754,0.7017543859649122,17.59,4.0212913,0.7927986465549168,912634.0,0.7298245614035088,0.9017543859649124,0.3263157894736842,10561308672.0
887,PSX,0.9038563829787234,0.8882978723404256,198.29,5.27182,1.1924676421325802,2586388.0,0.925531914893617,0.8696808510638298,0.9335106382978724,79501402112.0
888,PTC,0.804083885209713,0.8543046357615894,119.78,5.430858,1.3488273925104848,1681978.0,0.8035320088300221,0.7704194260485652,0.8388520971302428,13835283456.0
889,PTCT,0.9266272189349112,0.893491124260355,78.53,7.1789303,2.333316420750247,1340225.0,0.9437869822485208,0.9615384615384616,0.8520710059171598,6514011136.0
890,PTEN,0.7404191616766466,0.3592814371257485,9.755,6.6120276,0.5501566555521402,9431201.0,0.940119760479042,0.874251497005988,0.3473053892215569,3703170304.0
891,PTGX,0.9514627659574468,0.9707446808510638,140.85,7.110271,1.9532718234562665,693222.0,0.9601063829787234,0.952127659574468,0.925531914893617,9058256896.0
892,PTRN,0.8631656804733727,0.7603550295857988,20.45,6.677103,6.023203561950299,1139825.0,0.9230769230769232,0.9911242603550297,0.5857988165680473,4058690048.0
893,PUK,0.6383647798742138,0.7044025157232704,29.805,3.2029126,0.5862872192416325,1074545.0,0.490566037735849,0.9056603773584906,0.3962264150943396,37099151360.0
894,PVLA,0.9564784053156146,0.9667774086378738,142.82,15.038265,0.5129071025567108,267101.0,0.9966777408637874,0.9302325581395348,0.9269102990033222,2048445056.0
895,PWR,0.9341549295774648,0.9483568075117372,660.095,17.634628,1.953133766369543,1253013.0,0.9154929577464788,0.9178403755868544,0.988262910798122,99053944832.0
896,PYPL,0.9175675675675676,0.4004914004914005,55.52,17.204985,5.83703699395402,15302068.0,0.9877149877149876,1.0,0.9090909090909092,48974495744.0
897,QBTS,0.7881578947368422,0.1674641148325359,26.285,12.473252,1.2135897639801745,33223226.0,0.9808612440191388,0.8636363636363636,0.6291866028708134,9737151488.0
898,QCOM,0.8418918918918918,0.542997542997543,207.005,4.9056168,1.257963060630733,21382011.0,0.8673218673218673,0.8845208845208845,0.8722358722358723,218183270400.0
899,QGEN,0.8993258426966293,0.6314606741573033,41.99,10.5,5.202638428131462,2356024.0,0.9707865168539326,0.9932584269662922,0.7438202247191011,8660438016.0
900,QLYS,0.9475378787878788,0.9242424242424242,188.47,17.018505,0.9029228202434654,792967.0,0.9924242424242424,0.8901515151515151,0.981060606060606,6637349376.0
901,QNT,0.9075675675675676,0.6648648648648648,72.0,28.433819,1.2512479525175615,3236902.0,0.9972972972972972,0.8729729729729729,0.9324324324324323,18668560384.0
902,QTWO,0.8523098243009155,0.8151447661469933,47.91,8.78746,3.5835851860717955,802056.0,0.9244444444444444,0.8797327394209354,0.6966666666666667,2999186432.0
903,QURE,0.9718934911242604,0.7899408284023669,48.16,78.436455,11.208075110062063,1747196.0,1.0,1.0,0.9644970414201184,3037329920.0
904,RACE,0.8668587896253601,0.9913544668587896,377.66,4.8629484,0.5653716024354734,581078.0,0.7146974063400576,0.9221902017291066,0.9740634005763688,66405691392.0
905,RAL,0.7859467455621302,0.8313609467455622,70.17,4.85654,1.0386092282534505,1643778.0,0.8875739644970414,0.6538461538461539,0.8165680473372781,7854349312.0
906,RAPP,0.8759615384615383,0.9093406593406592,41.99,5.715006,2.6505911510177547,369195.0,0.8846153846153846,0.9642857142857144,0.6895604395604396,2008252800.0
907,RARE,0.8686170212765958,0.7074468085106383,35.87,6.4391637,2.0587454465716992,2129714.0,0.9388297872340424,0.9654255319148936,0.6569148936170213,3532808448.0
908,RBA,0.8953525641025641,0.8878205128205128,86.115,4.8775997,1.670011026594651,1337675.0,0.9198717948717948,0.935897435897436,0.7852564102564102,16043224064.0
909,RBLX,0.841343669250646,0.4599483204134367,54.64,14.8895855,1.0858948403095074,11793188.0,0.979328165374677,0.8397932816537468,0.7932816537467701,39121080320.0
910,RBRK,0.9083333333333332,0.7344632768361582,99.65,10.636174,1.0491432916402492,3561422.0,0.9745762711864406,0.8813559322033898,0.9265536723163842,20510816256.0
911,RCL,0.8988738738738739,0.9009009009009008,299.18,4.8372965,0.5306754696178905,2791791.0,0.8333333333333334,0.918918918918919,0.9774774774774776,80238567424.0
912,RCUS,0.8187315634218288,0.7640117994100295,28.625,4.585309,0.3180528617492794,1321447.0,0.9085545722713864,0.8112094395280236,0.7020648967551623,3600256768.0
913,RDDT,0.9675977653631284,0.7905027932960894,178.09,12.6296,3.9662163474838903,5147312.0,0.994413407821229,0.988826815642458,0.9720670391061452,34263894016.0
914,RDNT,0.9053516819571864,0.8929663608562691,78.235,8.081783,1.0204809098256922,874717.0,0.9357798165137616,0.908256880733945,0.8532110091743119,6151949824.0
915,RELX,0.7536319612590798,0.5811138014527845,34.475,4.9140353,1.1032066572544914,2644093.0,0.8619854721549637,0.8208232445520581,0.5326876513317191,60218720256.0
916,REXR,0.8832861189801701,0.6175637393767706,39.545,9.908279,1.585719996681174,2386386.0,0.9773371104815864,0.9603399433427762,0.71671388101983,9149306880.0
917,REZI,0.9252293577981652,0.7798165137614679,33.94,9.34278,1.988049164766692,1433791.0,0.981651376146789,0.9602446483180428,0.8379204892966361,5139406848.0
918,RGC,0.899448123620309,0.8189845474613686,8.03,31.855494,16.80043788571315,151181.0,0.9977924944812362,1.0,0.5916114790286976,3970745600.0
919,RGEN,0.9513736263736264,0.804945054945055,151.5,15.595912,0.869222356909455,1214336.0,0.9945054945054944,0.9395604395604396,0.9697802197802198,8545772544.0
920,RGLD,0.7482258064516129,0.9387096774193548,248.26,7.737709,0.2219925069202502,723601.0,0.8290322580645161,0.4967741935483871,0.9516129032258064,21034536960.0
921,RH,0.9301007556675062,0.9193954659949622,190.26,9.000281,1.523730768605917,923295.0,0.9773299748110832,0.8690176322418136,0.9596977329974812,3600902400.0
922,RHI,0.8683333333333332,0.6644444444444444,39.74,12.6098,1.2679822270526555,2274468.0,0.9977777777777778,0.8444444444444444,0.7855555555555556,4065147392.0
923,RHP,0.8246284501061572,0.9044585987261148,129.77,4.45947,2.5278803039441167,595241.0,0.673036093418259,0.9745222929936306,0.7876857749469215,8189690368.0
924,RIG,0.6824232081911262,0.0511945392491467,5.395,3.7500033,0.9580006025717108,34857262.0,0.9488054607508531,0.8771331058020477,0.1911262798634812,5970972160.0
925,RIOT,0.8277258566978193,0.3177570093457944,23.44,9.073992,1.424166652137245,17149111.0,0.9781931464174456,0.897196261682243,0.6978193146417445,8863864832.0
926,RIVN,0.8134426229508196,0.160655737704918,18.805,9.458673,1.366963455477841,29707544.0,0.9868852459016394,0.980327868852459,0.5442622950819672,25252603904.0
927,RKLB,0.8704134366925065,0.4237726098191214,97.33,15.128934,1.2200042955478114,27474959.0,0.9819121447028424,0.8863049095607235,0.8708010335917312,60813611008.0
928,RLAY,0.7272357723577235,0.4186991869918699,20.02,5.9259305,0.4884408405047888,4214277.0,0.9390243902439024,0.8008130081300813,0.3821138211382114,4363165696.0
929,RLI,0.741254752851711,0.8631178707224335,61.36,4.017628,0.7752805551760212,980734.0,0.8174904942965779,0.6539923954372624,0.6996197718631179,5641335808.0
930,RMBS,0.7065602836879432,0.7872340425531915,104.5,3.036878,0.7228925903504623,3082386.0,0.5638297872340425,0.8085106382978723,0.7375886524822695,11300313088.0
931,RMD,0.8963104325699746,0.8854961832061069,220.75,5.3045816,1.4276821347170796,1443039.0,0.8244274809160306,0.9643765903307888,0.9083969465648856,32021196800.0
932,RNG,0.953399433427762,0.6912181303116147,49.16,27.291563,3.524628132795792,1769785.0,1.0,0.9971671388101984,0.9263456090651558,4122489088.0
933,RNW,0.8359838274932614,0.4797843665768194,6.85,11.74551,17.568347351643784,1344551.0,0.9865229110512128,1.0,0.4636118598382749,2496158464.0
934,ROAD,0.9514251781472683,0.9334916864608076,119.74,19.548716,2.2129865325599414,886657.0,0.980997624703088,0.9168646080760094,0.9691211401425178,6769469952.0
935,ROG,0.6624309392265193,0.9558011049723756,133.83,4.2208533,0.2738062718531469,292864.0,0.7237569060773481,0.4475138121546961,0.7845303867403315,2391319552.0
936,ROKU,0.671311475409836,0.8579234972677595,138.8,-1.4904124,1.8177301118715383,3064944.0,0.3224043715846995,0.9726775956284152,0.6612021857923497,20589891584.0
937,ROP,0.8803827751196172,0.937799043062201,356.5836,5.90393,0.855081134225718,1124926.0,0.8995215311004785,0.8038277511961722,0.9521531100478468,35985473536.0
938,RPM,0.9233050847457628,0.9124293785310734,107.43,5.81109,1.9033652161499228,847583.0,0.9519774011299436,0.9265536723163842,0.8728813559322034,13759170560.0
939,RRX,0.9266075388026608,0.8957871396895787,238.19,8.49998,2.2440976246324014,1082022.0,0.9312638580931264,0.9356984478935698,0.917960088691796,15856206848.0
940,RS,0.8318385650224215,0.9730941704035876,407.58,5.533258,0.3335748380497784,351960.0,0.9147982062780268,0.6457399103139013,0.9417040358744396,20806354944.0
941,RSI,0.8011560693641618,0.6763005780346821,34.52,6.21539,0.9294484477385984,2593281.0,0.9421965317919077,0.7109826589595376,0.7745664739884393,7993943552.0
942,RTX,0.9071748878923768,0.7668161434977578,209.585,7.54567,0.7776770046068738,5382826.0,0.9461883408071748,0.9013452914798208,0.9192825112107624,282244644864.0
943,RUM,0.806534954407295,0.4164133738601823,8.32,11.528146,1.405115689887322,3386640.0,0.9848024316109424,0.9088145896656536,0.5106382978723404,4125140736.0
944,RUN,0.8188959660297239,0.2377919320594479,14.42,12.5683,5.76873209396508,9117387.0,0.9915074309978767,1.0,0.4904458598726114,3439880704.0
945,RUSHA,0.8103535353535352,0.8838383838383839,82.44,4.5927463,1.3024227050328523,498286.0,0.7777777777777778,0.8737373737373737,0.7196969696969697,6406601216.0
946,RUSHB,0.802340425531915,0.9787234042553192,78.25,4.8506002,1.2471873954123007,77686.0,0.8340425531914893,0.7914893617021277,0.6776595744680851,6080986624.0
947,RVMD,0.8725490196078431,0.7745098039215687,179.14,5.450903,1.2319982523976007,3222701.0,0.9044117647058824,0.8700980392156863,0.8700980392156863,38084530176.0
948,RVTY,0.8743872549019608,0.8259803921568627,112.635,6.631644,1.172184541612459,1311314.0,0.928921568627451,0.8529411764705882,0.8406862745098039,12565535744.0
949,RYAAY,0.8256716417910447,0.7582089552238805,67.29,4.6663556,1.057729957058032,1489452.0,0.8298507462686567,0.9014925373134328,0.7194029850746269,34946224128.0
950,RYAN,0.7871306936176105,0.6086021505376344,46.01,6.52929,1.514154785762,2619750.0,0.8862660944206009,0.8344086021505376,0.6201716738197425,12145582080.0
951,RYTM,0.9227810650887572,0.9437869822485208,95.83,6.8100767,2.151561194067088,801630.0,0.9319526627218936,0.9378698224852072,0.8698224852071006,6573322752.0
952,S,0.7904534606205249,0.350835322195704,19.92,7.38545,1.7108994707919811,7875731.0,0.9236276849642004,0.9331742243436754,0.5274463007159904,6828649984.0
953,SA,0.7864672364672365,0.7549857549857549,33.64,8.411211,0.7560816090670904,761435.0,0.8547008547008547,0.8575498575498576,0.5584045584045584,3628787712.0
954,SAH,0.916067415730337,0.9595505617977528,95.31,8.29451,1.518133821042824,260811.0,0.9348314606741572,0.9191011235955056,0.8561797752808988,3012187136.0
955,SAIA,0.8400954653937946,0.9952267303102624,381.365,4.580976,1.22171403086011,439467.0,0.6945107398568019,0.8663484486873508,0.9713603818615753,10172777472.0
956,SAIC,0.6664893617021277,0.9042553191489362,120.21,3.1845486,0.3886848579896981,556016.0,0.4414893617021276,0.8031914893617021,0.7021276595744681,5082096640.0
957,SAIL,0.7911556603773584,0.410377358490566,15.2,8.49393,1.4857576094637388,4279408.0,0.945754716981132,0.910377358490566,0.5023584905660378,8621180928.0
958,SANM,0.8106194690265488,0.9705014749262536,207.36,5.1308026,0.2228519828351198,1152819.0,0.9233038348082596,0.5693215339233039,0.9557522123893806,11114027008.0
959,SAP,0.9405099150141644,0.7677053824362606,159.79,9.160453,1.4051901265838254,3109481.0,0.9745042492917848,0.9461756373937678,0.9575070821529744,188381593600.0
960,SATS,0.6609289617486339,0.73224043715847,118.63,0.6483326,1.0016537829511925,8084495.0,0.4699453551912568,0.9562841530054644,0.4426229508196721,34380574720.0
961,SBAC,0.8998470948012232,0.9663608562691132,190.03,4.1374416,1.455471046454407,989637.0,0.8409785932721713,0.9051987767584098,0.9602446483180428,20155154432.0
962,SBLK,0.8684365781710914,0.7581120943952803,26.26,5.4618497,0.4222602433636793,1253104.0,0.9380530973451328,0.9085545722713864,0.7315634218289085,2928802304.0
963,SBRA,0.8168618266978922,0.522248243559719,22.0628,10.313997,1.898640562404868,2962990.0,0.9203747072599532,0.9484777517564404,0.5526932084309133,5564019712.0
964,SCCO,0.8167053364269141,0.9071925754060324,188.01,7.39132,1.1536945320440697,1360673.0,0.765661252900232,0.7981438515081206,0.8932714617169374,156862103552.0
965,SDRL,0.8552184466019417,0.8252427184466019,46.76,8.1406,1.502566315738287,822580.0,0.9344660194174758,0.8640776699029126,0.7160194174757282,2923926528.0
966,SE,0.9225806451612903,0.543010752688172,128.51,11.942501,1.3535711400150474,4443301.0,0.9838709677419356,0.9623655913978496,0.935483870967742,78710382592.0
967,SEI,0.902247191011236,0.7640449438202247,72.235,5.8233204,1.137552984480565,2351632.0,0.9363295880149812,0.9288389513108616,0.8651685393258427,6940183040.0
968,SEPN,0.9586253369272236,0.889487870619946,47.76,22.934364,2.8607006034380085,403024.0,0.9946091644204852,0.9649595687331536,0.9191374663072776,2152807424.0
969,SEZL,0.9327974276527332,0.9131832797427653,128.91,9.245766,1.442600863223007,693216.0,0.9710610932475884,0.9003215434083601,0.932475884244373,4341046272.0
970,SFM,0.8553108808290154,0.7202072538860104,90.0525,13.7600975,1.4857410550343093,2201881.0,0.8704663212435233,0.9248704663212436,0.7746113989637305,8468924416.0
971,SGHC,0.8362716763005781,0.4739884393063583,15.735,6.8228116,1.1411598559942655,3551803.0,0.9566473988439308,0.9421965317919077,0.6213872832369942,7994588160.0
972,SGRY,0.8219155844155843,0.5292207792207793,16.51,8.47569,0.3855104162559583,1445673.0,0.974025974025974,0.8928571428571429,0.577922077922078,2159312640.0
973,SHAK,0.9292,0.7493333333333333,74.348,12.274235,3.3929624585112994,2495559.0,0.968,0.9653333333333334,0.888,3180720384.0
974,SHAZ,0.920185614849188,0.8445475638051044,71.0,13.891562,2.0007124130109664,1145403.0,0.965197215777262,0.937354988399072,0.8491879350348028,2218750976.0
975,SHEL,0.7922872340425531,0.6436170212765957,81.99,4.92705,1.1276580062347905,7326309.0,0.8803191489361702,0.7420212765957447,0.800531914893617,227201810432.0
976,SHOP,0.9521489971346704,0.6590257879656161,146.2751,18.633493,2.9596266985615998,10036286.0,0.997134670487106,0.9799426934097422,0.97134670487106,189814571008.0
977,SHW,0.9254120879120878,0.8406593406593407,353.46,8.002567,0.6098622104161417,2365636.0,0.9642857142857144,0.8791208791208791,0.9807692307692308,87175823360.0
978,SII,0.944,0.9733333333333334,115.665,10.4235325,2.8718099084396007,180755.0,0.944,0.9493333333333334,0.92,2982142208.0
979,SIM,0.860952380952381,1.0,30.76,7.177698,111.61545711592836,4244.0,0.834920634920635,1.0,0.5936507936507937,4719057920.0
980,SIMO,0.9550469483568076,0.9248826291079812,255.1,21.661587,2.5609951885626163,1010301.0,0.9647887323943662,0.9577464788732394,0.9483568075117372,8649888768.0
981,SIND,0.771774193548387,0.7365591397849462,17.495,7.927217,0.4001411862693814,196903.0,0.9247311827956988,0.8763440860215054,0.3387096774193548,2778046464.0
982,SION,0.9417808219178082,0.9383561643835616,49.49,9.273571,1.5803662842214967,435618.0,0.9794520547945206,0.952054794520548,0.8595890410958904,2234489856.0
983,SITM,0.9595525059665873,0.9880668257756564,687.5,26.5834,2.343278671463079,595723.0,0.9928571428571428,0.8949880668257757,1.0,20594419712.0
984,SKE,0.7852870813397129,0.7751196172248804,29.915,6.421203,1.6187730564655898,736236.0,0.7799043062200957,0.9401913875598086,0.5287081339712919,3711984384.0
985,SKHY,0.8396860986547086,0.4304932735426009,165.65,8.756151,0.5715509210488545,73852760.0,0.9730941704035876,0.7623318385650224,0.9461883408071748,1175874568192.0
986,SKHYV,0.7519691780821918,0.4075342465753425,168.01,0.0,1.3773139138474035,78177284.0,0.5188356164383562,0.9417808219178082,1.0,1192627142656.0
987,SKM,0.7798013245033113,0.5827814569536424,39.0871,6.475353,0.2557846651685785,2749727.0,0.913907284768212,0.7880794701986755,0.6291390728476821,15005074432.0
988,SKWD,0.8606310319227912,0.9175946547884188,59.19,6.84115,7.008103033944128,399480.0,0.8266666666666667,0.977728285077951,0.6866666666666666,2399744000.0
989,SKY,0.8744,0.88,91.15,10.672658,1.6752737932342194,780516.0,0.9466666666666668,0.7866666666666666,0.8986666666666666,5003613696.0
990,SKYW,0.9177053824362604,0.9291784702549576,104.41,8.489201,0.9666181819885276,426939.0,0.9660056657223796,0.8838526912181303,0.886685552407932,4140930048.0
991,SLB,0.8762987012987012,0.3668831168831168,51.685,9.454739,0.6030752106090161,13919632.0,0.9805194805194806,0.9415584415584416,0.8344155844155844,77272055808.0
992,SLBT,0.8126077586206896,0.5021551724137931,5.99,34.606743,1.6176308415630054,709121.0,1.0,0.8987068965517241,0.4892241379310345,3358950656.0
993,SLDE,0.8425339366515836,0.5859728506787331,21.725,8.679343,1.6111313101875495,1413706.0,0.9796380090497736,0.9615384615384616,0.5226244343891403,2488799744.0
994,SLG,0.8892966360856268,0.8470948012232415,53.61,6.96329,2.5046671286188382,1109783.0,0.9327217125382264,0.9327217125382264,0.7584097859327217,4128120064.0
995,SLS,0.8557416267942584,0.3110047846889952,15.45,24.697332,4.10176359538144,7788748.0,0.9952153110047848,0.9904306220095692,0.6483253588516746,3037973248.0
996,SM,0.7928753180661577,0.5623409669211196,31.805,10.12812,0.9208258637107888,3926459.0,0.9643765903307888,0.7404580152671756,0.6997455470737913,7564948480.0
997,SMCI,0.8831111111111112,0.2266666666666666,31.515,23.588232,2.306978570872516,51446565.0,1.0,0.9733333333333334,0.8488888888888889,20386203648.0
998,SMG,0.8948237885462554,0.7665198237885462,74.5,9.574942,1.165241490369703,941404.0,0.986784140969163,0.8788546255506607,0.8259911894273128,4334554112.0
999,SMMT,0.7262295081967213,0.3049180327868852,15.23,5.910983,0.5551217297120248,5373380.0,0.9147540983606556,0.8688524590163934,0.3573770491803278,11820956672.0
1000,SMTC,0.8868715083798883,0.8296089385474861,154.22,9.882433,1.0798768157798906,3457261.0,0.9832402234636872,0.7821229050279329,0.9301675977653632,14365772800.0
1001,SN,0.8617478510028654,0.8767908309455588,180.58,7.3666687,1.250438661853004,2080190.0,0.8653295128939829,0.8223495702005731,0.9169054441260746,25555750912.0
1002,SNAP,0.3861702127659574,0.0638297872340425,5.155,-4.976958,0.6534856970822684,41121330.0,0.0212765957446808,0.9787234042553192,0.1489361702127659,8718124032.0
1003,SNDK,0.9498470948012232,0.7767584097859327,1236.181,21.684534,0.9416225614266136,13726827.0,0.9724770642201837,0.9480122324159022,1.0,183065755648.0
1004,SNDX,0.8153846153846154,0.6648351648351648,24.56,5.679861,2.0206672259592264,1854724.0,0.8791208791208791,0.934065934065934,0.5714285714285714,2176262144.0
1005,SNN,0.7832786885245901,0.6491803278688525,30.17,5.0121846,0.6675786367790023,1271606.0,0.8459016393442623,0.918032786885246,0.5049180327868853,12747371520.0
1006,SNOW,0.8922509279881218,0.6904231625835189,248.96,9.64503,2.9450491241852275,8640754.0,0.96,0.8396436525612472,0.9666666666666668,86289539072.0
1007,SNX,0.8475342465753424,0.9561643835616438,245.42,4.13714,1.459504029700166,854406.0,0.7643835616438356,0.8657534246575342,0.9068493150684932,19623477248.0
1008,SOBO,0.7926861702127659,0.8324468085106383,36.01,4.19559,1.534962940302978,941454.0,0.8111702127659575,0.9042553191489362,0.5452127659574468,7511132160.0
1009,SOFI,0.2225,0.075,18.265,-0.24576776,0.0707437821916381,77764177.0,0.275,0.325,0.025,23590531072.0
1010,SOLS,0.761368909512761,0.6844547563805105,60.08,6.392776,1.5906423954516964,2726467.0,0.6705336426914154,0.9234338747099768,0.6751740139211136,9543240704.0
1011,SOLV,0.8251015275278046,0.7634408602150538,86.17,7.08338,1.3762506037397364,1681188.0,0.9334763948497854,0.7741935483870968,0.7553648068669528,14922465280.0
1012,SONY,0.7370317002881843,0.3487031700288184,22.33,6.4347014,0.4856691005911256,6414880.0,0.8962536023054755,0.8645533141210374,0.4293948126801152,131132071936.0
1013,SPB,0.7674911660777386,0.9469964664310954,93.23,5.631091,0.4019640840788673,368416.0,0.696113074204947,0.8021201413427562,0.7420494699646644,2143879552.0
1014,SPCX,0.8717233009708738,0.233009708737864,131.345,14.292554,1.8337424915263452,110342000.0,0.9563106796116504,0.9199029126213591,0.95873786407767,1730363654144.0
1015,SPGI,0.9391832229580572,0.93598233995585,414.97,7.72566,1.865143682820056,2096980.0,0.9315673289183224,0.9293598233995584,0.9713024282560706,122831118336.0
1016,SPHR,0.849379652605459,0.935483870967742,175.09,7.83396,1.1012752894668052,715367.0,0.9081885856079404,0.7295285359801489,0.913151364764268,6288113664.0
1017,SPOT,0.9057275541795664,0.9628482972136224,516.28,4.83482,1.2061590370280455,2018335.0,0.9287925696594428,0.826625386996904,0.9752321981424148,106139017216.0
1018,SPSC,0.9252032520325202,0.8807588075880759,73.39,11.484121,2.1405561745447885,655190.0,0.97289972899729,0.929539295392954,0.8563685636856369,2694345216.0
1019,SPXC,0.8906504065040651,0.940379403794038,219.62,10.1957,1.3813205354429772,750332.0,0.967479674796748,0.7588075880758808,0.962059620596206,10995239936.0
1020,SQM,0.8724852071005916,0.8816568047337278,69.81,5.24649,1.4321590060885712,1134749.0,0.9053254437869822,0.863905325443787,0.8254437869822485,19940376576.0
1021,SRCE,0.7652974504249291,0.9830028328611898,86.265,3.7088232,0.9466130093492264,130706.0,0.6373937677053825,0.8781869688385269,0.6827195467422096,2076302976.0
1022,SRRK,0.8082070707070707,0.7904040404040404,51.27,4.22851,1.5417322978928236,1418913.0,0.8535353535353535,0.8661616161616161,0.6363636363636364,6143598592.0
1023,SSB,0.8763922518159806,0.8910411622276029,106.35,5.0370355,1.5559889319757827,797613.0,0.8692493946731235,0.9249394673123488,0.7966101694915254,10386996224.0
1024,SSD,0.8114010989010989,0.9807692307692308,205.75,6.473812,0.4077780565389631,322857.0,0.8763736263736264,0.6593406593406593,0.8791208791208791,8464209920.0
1025,SSL,0.7840807174887892,0.6098654708520179,12.285,8.524736,0.4767359506311068,1536190.0,0.9551569506726456,0.7892376681614349,0.5627802690582959,7875147776.0
1026,SSMR,0.778816199376947,0.8629283489096573,14.95,5.5790963,0.9427995468841044,276309.0,0.9376947040498442,0.7445482866043613,0.5186915887850467,2148712704.0
1027,SSNC,0.9176948051948052,0.7207792207792207,73.97,10.485444,0.4423806727608572,2244542.0,0.9837662337662336,0.9090909090909092,0.9155844155844156,17814493184.0
1028,SSRM,0.8153005464480875,0.6666666666666666,31.31,8.189353,0.5093495325083717,3332680.0,0.9781420765027322,0.7704918032786885,0.6830601092896175,6496545280.0
1029,STC,0.8045325779036826,0.9461756373937678,68.145,6.0622516,0.5885771157056633,218036.0,0.9178470254957508,0.6798866855524079,0.7535410764872521,2073453568.0
1030,STDN,0.7975274725274726,0.5659340659340659,13.56,12.158812,0.4324795412942823,1337328.0,0.9835164835164836,0.8131868131868132,0.5604395604395604,2178733312.0
1031,STEP,0.8786939623913466,0.748868778280543,43.95,6.856308,1.8543094698061429,1276816.0,0.9300225733634312,0.9615384615384616,0.708803611738149,5539287040.0
1032,STM,0.6559602649006622,0.4105960264900662,56.7461,4.5240383,0.3061624282214941,11992448.0,0.7284768211920529,0.695364238410596,0.5827814569536424,50649780224.0
1033,STNG,0.785321100917431,0.9021406727828746,79.32,4.02623,0.8787938702899114,991303.0,0.8226299694189603,0.6758409785932722,0.8532110091743119,3947641600.0
1034,STRL,0.8783847980997624,0.9833729216152018,707.17,7.0302114,0.9853231313765092,728357.0,0.9026128266033254,0.7600950118764845,0.990498812351544,21700186112.0
1035,STX,0.946808510638298,0.953900709219858,803.075,7.7244525,1.0377945775644444,4451247.0,0.946808510638298,0.9184397163120568,0.9929078014184396,180072693760.0
1036,SU,0.7796052631578947,0.6875,58.95,4.0416536,1.0230092846179604,4133288.0,0.7730263157894737,0.8519736842105263,0.7105263157894737,69604933632.0
1037,SUI,0.7734977409638554,0.7927710843373494,126.4961,4.163454,2.3407729857376856,1230165.0,0.5889423076923077,0.9879518072289156,0.7115384615384616,16173893632.0
1038,SUNB,0.8074162679425838,0.6889952153110048,77.25,6.639974,0.7230288697810782,3615857.0,0.9186602870813396,0.7416267942583732,0.7870813397129187,31668449280.0
1039,SUNC,0.8086687306501548,0.9504643962848296,77.93,3.27326,1.2725583051605578,460551.0,0.7863777089783281,0.8421052631578947,0.718266253869969,4014735360.0
1040,SUPN,0.8912576687116565,0.7791411042944786,48.545,8.7721195,2.587168255536863,765009.0,0.9325153374233128,0.9846625766871164,0.7116564417177914,2817538048.0
1041,SVM,0.5631782945736434,0.4031007751937984,12.6303,3.695612,0.2685724882697775,4006531.0,0.6666666666666666,0.689922480620155,0.2403100775193798,2793854208.0
1042,SW,0.8706572769953052,0.5352112676056338,48.56,11.0959,1.616449215267011,5519011.0,0.9906103286384976,0.892018779342723,0.7910798122065728,25467975680.0
1043,SXI,0.8615196078431372,0.9877450980392156,336.3,5.807951,0.893484578128983,196150.0,0.909313725490196,0.7279411764705882,0.9485294117647058,4074248192.0
1044,SXT,0.9571596244131456,0.9342723004694836,126.79,8.33974,3.5161779585261157,508995.0,0.960093896713615,0.9859154929577464,0.9131455399061033,5397318656.0
1045,SYK,0.7595744680851063,0.7801418439716312,333.515,5.3959713,0.2227452744259132,2747973.0,0.9078014184397164,0.4822695035460992,0.975177304964539,127856574464.0
1046,SYNA,0.8758108108108108,0.827027027027027,133.05,7.846316,0.8513524648426146,1104391.0,0.8810810810810811,0.9108108108108108,0.8297297297297297,5197288960.0
1047,SYRE,0.9074545454545454,0.8363636363636363,104.56,11.554458,0.5810280912702099,1410011.0,0.9818181818181818,0.8545454545454545,0.9054545454545454,9080121344.0
1048,TAK,0.7197247706422019,0.5045871559633027,18.085,4.0563865,0.4319263994338418,3379974.0,0.8440366972477065,0.8899082568807339,0.3119266055045872,57754497024.0
1049,TALO,0.7848404255319148,0.5877659574468085,14.23,5.4074,1.2366046414296112,1897131.0,0.9441489361702128,0.8856382978723404,0.4281914893617021,2375354368.0
1050,TARS,0.8673491379310345,0.8512931034482759,65.44,7.4724965,1.4294405997693196,728280.0,0.9504310344827588,0.8448275862068966,0.7693965517241379,2815488000.0
1051,TBBB,0.9527083333333332,0.875,49.5327,17.098583,3.20695694416036,704016.0,0.9958333333333332,0.9833333333333332,0.8625,5971799552.0
1052,TBBK,0.8406741573033707,0.898876404494382,66.54,5.5687804,1.710333979655897,431673.0,0.802247191011236,0.9415730337078652,0.702247191011236,2770355712.0
1053,TCOM,0.8149681528662421,0.8121019108280255,44.19,4.0989347,1.24858046374072,3197347.0,0.8312101910828026,0.8248407643312102,0.7707006369426752,27826671616.0
1054,TDW,0.9263279445727484,0.8799076212471132,84.19,17.7812,2.1649998258124508,746322.0,0.979214780600462,0.9191685912240184,0.8695150115473441,4186823680.0
1055,TDY,0.7862716763005779,0.9971098265895952,657.97,5.0080504,0.947594644725578,336416.0,0.4739884393063583,0.9393063583815028,0.9595375722543352,30483179520.0
1056,TEAM,0.9663834951456312,0.7475728155339806,149.16,35.390766,3.371034792273993,4959923.0,0.9975728155339806,0.9854368932038836,0.9878640776699028,37852012544.0
1057,TECH,0.9449754901960784,0.6813725490196079,70.55,19.830153,16.632736449330128,2732245.0,0.9950980392156864,0.9975490196078431,0.8970588235294118,11045925888.0
1058,TECK,0.7397338403041824,0.7490494296577946,59.225,3.5221105,0.9127229823244968,3213091.0,0.7832699619771863,0.7338403041825095,0.6692015209125475,29013989376.0
1059,TEM,0.921698113207547,0.5013477088948787,59.8495,21.242188,2.2981931921021066,5880758.0,0.9973045822102424,0.9784366576819408,0.9002695417789758,10798929920.0
1060,TENB,0.8424974209166215,0.5565610859728507,41.29,6.9689183,1.5147876979434567,3644854.0,0.9345372460496614,0.916289592760181,0.6952595936794582,4553129984.0
1061,TER,0.9201923076923076,0.7970085470085471,471.96,10.474942,1.688214655714562,3949804.0,0.97008547008547,0.8696581196581197,0.9829059829059827,73881632768.0
1062,TEVA,0.8537878787878788,0.452020202020202,34.8025,9.891068,2.06893540417484,5929377.0,0.9595959595959596,0.9595959595959596,0.6843434343434344,40524972032.0
1063,TEX,0.8147435897435897,0.7307692307692307,74.58,6.39087,1.4529246983729314,1219801.0,0.908119658119658,0.8055555555555556,0.7094017094017094,8518272512.0
1064,TFII,0.8893617021276595,0.9290780141843972,156.15,6.7838326,0.3595110219824969,390447.0,0.9574468085106383,0.8014184397163121,0.9042553191489362,12833348608.0
1065,TGB,0.7434707903780069,0.3127147766323024,7.925,12.891741,0.7536394833168373,4948642.0,0.9828178694158076,0.8144329896907216,0.415807560137457,2897755136.0
1066,TGS,0.7352059925093632,0.8689138576779026,30.665,4.730192,0.5675535541385217,349086.0,0.8801498127340824,0.6104868913857678,0.6329588014981273,4616683520.0
1067,TGT,0.8109164420485175,0.7088948787061995,161.395,5.843417,1.2396660773704928,4680725.0,0.6657681940700808,0.954177897574124,0.8652291105121294,73304178688.0
1068,THC,0.980844155844156,0.9188311688311688,243.03,22.113352,0.9884906955984344,1456300.0,0.9967532467532468,0.9772727272727272,0.9902597402597404,20933875712.0
1069,TIGO,0.8819343107171269,0.7923627684964201,104.31,13.6398,1.7810629227123744,1830293.0,0.9523809523809524,0.8090692124105012,0.930952380952381,17476247552.0
1070,TILE,0.8649584487534626,0.8393351800554016,40.1,14.245015,1.0632844079615809,547228.0,0.9529085872576176,0.8448753462603878,0.7590027700831025,2328053248.0
1071,TLN,0.962994350282486,0.9887005649717514,414.095,7.220168,0.932414397767031,720834.0,0.96045197740113,0.943502824858757,0.9887005649717514,18922074112.0
1072,TM,0.8272727272727274,0.946969696969697,194.9,4.616205,1.0464129535515896,507660.0,0.7828282828282829,0.8080808080808081,0.8787878787878788,230782091264.0
1073,TMDX,0.8936936936936937,0.8378378378378378,76.76,7.763581,0.4304614535716862,1344729.0,0.9954954954954957,0.8423423423423423,0.8333333333333334,2652895744.0
1074,TMO,0.963677130044843,0.9147982062780268,576.51,9.506893,1.2208212104463656,2301432.0,0.9641255605381166,0.9641255605381166,0.9865470852017936,214243491840.0
1075,TMUS,0.8272300469483568,0.7417840375586855,180.09,5.674216,1.0119646512892515,5472788.0,0.9154929577464788,0.7183098591549296,0.9061032863849764,193177419776.0
1076,TNET,0.8407161803713528,0.920424403183024,70.99,7.8383656,0.8201986523931982,401304.0,0.8726790450928382,0.8222811671087533,0.7771883289124668,3258777088.0
1077,TNK,0.8217877094972067,0.946927374301676,89.11,4.67521,1.0298385016819311,364462.0,0.8547486033519553,0.7597765363128491,0.8100558659217877,3090344704.0
1078,TNL,0.822568093385214,0.8715953307392996,76.025,3.6469026,1.2110249601949767,848511.0,0.7704280155642024,0.9105058365758756,0.7354085603112841,4745824768.0
1079,TOL,0.7890835579514824,0.9137466307277629,151.82,6.271879,0.7421106064144666,1049035.0,0.7169811320754716,0.7789757412398922,0.8706199460916442,14190768128.0
1080,TPC,0.9081395348837208,0.8803986710963455,87.7,8.889988,1.3080140088004002,545657.0,0.9102990033222592,0.9867109634551496,0.7807308970099668,4629810176.0
1081,TPG,0.87890625,0.6986607142857143,55.21,8.510217,2.426736259268841,2381096.0,0.9285714285714286,0.9441964285714286,0.7678571428571429,21217884160.0
1082,TPL,0.8171159029649596,0.9838274932614556,364.97,4.14622,1.1420864692905726,402987.0,0.7466307277628033,0.7601078167115903,0.9568733153638814,25173688320.0
1083,TPR,0.8394495412844036,0.7981651376146789,134.54,4.2783976,0.3618984999025911,2710224.0,0.8715596330275229,0.8532110091743119,0.7798165137614679,26826156032.0
1084,TRGP,0.960062893081761,0.9308176100628932,297.7,7.109452,0.7169702040028316,1196503.0,0.9874213836477987,0.9433962264150944,0.9559748427672956,63836119040.0
1085,TRI,0.8867021276595743,0.8351063829787234,94.29,5.1756825,1.3233951374280235,1997009.0,0.9202127659574468,0.9095744680851064,0.8138297872340425,41161248768.0
1086,TRMB,0.7673708920187793,0.6596244131455399,52.91,5.084412,1.063749112534132,2890252.0,0.8849765258215962,0.7488262910798122,0.647887323943662,12333930496.0
1087,TRU,0.9061861024547592,0.6923076923076923,84.845,9.84594,1.6078011752853134,2374232.0,0.9808102345415778,0.9487179487179488,0.8081023454157783,16358116352.0
1088,TRV,0.969378698224852,0.9674556213017752,368.98,9.22385,2.2226493329794565,1699273.0,0.9822485207100592,0.9497041420118344,0.9822485207100592,78461640704.0
1089,TRVI,0.8991438356164382,0.660958904109589,19.185,10.512666,2.9181419983360484,1970009.0,0.9931506849315068,0.9897260273972602,0.6952054794520548,2723880704.0
1090,TSEM,0.9714545454545456,0.8727272727272727,260.42,13.383847,1.3504392604667426,2167962.0,0.9854545454545456,0.9818181818181818,0.9781818181818182,29435596800.0
1091,TSLA,0.8204834605597964,0.4707379134860051,417.74,6.174999,0.679858688186393,55157455.0,0.8905852417302799,0.7608142493638677,0.9770992366412212,1568915980288.0
1092,TSM,0.7887905604719765,0.8200589970501475,403.15,1.1998893,0.2935932340558724,14185160.0,0.7197640117994101,0.7787610619469026,0.911504424778761,2090926997504.0
1093,TSN,0.8723342939481268,0.6253602305475504,61.67,7.3455133,0.6281850155070553,3262386.0,0.9423631123919308,0.9481268011527376,0.7406340057636888,21715820544.0
1094,TT,0.8112466124661246,0.948509485094851,454.95,3.33197,1.611630233810003,1367264.0,0.6802168021680217,0.8292682926829268,0.940379403794038,100569186304.0
1095,TTAN,0.914950259836674,0.799554565701559,69.2,9.148257,8.569526224155688,1299222.0,0.9466666666666668,0.9933184855233852,0.78,6601511936.0
1096,TTE,0.8181952662721893,0.8609467455621301,81.39,3.26059,1.654724863879078,1445957.0,0.7396449704142012,0.9142011834319528,0.7662721893491125,180828340224.0
1097,TTMI,0.8400611620795106,0.7308868501529052,133.065,9.780549,0.5409790172210708,2754068.0,0.91131498470948,0.8012232415902141,0.8379204892966361,13818808320.0
1098,TVTX,0.9168,0.752,62.76,12.031414,2.9505087605777205,2029147.0,0.9653333333333334,0.9546666666666668,0.848,5836234752.0
1099,TW,0.8842572062084257,0.7782705099778271,99.66,8.208474,2.04866891947581,1650088.0,0.9223946784922394,0.917960088691796,0.811529933481153,21728473088.0
1100,TWLO,0.9788834951456312,0.9174757281553398,240.53,24.49793,2.7419248851897504,2291825.0,0.9927184466019418,0.9733009708737864,0.9951456310679612,36506165248.0
1101,TWST,0.956980056980057,0.8233618233618234,137.1128,18.098877,1.047288735268537,1776385.0,0.9914529914529916,0.945868945868946,0.9829059829059827,8597990400.0
1102,TX,0.8628,0.872,53.725,6.724272,2.869515220424828,541772.0,0.8533333333333334,0.9466666666666668,0.728,10546629632.0
1103,TXG,0.9036407766990292,0.6723300970873787,58.57,12.569674,1.818344154617123,3175224.0,0.9805825242718448,0.912621359223301,0.8689320388349514,7435824128.0
1104,TYL,0.8520153214269232,0.9483870967741936,333.35,5.53058,1.4958377185289131,820944.0,0.7854077253218884,0.8408602150537634,0.9399141630901288,13714204672.0
1105,U,0.8910450051142175,0.4391408114558472,40.81,15.055,4.598405445730252,8912083.0,0.961904761904762,0.9856801909307876,0.8273809523809523,17814994944.0
1106,UAL,0.8406581740976644,0.6072186836518046,130.54,7.39612,1.4823660582088765,6787762.0,0.9150743099787686,0.802547770700637,0.8938428874734607,42369331200.0
1107,UCTT,0.938392857142857,0.9241071428571428,99.62,9.737832,1.0617144928098992,1236144.0,0.9821428571428572,0.9196428571428572,0.9017857142857144,4465800704.0
1108,UFPT,0.9831536388140162,1.0,329.86,23.298317,1.9016479704212823,214749.0,0.9892183288409704,0.9703504043126684,0.9865229110512128,2552106496.0
1109,UGI,0.9315384615384614,0.7907692307692308,38.39,9.40439,7.635626342629957,1574801.0,0.9938461538461538,0.9969230769230768,0.7784615384615384,8234461184.0
1110,UGP,0.7080645161290323,0.3279569892473118,6.525,5.9253287,0.7170841660838091,3691582.0,0.8763440860215054,0.9086021505376344,0.2526881720430107,6953170944.0
1111,UHS,0.916396103896104,0.905844155844156,161.02,6.4454284,0.3337169902447402,1053893.0,0.9545454545454546,0.8668831168831169,0.9415584415584416,9747563520.0
1112,UI,0.9138009049773754,1.0,607.81,6.112083,0.6543526236115924,109658.0,0.8823529411764706,0.8868778280542986,0.9728506787330315,36785926144.0
1113,UL,0.8921738428169275,0.5978494623655914,66.87,8.96204,3.2890543574445488,4003849.0,0.9721030042918456,0.9806451612903224,0.7446351931330472,143984443392.0
1114,ULTA,0.908590308370044,0.9911894273127754,524.0,6.216937,0.5121304511664554,729775.0,0.9691629955947136,0.7797356828193832,0.986784140969163,22526398464.0
1115,UNF,0.777304964539007,0.9858156028368794,291.705,3.7136374,0.3244488162910136,211454.0,0.6560283687943262,0.7624113475177305,0.9113475177304964,5275243008.0
1116,UNH,0.8948581560283688,0.6595744680851063,437.511,4.537656,0.940068291436065,7198560.0,0.8475177304964538,0.9574468085106383,0.9858156028368794,397323141120.0
1117,UNP,0.8894495412844037,0.8899082568807339,304.33,4.0231,2.612310302176504,2850718.0,0.8134556574923547,0.9510703363914372,0.9143730886850152,180684734464.0
1118,URBN,0.749822695035461,0.6631205673758865,76.45,4.7978067,0.2801823326249735,1249365.0,0.8794326241134752,0.6843971631205674,0.6808510638297872,6546801664.0
1119,URGN,0.9352380952380952,0.8063492063492064,47.2529,18.368992,1.916652679534828,792395.0,0.9936507936507936,0.961904761904762,0.8507936507936508,2302241536.0
1120,URI,0.9672248803827752,0.9904306220095692,1142.09,10.340453,1.6662110103144028,515008.0,0.971291866028708,0.937799043062201,1.0,71548002304.0
1121,USAR,0.803765690376569,0.3347280334728033,20.3304,9.244491,0.8179762053378313,13777880.0,0.9707112970711296,0.8619246861924686,0.6443514644351465,4974262272.0
1122,UTI,0.8224061810154525,0.8057395143487859,47.02,9.93687,1.2411683438068104,1035791.0,0.977924944812362,0.7064017660044151,0.7615894039735099,2588986112.0
1123,V,0.7718085106382979,0.8297872340425532,357.75,2.51598,1.2048280432329623,8258791.0,0.5718085106382979,0.875,0.9122340425531916,680348811264.0
1124,VAC,0.9672150244345948,0.9451073985680192,124.75,22.6165,3.528719548174998,474520.0,0.9857142857142858,0.9594272076372315,0.9595238095238096,4284297216.0
1125,VAL,0.919283276450512,0.9180887372013652,85.07,7.988318,0.9406593406593406,926380.0,0.9351535836177476,0.9180887372013652,0.89419795221843,5906904064.0
1126,VC,0.7723970944309927,0.9152542372881356,104.77,4.6548758,0.775881526638436,586596.0,0.8353510895883777,0.6658595641646489,0.7772397094430993,2796732416.0
1127,VCEL,0.8372098490472656,0.8418708240534521,46.23,7.7622333,3.6645819607843135,637500.0,0.8866666666666667,0.8864142538975501,0.6622222222222223,2360884224.0
1128,VCTR,0.8958726415094339,0.929245283018868,97.7,6.2187357,1.602179583672712,484955.0,0.875,0.9339622641509434,0.8490566037735849,6109288448.0
1129,VCYT,0.8330601092896175,0.8688524590163934,51.6928,5.1735444,0.5848764856219638,1045101.0,0.8961748633879781,0.8360655737704918,0.6994535519125683,4124705280.0
1130,VECO,0.8827751196172249,0.8205741626794258,83.56,7.847178,2.1075326495922644,1446649.0,0.8732057416267942,0.9784688995215312,0.7631578947368421,5099957760.0
1131,VEEV,0.8025513486760703,0.8062360801781737,171.36,8.40081,1.7759258388325634,3104374.0,0.9155555555555556,0.621380846325167,0.92,27836282880.0
1132,VERA,0.9222741433021806,0.7694704049844237,43.8999,9.394212,2.3281411752693693,1410332.0,0.9844236760124612,0.9875389408099688,0.7757009345794392,3151262208.0
1133,VERX,0.7883259911894273,0.5462555066079295,12.52,9.059241,1.6578394037340265,1520932.0,0.9647577092511012,0.8986784140969163,0.4074889867841409,2025948032.0
1134,VG,0.8155290102389079,0.2320819112627986,13.395,9.43628,0.9905416386806748,16870047.0,0.9965870307167236,0.8907849829351536,0.658703071672355,33277978624.0
1135,VGNT,0.8051282051282052,0.7226107226107226,46.67,11.013314,1.103675161830361,1455691.0,0.916083916083916,0.7995337995337995,0.662004662004662,3308607232.0
1136,VIAV,0.3234042553191489,0.574468085106383,44.905,3.1350431,0.0438204996695246,6943029.0,0.3617021276595745,0.1063829787234042,0.5106382978723404,11080300544.0
1137,VICR,0.9120347394540944,0.9454094292803972,226.12,7.226854,1.5900722802967542,859432.0,0.8933002481389578,0.9106699751861044,0.9305210918114144,10425654272.0
1138,VIRT,0.8066568047337279,0.834319526627219,60.0,4.8942485,1.0065322170975992,1242151.0,0.8254437869822485,0.8047337278106509,0.7633136094674556,5298040832.0
1139,VIST,0.8934357541899441,0.88268156424581,72.16,5.63608,1.8253474263753444,887814.0,0.9189944134078212,0.9217877094972068,0.8044692737430168,7985760768.0
1140,VKTX,0.899468085106383,0.726063829787234,42.13,8.834932,1.8115843727910252,2378083.0,0.9893617021276596,0.9414893617021276,0.7553191489361702,4891530752.0
1141,VLO,0.8565868263473053,0.9461077844311376,281.945,5.906771,0.3888541761097881,3077637.0,0.9281437125748504,0.6946107784431138,0.9700598802395208,83718709248.0
1142,VMI,0.9059322033898304,1.0,568.885,5.228259,0.5753676308235813,226450.0,0.903954802259887,0.8305084745762712,0.9943502824858758,11044135936.0
1143,VOD,0.8883792048929664,0.5107033639143731,14.72,12.538229,4.426055488352007,3841563.0,0.9908256880733946,0.9908256880733946,0.7186544342507645,33896562688.0
1144,VOYG,0.8733944954128441,0.5198776758409785,34.71,23.920025,0.9367487345506,2381565.0,0.9908256880733946,0.9418960244648318,0.7247706422018348,2056989056.0
1145,VPG,0.8480637813211844,0.9225512528473804,150.71,6.066585,1.2041304025929156,486248.0,0.8246013667425968,0.8610478359908884,0.8291571753986332,2004593792.0
1146,VRDN,0.8133956386292835,0.5420560747663551,20.59,8.425488,0.8322186932657435,2600391.0,0.97196261682243,0.8660436137071651,0.5794392523364486,2273705984.0
1147,VRNS,0.8912878787878789,0.6616161616161617,35.03,7.09263,4.327816286927057,2230783.0,0.9873737373737372,0.98989898989899,0.6654040404040404,4114193664.0
1148,VRSN,0.9561032863849764,0.9507042253521126,280.0,7.041828,2.501968961921913,812357.0,0.943661971830986,0.9624413145539906,0.9694835680751174,25479999488.0
1149,VRT,0.891820987654321,0.7469135802469136,244.54,7.4901066,1.2080321444910789,6284125.0,0.9228395061728396,0.8827160493827161,0.925925925925926,94145003520.0
1150,VRTX,0.9416382252559728,0.9863481228668942,531.16,7.0735917,0.9515125824620853,1559353.0,0.9215017064846416,0.9215017064846416,0.9897610921501706,134542819328.0
1151,VSAT,0.9301552106430157,0.7006651884700665,89.81,17.10783,2.643165467625899,2294890.0,0.9889135254988912,0.9578713968957872,0.893569844789357,12265257984.0
1152,VSEC,0.8877358490566039,0.967654986522911,241.82,9.307061,1.0839418665232516,476008.0,0.9703504043126684,0.7304582210242587,0.9784366576819408,6786671616.0
1153,VSH,0.7960526315789473,0.6172248803827751,63.52,6.9720435,1.2525535650539763,5011523.0,0.8253588516746412,0.8803827751196173,0.6866028708133971,8645441536.0
1154,VSNT,0.8263984543698147,0.6825775656324582,38.22,6.789607,2.521145799477414,1953745.0,0.8714285714285714,0.9116945107398567,0.6702380952380952,5408054272.0
1155,VST,0.8176975945017182,0.6735395189003437,166.215,4.9099708,0.3427436787088049,4690972.0,0.7972508591065293,0.8419243986254296,0.8831615120274914,56044781568.0
1156,VSTS,0.7460975609756098,0.4658536585365854,16.75,7.9948406,0.7496988325702043,1554783.0,0.9804878048780488,0.8,0.3817073170731707,2212760064.0
1157,VSXY,0.8434713375796178,0.9235668789808916,87.41,7.31738,0.962048923605005,2246155.0,0.9363057324840764,0.678343949044586,0.929936305732484,6948371456.0
1158,VVX,0.7796650717703351,0.8899521531100478,83.7,3.3333297,0.8263178092939562,586295.0,0.7894736842105263,0.784688995215311,0.6985645933014354,2620687360.0
1159,VZ,0.7860328638497651,0.284037558685446,46.38,5.84208,1.5040334710243344,27000070.0,0.92018779342723,0.8755868544600939,0.6455399061032864,193662418944.0
1160,W,0.9549653579676676,0.7321016166281755,116.08,29.9743,3.6581096265551634,3696878.0,1.0,0.976905311778291,0.9491916859122402,15322153984.0
1161,WAB,0.9836158192090396,0.9463276836158192,290.0,10.0444,3.695285941650572,882785.0,0.9887005649717514,0.9830508474576272,0.9943502824858758,49206431744.0
1162,WAL,0.8367231638418079,0.8870056497175142,83.41,3.61491,1.7055022201677292,1064334.0,0.7909604519774012,0.903954802259887,0.7740112994350282,9107150848.0
1163,WAT,0.7924528301886793,0.9568733153638814,399.1,6.500511,1.0959541016913903,1000124.0,0.568733153638814,0.8921832884097035,0.9272237196765498,39185977344.0
1164,WAY,0.8516198704103671,0.5118790496760259,23.46,9.4727,2.5304607656941487,2696403.0,0.978401727861771,0.9827213822894167,0.5701943844492441,4499930112.0
1165,WBD,0.7742320819112627,0.3412969283276451,27.1605,2.1455412,1.9017482381528017,19648696.0,0.8703071672354948,0.9829351535836176,0.4573378839590443,68095086592.0
1166,WCC,0.8535211267605634,0.9507042253521126,346.93,12.14443,1.5487151243646389,650024.0,0.7887323943661971,0.8497652582159625,0.9248826291079812,16897187840.0
1167,WCN,0.8323232323232324,0.8787878787878788,159.44,3.9171,1.437992859285348,1653616.0,0.8055555555555556,0.8308080808080808,0.8585858585858586,40510660608.0
1168,WDAY,0.9630580357142858,0.7901785714285714,206.45,17.77626,3.0558474457191824,5052890.0,0.9955357142857144,0.9665178571428572,0.9866071428571428,50987671552.0
1169,WDC,0.937596899224806,0.7829457364341085,703.62,7.664524,0.6915254895535924,7776166.0,0.9302325581395348,0.9534883720930232,1.0,242525241344.0
1170,WDFC,0.9947368421052633,1.0,267.6797,11.803396,3.8475087057371846,168567.0,0.9883040935672516,1.0,0.9941520467836256,3601737728.0
1171,WDS,0.6409937888198758,0.7267080745341615,21.57,4.7087345,0.2536848982597626,890798.0,0.8509316770186336,0.5279503105590062,0.4285714285714285,41006731264.0
1172,WEX,0.958103975535168,0.9480122324159022,171.47,10.1426,2.6081267525618665,603759.0,0.9785932721712538,0.9480122324159022,0.944954128440367,5944546816.0
1173,WF,0.77782874617737,0.981651376146789,64.09,4.0422,0.8526205985028539,168721.0,0.8287461773700305,0.6605504587155964,0.7920489296636085,15547224064.0
1174,WFG,0.8557279236276849,0.964200477326969,71.19,6.15867,1.3417283010659125,183880.0,0.8663484486873508,0.8591885441527446,0.7768496420047732,5574449664.0
1175,WFRD,0.90125786163522,0.8176100628930818,90.485,8.599378,0.5375105185287496,1332173.0,0.9685534591194968,0.8805031446540881,0.8616352201257862,6490850304.0
1176,WHD,0.8816901408450704,0.8286384976525821,62.135,18.766727,1.835369835268173,767247.0,0.9366197183098592,0.908450704225352,0.7652582159624414,4313314304.0
1177,WHR,0.891743119266055,0.7186544342507645,40.72,7.55415,1.40380026310253,2913693.0,0.9694189602446484,0.8960244648318043,0.8348623853211009,2639597568.0
1178,WING,0.9290598290598292,0.8945868945868946,126.12,11.050456,1.2608603221312806,1251229.0,0.9914529914529916,0.8603988603988604,0.9572649572649572,3435830016.0
1179,WIX,0.9521205357142856,0.8169642857142857,80.06,16.450905,2.659270470502072,1723138.0,0.9910714285714286,0.9575892857142856,0.9419642857142856,3350471936.0
1180,WK,0.840625,0.8638392857142857,73.75,8.34435,1.155744119948923,946803.0,0.9241071428571428,0.7589285714285714,0.8258928571428571,4138801152.0
1181,WKC,0.9308441558441558,0.75,40.39,11.359246,1.2095230937277657,997890.0,0.987012987012987,0.987012987012987,0.8246753246753247,2074246656.0
1182,WLK,0.9128175519630484,0.8383371824480369,80.63,15.367,2.367872009985037,1128088.0,0.9630484988452656,0.9330254041570438,0.8267898383371824,10330552320.0
1183,WLY,0.7943942093541203,0.89086859688196,48.19,5.7726,6.266218510530904,435860.0,0.7133333333333334,0.9665924276169264,0.5866666666666667,2446141440.0
1184,WLYB,0.8417333333333332,1.0,54.28,4.5857363,260.4717741935484,248.0,0.7413333333333333,1.0,0.6613333333333333,2755271936.0
1185,WMS,0.7980066445182724,0.9368770764119602,148.39,5.5931125,0.6587320192526505,874477.0,0.8571428571428571,0.6445182724252492,0.893687707641196,11189398528.0
1186,WOLF,0.8605263157894736,0.5239234449760766,49.5,14.7427,1.237500365805546,6390007.0,0.9952153110047848,0.8708133971291866,0.7751196172248804,2572619008.0
1187,WPM,0.9354700854700854,0.8176638176638177,146.74,10.580263,2.298830068573013,1954559.0,0.9287749287749288,0.9829059829059827,0.9230769230769232,66643435520.0
1188,WPP,0.9370831912717352,0.7828162291169452,25.95,25.9098,5.704274497194246,482045.0,0.9904761904761904,0.9904534606205252,0.8273809523809523,5598984704.0
1189,WRD,0.735981308411215,0.4299065420560747,6.1111,6.838616,0.9568868673002172,2654458.0,0.9299065420560748,0.8551401869158879,0.3411214953271028,2010283904.0
1190,WT,0.7969036697247706,0.536697247706422,21.22,9.550843,1.2179169831674654,2951546.0,0.93348623853211,0.8715596330275229,0.5573394495412844,3245413632.0
1191,WTM,0.786853448275862,1.0,2173.81,5.31821,1.043715578284815,20336.0,0.8297413793103449,0.5625,0.9978448275862069,5383810048.0
1192,WTS,0.9052391799544418,0.9772209567198178,392.355,9.312407,1.058582892319289,382074.0,0.938496583143508,0.8154897494305239,0.9681093394077448,13101082624.0
1193,WTTR,0.9049202127659576,0.6356382978723404,22.26,20.3243,3.5706384802422906,1815342.0,0.9973404255319148,0.973404255319149,0.7579787234042553,3129200896.0
1194,WU,0.7815088757396449,0.257396449704142,8.88,6.47482,2.674509651436916,8666896.0,0.9467455621301776,0.9674556213017752,0.4289940828402367,2774423808.0
1195,WULF,0.8122754491017964,0.1796407185628742,23.625,11.543908,1.394278574124968,30715595.0,0.9730538922155688,0.9850299401197604,0.5449101796407185,11706958848.0
1196,WWD,0.7426229508196721,0.9836065573770492,415.62,3.2569556,0.3960013711752408,738053.0,0.6885245901639344,0.6120218579234973,0.9453551912568308,24763828224.0
1197,WY,0.7627240143369175,0.4767025089605735,25.005,6.4042516,0.9148421099663572,5438627.0,0.899641577060932,0.8422939068100358,0.5268817204301075,18029670400.0
1198,WYNN,0.8905303030303029,0.8181818181818182,106.335,8.949796,1.143040294987917,1504604.0,0.8863636363636364,0.9393939393939394,0.8484848484848485,11036162048.0
1199,XE,0.8225913621262458,0.4717607973421927,23.0101,13.052625,1.0196145123588305,5024545.0,0.9833887043189368,0.8372093023255814,0.6910299003322259,6614453760.0
1200,XENE,0.947945205479452,0.8410958904109589,69.95,10.383459,3.62646467254509,1309081.0,0.978082191780822,0.989041095890411,0.8767123287671232,6761755136.0
1201,XMTR,0.8382262996941896,0.8165137614678899,95.57,9.837947,0.5476494251305758,953086.0,0.9143730886850152,0.8042813455657493,0.7752293577981652,5279846400.0
1202,XNDU,0.8044258373205742,0.361244019138756,13.955,18.36302,1.2246321580224344,5154863.0,1.0,0.868421052631579,0.5717703349282297,4165725440.0
1203,XOM,0.7913563829787233,0.601063829787234,144.51,4.05385,1.074323420299371,17197863.0,0.8111702127659575,0.7978723404255319,0.8404255319148937,598986326016.0
1204,XYL,0.7581365848007415,0.744578313253012,125.5,4.4440713,0.9376111106052004,1976634.0,0.6490384615384616,0.8867469879518072,0.7307692307692307,29830533120.0
1205,XYZ,0.7833732057416267,0.6220095693779905,74.245,6.796614,1.1901955089907414,5777944.0,0.8110047846889952,0.8421052631578947,0.7129186602870813,44189212672.0
1206,YOU,0.836318407960199,0.7761194029850746,58.22,8.135218,1.3298160536051593,1431504.0,0.9552238805970148,0.7761194029850746,0.763681592039801,7781760512.0
1207,YPF,0.8697604790419161,0.7904191616766467,49.84,5.750051,0.6990453900884634,1940688.0,0.9221556886227544,0.9161676646706588,0.7365269461077845,19543603200.0
1208,YSS,0.7734501347708894,0.4663072776280323,15.83,10.854343,1.5826778567707618,1856283.0,0.9002695417789758,0.9514824797843666,0.3935309973045822,2080030848.0
1209,ZBH,0.7186936936936937,0.7657657657657657,95.11,4.127441,0.3401937247148541,2407540.0,0.6936936936936937,0.7162162162162162,0.7432432432432432,18400217088.0
1210,ZBIO,0.8626760563380282,0.784037558685446,33.2,9.246467,1.040348115327485,787670.0,0.960093896713615,0.8943661971830986,0.676056338028169,2096028160.0
1211,ZBRA,0.9764434180138568,0.9630484988452656,368.83,26.467552,2.678734770229791,970796.0,0.9930715935334872,0.9515011547344112,0.9976905311778292,17568622592.0
1212,ZD,0.889308176100629,0.8522012578616353,57.365,12.590777,0.8920094556589813,624388.0,0.9371069182389936,0.9056603773584906,0.7955974842767296,2113062784.0
1213,ZETA,0.8730659025787966,0.4154727793696275,27.395,12.922507,3.470011992891897,8741011.0,0.97134670487106,0.988538681948424,0.7277936962750716,6828412416.0
1214,ZIM,0.8782710280373831,0.7383177570093458,27.17,7.5187955,2.536081979094807,1145170.0,0.9579439252336448,0.97196261682243,0.6448598130841121,3274519296.0
1215,ZLAB,0.9036388140161724,0.7466307277628033,26.0,10.309717,4.285476251240607,881625.0,0.9784366576819408,0.9757412398921832,0.7250673854447439,2918921728.0
1216,ZS,0.8326754385964913,0.6710526315789473,154.37,8.8492365,0.3002926939465362,4586019.0,0.9517543859649122,0.7192982456140351,0.9035087719298246,24963098624.0
1217,ZWS,0.8068407960199006,0.8208955223880597,51.885,5.2220583,1.6193992188414854,964977.0,0.8557213930348259,0.8681592039800995,0.6069651741293532,8692932608.0
