,symbol,HotScore,regularMarketPrice,regularMarketChangePercent,VolumeSpike,MomentumScore,VolumeScore,VolatilityScore,TrendScore
990,PAG,0.9861006660689984,214.902,10.0988776,5.926083790027319,0.984351627248947,0.9965953878406708,0.9753592021449234,0.9769737035864756
1343,UFPT,0.9821948420638635,329.41999999999996,23.133854,2.126736329389194,0.9886597056765172,0.9677277331032706,0.9875848760574605,0.9994226327944573
688,ITGR,0.9776422764227642,121.21,20.1765,4.729896402086015,0.994579945799458,0.981029810298103,0.964769647696477,0.9322493224932248
1408,WAB,0.9763864361864549,290.569,10.2603133,2.4378271039947443,0.9856620864482354,0.969709493629327,0.9897497132607563,0.9405644050715688
580,GRMN,0.9754922149614302,297.23902,17.1862876,2.523909190509206,0.9883095188220994,0.9659579293339032,0.9871584116130465,0.9406692578422
1360,UTHR,0.975478270880705,559.62625,9.539955075,3.703112036661621,0.9591702821573374,0.9826481287325955,0.9909178624889536,0.9765825457143785
689,ITRI,0.9750947986808501,104.46700000000001,23.221278599999998,6.010641774374631,0.9989697802197803,0.9984191711902556,0.9527260337350179,0.8546345894033418
845,MKTX,0.9733052444670957,162.88309999999998,29.5499046,10.5750003713022,0.996814291085062,1.0,0.9217749787692776,0.9006524683346843
955,OBX,0.9713736009171526,34.42875,25.19545475,4.575736738703339,0.9953254166944066,0.989070028359547,0.8841759757413449,1.0
632,HURN,0.9705394633300192,167.14365714285714,28.792000614285712,2.7653656137554727,0.9830110073763249,0.9664937874507716,0.9601750681837521,0.9617777150378506
394,DLR,0.9698171352505671,202.046,12.660787199999998,2.622028389609766,0.9888910560642822,0.9902995067685076,0.9790642536090577,0.812875875372792
401,DORM,0.9688330597242749,148.30375,16.152688,4.322681013463374,0.9717051165634203,0.9979842523531341,0.9151097070219488,0.9641983919909124
1052,PRK,0.9658986143519636,205.71999999999997,8.6453643,2.647839888744445,0.9657602486553227,0.9748539282973795,0.9363809885745541,0.9940745470360705
696,JBHT,0.9632444959433627,295.37416666666667,6.91116535,1.830137561754061,0.9559279068756927,0.9764829568353064,0.970652197837986,0.9277025407691588
572,GPC,0.9606264097394376,132.57,12.9216,2.5376799765290494,0.9956816755152199,0.9805675398184893,0.9275154539360989,0.8343609358541958
194,BLK,0.9584965277712456,1094.0858333333333,6.69428805,1.5009803962430956,0.9407252787497858,0.9466943446636004,0.9922659327576495,0.9944647302503041
589,HAE,0.9564613725617966,104.59136363636365,15.865037090909091,1.4035817022320958,0.9935585322474456,0.9450117036881903,0.9289681422433198,0.9216816153566015
60,ALLE,0.9556012046441659,155.676275,11.237069250000001,1.932470996603754,0.9790737499157323,0.9595770921701214,0.9367023256599114,0.8973294478213486
582,GS,0.9517411993612432,1131.0033333333333,8.135808816666668,1.1912553483808281,0.9334600404731342,0.9391931565011492,0.996469251840263,0.970187300521915
843,MKC-V,0.9513109431218351,57.265,5.937247,8.939075454196994,0.9665795017109418,0.9935304071459828,0.8263623751095576,1.0
1311,TRGP,0.9511639417757686,298.0979545454545,7.249415590909091,1.1046720773332408,0.9753492241420496,0.924003778152749,0.9577481410822166,0.9484076275614572
900,NDSN,0.9488995060603991,331.662,7.01539205,1.8207501626365457,0.9394180684517857,0.9312440824782448,0.9777409538990357,0.9861956245508121
712,KBH,0.9477707006369426,61.51,16.6509,3.637814094387755,1.0,0.9915074309978767,0.8874734607218683,0.732484076433121
710,KARO,0.9454824598978049,64.7475,10.52833625,2.2055619002007774,0.9853916559653849,0.9811022330107326,0.8065784325841142,0.9589391223934096
1418,WDFC,0.945348192533961,249.47465,8.6968402875,3.3814863497288594,0.948406365759707,0.9165784260260001,0.967542481314931,0.9909501914597731
122,ATKR,0.9450447718920032,90.124,23.4997194,12.654035423044055,0.972300469483568,0.9354951394452964,0.917734643212605,0.9376938012437966
301,CLH,0.9435700581374137,327.838,7.9621017,1.6473989006859857,0.9493065168415464,0.9138199731054334,0.969631654505289,0.9754945575491302
1267,TBBB,0.9435487561787704,48.80467142857143,15.370350857142858,3.071914152925096,0.9831038829493812,0.9811503319082172,0.85144237272283,0.8577130643404504
1394,VRSN,0.9424246920076153,277.084,5.92706276,1.5237766154535504,0.9119975360491251,0.9605884675559337,0.9592324364097629,0.9517310346389218
41,AGIO,0.9420547410385617,43.3875,16.040384500000002,1.9647836656626774,0.9986702127659575,0.9774989006849703,0.848069711930963,0.807816089445444
1027,PKG,0.9412269227900278,251.82666666666668,7.6642472333333345,1.4537282404317107,0.9496917056078139,0.9102579820080194,0.9726109896362217,0.9572233419724183
1274,TECH,0.9398335308964403,70.62625,19.95965875,17.718887032458653,0.9954069686954811,0.9977034843477406,0.8858986916598077,0.6506513399935115
1474,ZBRA,0.9392113280596792,334.69166666666666,18.0851065,1.6955209258131851,0.9753292805895869,0.8784906351577245,0.9800416832581004,0.9436602089650008
14,ABVX,0.9369846180290899,136.00061875,16.3739954375,2.2133813939367464,0.9780597760504192,0.9334162347752428,0.9266260861138005,0.8264279701734815
1170,SGLD,0.9364951768488746,11.66,129.07661,4.630350588428936,1.0,0.9967845659163987,0.9260450160771704,0.5241157556270096
514,FOIL,0.9352369121116297,27.1569,23.3849435,inf,0.9942528735632183,1.0,0.6862420318225166,1.0
1358,URI,0.9346769798997439,1134.133,9.5908962,1.441306280451511,0.9417381033988459,0.8763394074797354,0.9962124639939306,0.9910735829345437
828,MEDP,0.9342754529157318,565.2999714285714,11.842247,1.9578747549273954,0.9726436532379396,0.8489310535004929,0.9912562392676831,0.9847305770374383
1165,SEPN,0.9321302500615172,46.288333333333334,19.175825666666668,1.5952445346513688,0.9881519066740275,0.9217370985104814,0.885434748350619,0.8658214857681533
681,IRDM,0.931417615325744,54.241666666666674,24.63618333333333,3.9805604627078544,0.9981132272153944,0.9969600243198055,0.8378400851581066,0.655739602568028
601,HHH,0.9306387483711874,69.20166666666667,7.4541941666666665,2.580656413065911,0.9488423738890038,0.97397002458941,0.8243642046540082,0.9278156797294111
493,FERG,0.9305022536557388,252.30125,7.669203124999999,6.174127806650696,0.8605279592135786,0.9936917036364452,0.9476251559388006,0.9200034047047041
1126,RRR,0.929891304347826,50.9,4.38885,2.569779662201739,0.9637681159420288,0.960144927536232,0.8043478260869565,0.9565217391304348
1318,TRV,0.9293628748001451,369.64750000000004,7.458307033333334,1.3840180478004804,0.9000078457868214,0.9269704624043644,0.968908083113391,0.961388503105519
709,KALU,0.9290894331495242,182.95125000000002,11.3383905,1.233406319527243,0.9787564086341115,0.85839305887645,0.9457926816538902,0.9692858319004962
813,MATX,0.9267126694100685,217.86444444444444,7.1108213000000005,1.3909883127557947,0.9190142730049075,0.9134287453559148,0.9387683933587954,0.9760393431202178
1282,TFX,0.9249544327006038,127.345,4.32128865,2.4073867673948133,0.8949040120793788,0.9605910267471958,0.8875080888697153,0.980295513373598
104,ARWR,0.9240952119523898,85.918125,15.123586,2.1942313475185133,0.9513181323420159,0.9384981404221856,0.9072552423495011,0.81208468015019
936,NTRA,0.9213591299005138,323.6188266666667,14.164622353333334,1.4966651426507451,0.9432474513959356,0.8572872214131889,0.9866243087112174,0.9384713267507679
708,JXN,0.9213036347117921,118.72909999999999,6.06220508,1.4101777097231594,0.9419364397370685,0.8910222832128781,0.9261461492044724,0.945388518384162
864,MRK,0.9207542566132931,150.7553846153846,11.530506615384617,2.069097574846087,0.9565930101959002,0.9763208219177717,0.9373299441422526,0.5676842654505752
882,MTRN,0.9206585514189615,295.5839285714286,22.265222942857143,1.378252638472329,0.9859916838238263,0.7996604091063949,0.9894215606239884,0.9779600676858643
4,AAMI,0.9202675470609676,79.15,8.29115,1.5576258598206834,0.9616684969393772,0.9220376290818464,0.8523097024790027,0.9050846245773878
450,EPR-PG,0.9201732418171324,19.56,6.35854,4.358578309250955,0.9647435897435898,0.9839228295819936,0.6923076923076923,0.9967845659163987
941,NVCR,0.919766844158352,19.853749999999998,27.512846,3.7386040847476147,1.0,0.990984740021641,0.7819793297691527,0.6652631919694696
1344,UGI,0.919529639588559,38.9,10.8577931875,5.706426002396493,0.992401868706152,0.9925324553537666,0.7621568944942467,0.7237124726873825
1121,ROIV,0.9193489309579982,41.721666666666664,19.442727333333334,3.2287485958072772,1.0,0.9890233502827801,0.8420336423422542,0.5478402989057441
869,MSA,0.9189903853936986,192.44333333333336,10.377590333333332,1.4230855712528108,0.9616257572372616,0.8540996849633968,0.9415441974013529,0.9517764114319757
1306,TOP,0.9180461739721678,16.403333333333332,12.786995666666668,2.310003318527181,0.9965034965034966,0.949682047410569,0.7000664556993555,0.9686794246237368
814,MBIN,0.9178016771918965,55.21900000000001,13.223291,1.6030617182006437,0.9755021351870132,0.9088664649069012,0.819528687088711,0.9436692974128433
145,AZO,0.9175950559102732,3013.7574999999997,4.822737,2.1005386405554214,0.8049728049728051,0.9610274990709773,0.9974747474747474,1.0
1016,PFG,0.9161997811519343,118.48,7.2508368333333335,1.98836171483095,0.9078346973083815,0.9530617736359362,0.8881026369064647,0.8726548894013009
929,NSC,0.9152667625657332,348.530025,5.31516825,1.5935717973493575,0.8788930617596296,0.9300083616919224,0.9393572292832584,0.9427981850103839
111,ASND,0.9130127018750074,253.5625,6.58281819,2.2935793259438633,0.8996805285001555,0.8936355199248016,0.950525129784598,0.9524705896935277
1176,SHW,0.9125628624887552,354.43899999999996,8.3017104,1.0728419756885674,0.9655151103300644,0.8414505190797457,0.9737797858089638,0.8536893503352889
98,ARGX,0.912235214632675,960.856590909091,10.656736686363637,1.1718626414835127,0.9031286123658346,0.853307325298801,0.9910878509554522,0.9926506625896206
1330,TVTX,0.9116123521680078,63.166999999999994,12.7579412,2.1675071347714088,0.9696099225329122,0.9435432345242868,0.8423767203567362,0.7353340312664095
1364,VAC,0.91087806791557,111.7757142857143,11.77200637142857,1.859089729187622,0.9602468595269938,0.8803913020474967,0.8624469738097823,0.9416531660254188
441,EME,0.9106190631419121,801.5633333333334,16.3963535,1.2966536614812028,0.9274090156440801,0.8242218742173497,0.9925728957198993,0.9903367254643185
143,AYI,0.9105341741855647,340.61428571428576,11.902431957142856,2.473405577455433,0.8370392471722027,0.9420390141486497,0.9556177493288411,0.9673323285749827
447,ENVA,0.9103168336439826,227.00444444444443,6.972316277777778,1.6022299177346124,0.8396818211711061,0.9382220946322651,0.9477701279853356,0.9849643751573561
635,HWM,0.9102823107000123,254.1833333333333,3.769477833333333,1.5429783222794249,0.869544882753282,0.9222169291033594,0.9426599466111772,0.9463368722795229
381,DGX,0.9095342053791179,236.24285714285716,6.643522885714285,2.259508013447337,0.8922779236561637,0.8977814065008501,0.9386878620716661,0.952758674098299
1259,SXT,0.9094150222267666,122.128,5.967379,2.7836970368806364,0.8784191952971201,0.9752864061551503,0.8388818931513147,0.9284168308820917
205,BNTX,0.9084542750028912,112.683256,13.157326176,4.25774364171714,0.856443475602114,0.9697778577830596,0.9050148169857275,0.8827384492093492
1161,SEB,0.9083361882647355,4158.897916666667,3.9609946666666667,1.7166344681535215,0.8614416092276818,0.8766617858144196,1.0,1.0
733,KNSA,0.9074729442359598,72.94888888888889,16.714745666666666,2.1266313399668877,0.9480767871937766,0.9155187569156032,0.8537347478896411,0.8446755421974869
478,EZPW,0.9071694250794534,34.309999999999995,8.524591691666666,1.51431455629636,0.988036580084766,0.9303117750747085,0.7618752008521544,0.8337246060320637
452,EQIX,0.9070091947872138,1093.3565,5.7826986,0.7840625749730735,0.911243209352617,0.8273923219854582,0.9937258676416769,0.9974158529055199
946,NVS,0.9058553886844697,161.58625,4.74254415,2.0662531710805525,0.847062773908563,0.961819865240502,0.8918351160392253,0.9437944177445193
1140,RYTM,0.9058018548403163,99.28333333333335,6.1181178,1.9523385378455025,0.9184398222859761,0.9148088378857611,0.8542924312155081,0.9330633753710676
380,DGII,0.905570519377202,83.01,14.1030975,1.9447513528235856,0.9571428571428572,0.847255369928401,0.9047619047619048,0.9307875894988068
1431,WKC,0.9055463883955235,39.94,10.118553333333333,1.8060748178656967,0.9753587782036942,0.9848016488363665,0.7343878872418442,0.7261266148313342
749,LAD,0.9046329072497675,378.2994444444445,11.688942444444443,2.4795387177466015,0.8768202683204147,0.8721399202809551,0.9690271371101673,0.9869141381725455
124,ATRO,0.9035372112724703,88.12083333333334,12.901428633333333,1.6290540753624871,0.9300947996720698,0.9126398238282917,0.8554786071648991,0.8748437161436399
328,CORT,0.9034063181235696,111.59714285714286,21.5260871,2.187254140817049,0.9526370864708751,0.8965984159963262,0.8662378279299592,0.8292632667405739
800,LXP,0.9032902461634367,60.909000000000006,4.100227439999999,4.631167749071092,0.8547446932755809,0.994083893845179,0.8057529053161006,0.9504965960795054
130,AVAV,0.9019001969795805,169.0485483870968,8.726579429032258,2.2631575556787995,0.8982546735006293,0.9211871480475249,0.8965748786414762,0.8578058370943141
262,CCS,0.9015695067264574,70.45,9.174025,0.6595067225167697,0.9596412556053812,0.8834080717488789,0.8340807174887892,0.8968609865470852
1119,ROAD,0.9007315063920708,112.29735294117647,12.044644370588236,1.3026774355091684,0.9129643287813943,0.8877470312377308,0.8941885214154475,0.9164482610228744
1385,VMI,0.9006070448796787,568.7316666666667,5.199899233333333,0.5013277397512328,0.8930918938866883,0.8309514629745701,0.9859593498911914,1.0
434,EL,0.8997810860201384,99.52916666666665,13.148289166666666,1.9596724105368544,0.9352219652158986,0.9193179433571722,0.9055024020576208,0.6959163760803948
620,HRB,0.8994619689497007,53.769999999999996,15.213201428571427,2.167603878610852,0.9735579358793702,0.9746405893914256,0.7661994369584851,0.6435259771322512
1442,WRBY,0.8991372763688976,26.78,11.57896025,1.8935416789953614,0.9896796330473823,0.9241919353783363,0.7932307051487495,0.706360863901462
1211,SNPS,0.8990258407699364,446.9414142857143,7.798019028571429,2.024264214864506,0.8314111427778293,0.9059699737868664,0.9838426551309151,0.9417391894610999
1235,SSNC,0.8986464934299937,73.917,10.406278,0.9297253515416507,0.9812631421195013,0.8859873374558884,0.8681772725767816,0.7147337106325101
398,DOCS,0.8986022529519898,28.74666666666667,35.77925411111111,10.794004693901051,0.9959102742950725,0.943198409257712,0.8467533792310407,0.5056353786230721
1420,WEX,0.8978631342441364,170.817,7.65975466,1.4074800142696229,0.8755762638342045,0.9095469861497328,0.895038452866675,0.9406230617642354
631,HUM,0.8977905809889616,400.565,4.7643658,1.245715882046782,0.8694937541091387,0.8610159521090696,0.9759449577263343,0.9692319226732181
255,CBZ,0.8958950202052488,51.045,14.312719285714286,11.100004083676742,0.9774954017086808,0.8829394808567719,0.8123957049755184,0.8226367031223684
136,AWI,0.8957814214477138,170.37277777777777,6.9745764,1.8581595231979122,0.9045835289912993,0.8680225460337605,0.9004881699512066,0.9527166119870158
1432,WLK,0.8956814395296104,78.58,12.434174500000001,1.7635494748636633,0.9342985519330473,0.9488222749313057,0.7767248299405565,0.8124418413897558
905,NESR,0.8949685869520732,32.52125,16.81771133333333,2.457210928924375,0.9803771136743363,0.9673558986539995,0.7601674922234282,0.6122853419247007
409,DTM,0.8949447973094707,132.85416666666666,4.818643416666666,1.2477777505743328,0.8839728490352319,0.9166786013951823,0.867382494702313,0.9124029071836316
1130,RTX,0.8949055440287964,209.01375000000002,7.2525395,1.231113498745826,0.9401251119177398,0.8624124245220501,0.9244192468573594,0.7913355690339793
1223,SPSC,0.8947249617842572,75.2916875,8.4424922,1.8062521007994858,0.9277314136154643,0.9383457192270436,0.7824967301264031,0.850986192640989
426,EDU,0.8945811047067931,58.11416666666667,12.442940833333333,1.6439045951047084,0.9447218159300768,0.903045441378513,0.810012522279883,0.8586006019281012
1078,QLYS,0.894111703185,168.51,10.137853719999999,1.2307082157990155,0.9422072178522323,0.8150550436913695,0.931348151037108,0.9280028143731782
87,APD,0.8938219169602818,299.61785714285713,7.093448628571429,1.5100477973165682,0.8493807652527797,0.9079392814003876,0.9321956197963301,0.9232077667240721
374,DE,0.8937214012384326,642.6215619047618,5.577235933333333,1.4133866716549779,0.8397006886465983,0.8668297233061236,0.9928066664494798,0.9787442376508405
293,CIB,0.8935544472271819,98.91,7.13752855,1.1957694370563974,0.9099086629288506,0.8885662840646129,0.8551782178974588,0.9305257219997793
1020,PH,0.8932981020570518,1069.8,7.31267,1.7975872805719992,0.8857142857142857,0.8162291169451074,0.9904761904761904,0.9952267303102624
1064,PTCT,0.8932801754726324,72.24000000000001,6.206345725,1.8538015944954715,0.9406947206324571,0.8756813317183249,0.8422860422165609,0.8909134870654666
504,FIZZ,0.8929507932653977,33.74272727272727,8.378134672727272,3.3570556721932125,0.9502818727056411,0.9872209556572301,0.6438817818145737,0.8604844697547803
1299,TMO,0.8927707685885675,606.41125,6.6089463625,1.4309227952205654,0.8729333702504317,0.8438404244079177,0.9844097798328465,0.95017984491576
766,LFUS,0.8922097749030968,413.5665,5.48820574,1.4317997493959598,0.8389869553269327,0.8800149221738056,0.9602957255061366,0.9849997267661108
105,ARX,0.8916043632312071,17.798333333333332,34.93030774444444,21.160763894712595,0.970065047125979,0.9936722863843532,0.7461005074791616,0.5507619500675838
807,MAN,0.8915216983874586,54.44701,21.90464136,2.400847076275891,0.949004407726717,0.9067447780092172,0.836970720542207,0.7461533927144025
963,OLED,0.8904773302671973,89.55,5.7115668,1.6680133710105398,0.8526930114640514,0.9340501169349779,0.866882908006961,0.9174065372614485
762,LEN-B,0.8904047709164953,81.33999999999999,6.0357172666666665,1.633996321881713,0.9039880999333857,0.8879537103523426,0.821547463438035,0.9891564462888351
1158,SDGR,0.8903920644094316,30.224,16.176889199999998,4.208424623079525,0.9378775510204083,0.9738018728118314,0.7491478356979024,0.7147469892856748
808,MANE,0.8903193668396485,118.20925,9.66935635,1.3548005818843607,0.9096073353863954,0.8492682052401038,0.9125856813153481,0.9219579135730424
429,EFXT,0.8900652844338857,25.28,10.925841,2.7135366211107304,0.9876700552472903,0.979199893673578,0.6502497850826305,0.7161084529505582
83,ANDG,0.8890447848798216,47.634416666666674,7.903012716666667,3.4854686210333075,0.9021236410801136,0.9431940679334007,0.7533009443545442,0.9252339785418277
996,PAY,0.8888529624199255,38.483333333333334,20.808295166666667,2.794690675436861,0.9511474950229851,0.9550978895925998,0.7317542579103794,0.7531622622239494
11,ABM,0.8885258482740601,50.730000000000004,7.8214655,1.745526463175581,0.9358201887593482,0.9039956239182261,0.7615117076516116,0.9228797230658699
261,CCL,0.8870807533539732,25.05755,13.1777175,3.366827360711616,0.996173030615755,0.9814241486068112,0.803233574131407,0.342750257997936
351,CTAS,0.8869928883447593,199.26458333333335,5.767133366666666,1.275973915359044,0.8727227745447187,0.9046675189051019,0.9155275236082788,0.8180078091566635
966,OMAB,0.8868421052631579,108.94,7.0453043,2.0093603560004247,0.8301435406698564,0.9688995215311004,0.7966507177033493,0.9784688995215312
192,BLBD,0.8859882033693891,81.65,4.225179150000001,1.5475274869913922,0.8133079561301022,0.9540383673161724,0.8462433573286097,0.9816831869747108
239,CAAP,0.8856705918111224,26.74,8.189484766666666,3.805970811415611,0.9170797709624284,0.9599390148246921,0.682069835542657,0.9230004967709885
1365,VAL,0.8852819386795535,84.32571428571428,7.218800607142858,1.3334080141882432,0.9048544726490064,0.8954817132323696,0.8341174423814881,0.8834078514477431
644,ICLR,0.8851143368709077,172.1575,7.111090825000001,1.4269566716388802,0.888311120174836,0.8780222839610748,0.8911361169942165,0.886704220244955
103,ARW,0.8849474113987543,233.413,5.772837,1.1982843526713147,0.8790191293658202,0.8604237025244936,0.9150318154516072,0.9313605714682309
1197,SLG,0.8847324131871144,53.43875,6.6216105249999995,1.8205687508278645,0.9284597237184296,0.9462609058545355,0.7393467651493904,0.8071083980669864
1175,SHOP,0.8846121351599502,134.59380588235294,10.768400805882353,1.9810489402484583,0.9415022261441919,0.8901367538724339,0.9165446243396236,0.602295672862065
265,CDNA,0.8845251707901498,49.98595238095238,11.56762919047619,1.9556496064915254,0.9163701338734033,0.9315499087423171,0.7844686436973834,0.8085942713517101
109,ASH,0.8843776709594922,72.788,7.02543294,1.7402988324466833,0.9320085499531382,0.9238427813997546,0.7604852622646824,0.8273265253304316
1095,RDDT,0.8842114460475903,177.58193214285714,10.006346496428572,1.585744972931011,0.9305722147840386,0.8420186805614333,0.9408610797176749,0.756324167331402
645,ICUI,0.8832188326663232,177.5131818181818,8.899443209090908,1.3442475645260503,0.8519229329554642,0.8611708697195855,0.9305984229050318,0.9751631714904933
158,BBIO,0.8831424478993146,88.81296,12.96309054,3.83607632697598,0.9778103181069945,0.8706031108997874,0.8523446878425263,0.6572881017843577
543,GEHC,0.8831352463386676,70.10916666666667,10.305527833333333,1.8424313040887974,0.9586433982770849,0.9215718989983558,0.8248116891549534,0.6009755446127291
778,LKFT,0.8827586206896552,31.335,3.7926416,1.8304400879240488,0.9211822660098522,0.9605911330049262,0.645320197044335,0.9507389162561576
1448,WTS,0.8823195251333815,389.6775,8.566438,0.9125117123907934,0.9270227739855422,0.7652475522144875,0.9622360324088941,0.9757770448159228
506,FLR,0.8821391863941791,56.58,13.622956340000002,1.6574335582086335,0.9362287932231302,0.9151295908598975,0.8206975515534181,0.7002424165443569
839,MHO,0.8820594479830147,158.83,6.848310000000001,1.5493619146337878,0.8874734607218683,0.8343949044585988,0.9214437367303608,0.951167728237792
178,BHE,0.8820341237671477,82.085,6.382836999999999,1.5406303766943434,0.9215607513116062,0.8518156708435165,0.8430220100224984,0.9274797400835505
1290,TIGO,0.8819343107171269,104.31,13.639813,1.7810629227123744,0.9523809523809524,0.8090692124105012,0.930952380952381,0.7923627684964201
211,BPYPP,0.8811757976749938,15.93,5.1485195,2.594144144144144,0.939102564102564,0.9356913183279744,0.6282051282051282,0.9935691318327974
1257,SWKS,0.8810120192412821,84.48602000000001,8.78058564,1.6317854356738148,0.9333091754139089,0.9011268615255499,0.8590791653426997,0.6714357324393159
1117,RNG,0.8808108179065898,51.75635384615384,14.835736338461537,1.9652977607130053,0.9685127088988706,0.8923734674446973,0.804892101797174,0.6852223582690624
1348,UL,0.8805764681344543,66.774,8.8056106,2.154681557671131,0.9713325909245454,0.964182391862143,0.7309215694625021,0.5696191026661295
502,FIVN,0.8804063026690014,33.88305555555556,17.60521411111111,1.711740968617351,0.9801810215251857,0.9364682673858307,0.767752204756617,0.5602861059882233
734,KNSL,0.880283770597748,341.38642857142855,4.962953385714286,1.1211935251559066,0.8350678424851626,0.8526201279121243,0.9538338006786242,0.9882622082297281
794,LTH,0.8795289855072463,39.67,3.87536,1.8434089780753031,0.9420289855072465,0.894927536231884,0.7753623188405797,0.8152173913043478
1396,VRTX,0.879327238253787,527.77875,5.9568045312499995,1.1733584565147903,0.8656022464947887,0.8114109837945225,0.9801647265604676,0.9633966234043456
112,ASO,0.8790665989986725,51.2755,8.33593674,1.6615830412642982,0.9397803952520661,0.890897350751931,0.7848612907026205,0.8135712975674929
146,AZZ,0.8788990825688073,146.45,3.93897,1.3231749723104322,0.8165137614678899,0.8776758409785933,0.9357798165137616,0.9877675840978594
725,KLIC,0.878570358384055,111.871875,5.8879945125,1.311163930864679,0.8959713965359397,0.8828835223674024,0.8467740868218564,0.8661631940351404
850,MMYT,0.8783684463550534,57.89388888888888,9.959202888888889,1.5233481930037354,0.958847566996706,0.8824708242962866,0.7831646468191686,0.7727408003867222
486,FCFS,0.8782816183409734,225.16143571428572,7.336481428571429,1.058621570777802,0.9200974771787896,0.7553148227299629,0.9703037761317652,0.9782655814655701
198,BLTE,0.8781551071674898,171.18454545454546,6.818114231818182,1.4687262355317698,0.8483041222791153,0.8585909381282621,0.9100456045049515,0.9873271512391749
341,CRNX,0.8780168111180311,48.91458333333333,23.590892825,11.592680436960146,0.9738182861643999,0.8986005488340091,0.7396702969871325,0.7473615947116152
1288,THC,0.8777832614503153,216.3046285714286,9.2484568,1.228367560154534,0.9086627871601868,0.8073814272593858,0.9363316563499323,0.8990145513347837
1439,WOR,0.8776548588972582,59.840999999999994,6.90540208,1.912753461846022,0.8618829532013234,0.9282513872103335,0.7829775736420693,0.9451232502476457
569,GNRC,0.8774565747306329,211.665675,11.3661245625,3.2435044700276943,0.8953321624918004,0.8067389016319539,0.9416008392503189,0.9341153443725512
1125,RPM,0.8774335170507381,106.61100000000002,5.00443318,1.359804526518347,0.8526687146329117,0.9240678942242988,0.8309224277800519,0.8939121839470404
711,KB,0.8774055995717472,123.06715714285714,5.9694046342857146,1.229126712946788,0.9091615313236268,0.833533317517448,0.8510734831019727,0.9724770585697662
649,IESC,0.8773317233624934,745.6565625,12.786266575,1.2265443084628436,0.8388051800190559,0.8220109701259325,0.9831747535789115,0.994111200959652
1066,PTGX,0.8768171210820551,139.544,6.1539506,1.183421847971903,0.9173729452834717,0.8061692025320447,0.8885428494419086,0.9586879945824268
75,AMLX,0.8767558942771403,35.433858620689655,25.013635420689653,5.619170838606754,0.9119458998416721,0.9809486540945204,0.7370495367718357,0.6683289304510586
627,HTHT,0.8765494638644763,46.198461538461544,9.495539553846154,1.4116331134190858,0.9453817980124151,0.9331027685816925,0.7495871567942088,0.6916243419769688
655,IMOS,0.8764409830886263,68.31126666666667,9.533110593939394,1.2340000708847232,0.9304338593595408,0.8353258494027012,0.8076934890314438,0.9688638721555288
532,FTDR,0.8763001477440618,89.92,17.727178000000002,1.5424151228943432,0.9761904761904762,0.7303102625298329,0.9428571428571428,0.9045346062052506
956,OC,0.8757729579591924,141.88,9.379176,2.10439625091122,0.9017509245093328,0.8496164633628708,0.8837994715978512,0.8603447788435105
323,COIN,0.8755866545434186,177.95494696969698,7.986096774242425,1.3162524248325471,0.8747567086414443,0.8887684092292599,0.9379872798689473,0.7075540731488262
1369,VCTR,0.8755489157055543,110.055,5.309277036363636,1.4947897175993463,0.843970203763501,0.9115620988232973,0.8405530417596672,0.930020014482415
317,CNS,0.875147928994083,84.65,4.41594,1.4960794813114553,0.8668639053254438,0.878698224852071,0.8313609467455622,0.9792899408284024
1177,SIG,0.874765625,100.755,11.1692785,2.1766306933902304,0.865625,0.8616319444444445,0.8774305555555556,0.9473958333333334
1148,SAP,0.8747072385597743,173.2013125,6.65968138125,1.1814847310274,0.8621660681950827,0.9018855683343368,0.8966124546662088,0.7796667484123571
806,MAIR,0.8746996456862532,28.4355,10.2006251,1.9773488323936714,0.9607711640763416,0.9540706139264552,0.7195250410452231,0.6060001517622979
495,FICO,0.8745927260979659,1081.328181818182,7.6219212818181825,1.8356752513844221,0.8928880401374308,0.752294868788714,0.9970748774877247,0.9936373247627024
616,HP,0.874548794846908,42.61266666666666,9.31925086,1.4540228250419391,0.9435046593228277,0.8808332846356681,0.7767461945153634,0.8068127555836179
991,PAM,0.874423076923077,88.64,3.1777391,1.5276855966885166,0.8307692307692308,0.926923076923077,0.8038461538461539,0.9846153846153848
656,INCY,0.8743971143877834,125.79785714285715,7.897427657142857,2.033120551236874,0.8811848719791383,0.9114171070121007,0.8417384058805065,0.7863874056474851
757,LCII,0.8743747308464553,106.11833333333334,5.991139233333333,6.073685836180768,0.8034067314403198,0.9985016002572534,0.7608614460137533,0.9153452554955409
81,ANAB,0.8739361702127659,69.81,5.1513753,1.2337949481702122,0.9175531914893617,0.8803191489361702,0.7632978723404256,0.9202127659574468
742,KRYS,0.8734380031669305,349.192,5.2587906,1.5077397630036713,0.8217844079599226,0.8367668046411275,0.9678589141687735,0.9937329592280838
880,MTH,0.8729299363057325,82.39,8.98148,1.5229967031420006,0.9596602972399152,0.821656050955414,0.8450106157112526,0.8046709129511678
884,MTX,0.8726986098765047,76.87875,6.0250271,2.30843479919712,0.8690208987241936,0.9421090849140863,0.727987070605828,0.9320570148194118
625,HTFL,0.8725264044347617,45.854285714285716,15.555852153571427,2.407442673031528,0.9534947656588765,0.8713945110283217,0.7945198934027681,0.7491117891368873
1276,TEM,0.8724289983487246,66.06694107142857,11.129542803571429,1.7468369716626555,0.9281542245733528,0.9181309126161826,0.8388958766277099,0.5845002500684507
782,LMT,0.8720330426456084,581.1833333333333,7.685532066666667,1.458926631444287,0.8592025306235764,0.8012132890059024,0.9690820176378189,0.9707110224772713
32,AEHR,0.8718074779260984,108.49096805555556,11.777045272222223,1.2567493859421548,0.9393237334528693,0.8294844214516736,0.8793578677480367,0.7685305015990106
1333,TWST,0.8716075462675976,132.8727876923077,10.07904467076923,1.1295582384443512,0.9256928196331317,0.8035965913789668,0.9088531520021589,0.8458562201293142
1015,PENG,0.8713253148376449,73.11705882352942,14.040982,2.000218854543721,0.970609887714168,0.8402324740080259,0.8493167811425645,0.6766713200636406
1120,ROG,0.8712388925289,142.18833333333333,7.317437883333334,2.044777141403574,0.8931030236528947,0.798079819422063,0.9097780161696729,0.9736929421873016
400,DOO,0.8711818935352412,67.47291666666666,5.47401985,2.0746591351069172,0.848170302122068,0.9508811350067877,0.7294549720840412,0.9562289612333351
738,KOF,0.8711521667321073,108.63875,5.772320875,1.2010876519513756,0.7934100724558587,0.9395165641615976,0.8273937810748394,0.9914908770102977
865,MRNA,0.8709614017921951,138.2969971830986,32.47205904929578,5.450562365614579,0.8474472573037746,0.9356729781425852,0.9338044166333433,0.6010843605930047
1210,SNOW,0.8705427433330029,320.4821875,10.8820487,1.90491137336926,0.9050195411598544,0.8067348191317782,0.9682708031829128,0.7777455659434888
680,IR,0.8703426396616748,83.17928571428571,6.089528085714286,1.3947734850942664,0.9425482857963475,0.9227722367203925,0.7801823229711484,0.614439921865861
928,NRIX,0.8701318652048435,22.43125,16.224095,2.5563696209148565,0.9874479017987331,0.9606442823669489,0.6641944010708969,0.5546072053267543
1332,TWLO,0.870014990888609,261.11925925925925,11.541457159259258,1.3787978584561271,0.8562551624925901,0.8197322942958911,0.9606261033892742,0.9129416033478582
849,MMM,0.8699074244880803,171.512,7.79460586,2.072982828880825,0.7966780018815183,0.9777265872084697,0.8695416821025364,0.7495748188607735
185,BIO,0.8697741404261432,314.132,5.9546250800000005,1.2508398481774863,0.887148071528976,0.780307989008707,0.949370568148122,0.9629040560832978
359,CVSA,0.8697066974374235,137.41076923076923,9.497967915384615,1.0590400224554073,0.8952493451801244,0.7969676153691083,0.9028503076494623,0.9686069971529949
1220,SPGI,0.869605517984131,432.96299999999997,6.1201617,1.1930428094794427,0.8660690013652877,0.8043292163071745,0.9623301909125633,0.9250010361625662
1428,WING,0.8693672168711326,123.83641666666666,7.654744833333333,0.8836704085201612,0.9355006353553686,0.7906965788305541,0.8926524300629285,0.8666770589347388
960,OII,0.8692089182845463,51.16498571428571,7.1997127,1.9852155192291412,0.9115387982827868,0.9231460951325426,0.7348702455310889,0.8009515648296313
1080,QRVO,0.8691611441920906,114.74849999999999,6.7152026000000005,1.2592494279753579,0.8902736158573812,0.8469462703569062,0.8697061981512539,0.871929443868392
331,CPK,0.8691489361702127,133.91,3.91092,1.4739070398374627,0.7925531914893617,0.9361702127659576,0.824468085106383,0.9920212765957448
44,AGX,0.8690864146204667,516.2261272727272,9.667206645454545,1.046192429050151,0.9136327728754996,0.7266595423324822,0.9788472417927413,0.9921465593912469
1022,PHM,0.868895966029724,135.71,7.23825,1.5514688342516305,0.9087048832271764,0.8386411889596603,0.8959660297239914,0.7813163481953292
250,CAT,0.8684973114679071,979.9077285714285,6.081453071428571,1.3016128114466905,0.7751025950363973,0.8780911138142373,0.9865089346252917,0.9257772644512663
432,EHC,0.8683285032390045,124.82,12.5518,1.5672899688155713,0.9452380952380952,0.7398568019093079,0.9476190476190476,0.8902147971360382
85,ANF,0.8683184971504149,142.47958333333332,19.226547558333333,4.605012779108073,0.9075923072969277,0.7970993017230086,0.9151827628113639,0.8863988143116438
68,AMBA,0.8683164390846947,75.93052800000001,10.659903436,1.9237540885273112,0.914920291382583,0.8519585431140265,0.8349837704742455,0.8291209291603232
1266,TARS,0.8682193200475963,73.1435294117647,7.203126582352941,1.3293307773893255,0.939027645891643,0.8434438633187774,0.7855212018395472,0.8725005145603972
1308,TPG,0.8681524090095465,55.05,8.19575135,2.032001019698492,0.9189396522332083,0.9351053741902489,0.7550502898056597,0.6822659180020456
591,HALO,0.8680756316341294,103.0946875,10.7528758,2.0410869214394896,0.882307628833487,0.877209266236217,0.858178332105206,0.8060905193869181
997,PAYC,0.8679672434453954,190.97333333333333,11.894393549999998,1.9936380755320824,0.8838078298806299,0.7971404533224975,0.9337578752026604,0.9288376928376879
487,FCN,0.8677477468260906,142.6175,6.02743675,1.3466249539224355,0.9004286324041288,0.8317384370015949,0.8521699139729355,0.9105528973950026
1072,PWR,0.867301024505061,687.8713636363636,9.87352159090909,1.11908910410489,0.8794728232424823,0.7657029619141511,0.9813692127846321,0.9521565714331284
186,BIRK,0.866864775323019,39.675,11.465491029999999,1.3076027075792798,0.9522015335528268,0.8951535280395173,0.7613170494703537,0.680270938716277
614,HONA,0.8666012275855561,198.86130714285716,6.916162617857142,1.530394803690996,0.8371638724670962,0.8830086269900723,0.9102911549348626,0.8248262178857468
501,FIVE,0.8664913926883614,251.564,5.07797512,1.1019930248240706,0.882681813342875,0.7951870749607934,0.9266292340819611,0.9391143496568531
76,AMR,0.8663648869358124,194.0282783783784,7.780733791891891,0.9158218253555954,0.870929283879214,0.7828925069667202,0.9464187904604997,0.9824350204763542
195,BLKB,0.8662878787878788,43.725,21.694958,0.9237445139047128,0.9949494949494948,0.7651515151515151,0.8585858585858586,0.7853535353535354
520,FRHC,0.866141473933101,162.8868142857143,6.7682458428571435,1.1340798888908994,0.8530134510129244,0.8182041485337199,0.9093087115304276,0.9935357178569001
254,CBRS,0.8661171835310538,228.1002761904762,11.577981628571429,1.0545019035595478,0.9228103455268908,0.8091279650859126,0.946189736956727,0.707008274252272
719,KEX,0.8660017780393087,141.598,5.7411688,0.9144137418334625,0.8990065026305091,0.7896217491769593,0.8954100774262972,0.9589987442143529
234,BWXT,0.865537521440981,154.51833333333335,5.744626333333334,1.2493319166914605,0.8872083157595759,0.8084177080585625,0.8938106532030404,0.9330628246402455
1307,TPC,0.8653889425779108,89.3115,9.279529100000001,2.293360675242886,0.8323543771892474,0.9253587775919694,0.8045568283842182,0.8927797272764131
615,HOOD,0.8649620788369705,111.18004827586206,10.534324720689655,1.2383737517144193,0.9536394916359668,0.8601484860451468,0.9276504073024399,0.4460620518809274
304,CLS,0.8648299832388512,338.2023205882353,7.414190217647059,1.1681503468236178,0.8477626179690326,0.8245250397338332,0.954535171440137,0.8862226875482079
919,NN,0.8646650433743596,18.211683333333333,15.234097499999999,2.8309257118525326,0.9745601590529976,0.9520319405430523,0.6830635383109037,0.5374510085356122
62,ALMR,0.8638901534837644,34.9,12.879607595999998,2.018165229551731,0.899351943832362,0.9149080484013458,0.703173159363437,0.8826452432927931
1194,SLB,0.8638648657725154,54.6995,8.0788881625,1.470347147760098,0.9620406083467031,0.9222258101603236,0.7901317237962538,0.46345274535805414
237,BYND,0.8638596160570163,13.569166666666668,11.131587333333334,2.329280919840538,0.9849360322670583,0.9630824398412258,0.5918488632766293,0.6368337816379113
437,ELV,0.863059262166405,419.08500000000004,6.0491455,0.7103789054043628,0.967425431711146,0.6548273155416012,0.9885007849293564,0.9757064364207221
954,NYAX,0.8624000042177263,53.938125,5.5098703375,1.345268556604072,0.8790220305292673,0.9042888028630232,0.6927892490057708,0.9968336272927054
150,BAH,0.8623117111983715,73.4043875,9.324013875,1.085668284741039,0.9414995310509664,0.8220056719217875,0.8436313828474814,0.7635861358841136
986,P,0.8618340194066063,109.32425555555557,8.417516216666666,1.099936843568245,0.9252579822249175,0.8155058618762786,0.8881943910952242,0.7492779575214286
1047,PPC,0.8617736389539499,31.457871428571426,11.317258464285715,1.5864832437461296,0.9526009946885798,0.9515770957221471,0.66394704981312,0.6252189734757155
1341,UCTT,0.8617703112685917,104.43807692307692,10.127087815384614,1.0534252600758096,0.9324627619696753,0.8100619487161038,0.8402306254881785,0.8384053743093338
349,CSW,0.8615809133324642,323.235,10.928545424000001,0.9497025974426025,0.8737883670026051,0.7650743098836583,0.9418619365614473,0.9960658910998272
246,CAR,0.8612980132450332,147.8,7.0084045,1.0480088076308736,0.981177336276674,0.6573509933774835,0.9518101545253863,0.9745106696100073
1074,Q,0.86098837572802,133.52,5.9346277333333335,1.3891349682758507,0.9019780980825001,0.7515676174811352,0.950792826328471,0.9208881001505337
1224,SPXC,0.8609052991036492,224.7225,12.7558985,0.7946315764221704,0.9790471310440775,0.6657809117304772,0.963631706076456,0.9248914291726402
273,CENT,0.8607958290714854,46.54,5.6286885,3.6358030892879567,0.830952380952381,0.9618138424821002,0.6785714285714286,0.9761336515513126
952,NXST,0.8607297834628633,180.499,4.93797114,1.567035239433203,0.7796998253679746,0.9081328265722741,0.8720907322313701,0.9557020883750239
684,IRON,0.8606128063055104,79.3695,4.9600206,2.086036234837927,0.8175629026443378,0.954087330656041,0.7299337781248164,0.9454846902541464
202,BMRN,0.8605330465044029,68.25166666666667,6.960764999999999,1.5220371073497618,0.8937930843644201,0.8954327676277712,0.7892554541349286,0.7645290748015023
962,OKTA,0.8604998822019554,172.7186111111111,8.003426977777778,1.3094920444974834,0.8962562867394488,0.7962562632515439,0.9195698558943,0.842065185262479
454,EQPT,0.860371937573861,18.670499999999997,12.8547337,1.9425076879331677,0.9631106384890915,0.955916458747209,0.655855689886923,0.5754131556377132
1449,WTTR,0.8600098789771942,21.456,15.978374200000001,2.2362030956150414,0.9794419109621572,0.9079135282243007,0.6924203617066143,0.60951402920611
243,CAKE,0.8598272620206769,95.94892857142858,7.350370692857142,1.611777216540149,0.8593064906973514,0.8589558495715341,0.8675827932700457,0.8491888427255779
1407,W,0.8597012891280582,101.33727272727273,17.26528472727273,1.4912978755346442,0.9838026515762377,0.7628582378966408,0.9060557290457442,0.6715883200340191
1231,SSB,0.8594933703968382,105.96600000000001,4.65777694,1.0860023595402784,0.8431888047843774,0.9102612384362123,0.7869691082281643,0.8839203362399888
490,FDS,0.859278863181609,267.2240625,6.37616146875,1.0347624752705205,0.8911348341608231,0.7484988834918314,0.9518701551442228,0.9503303097433539
101,ARMK,0.8592532675993122,60.69428571428572,8.94644892857143,0.9489431813402882,0.9572036055147741,0.8566102007785144,0.798647589713852,0.646889174538909
170,BELFB,0.859195149285237,287.6235294117647,6.827403676470588,1.066736953103931,0.836846208154874,0.8009059704894625,0.9396219178099328,0.9805750319773265
485,FCEL,0.8589384973759272,33.81214285714286,21.237237285714286,1.7988391260462946,0.9831573232313237,0.9393310153858593,0.7470689932723158,0.3665378020544994
21,ACMR,0.8589032234971068,95.53083333333332,9.057330583333334,1.2097666036362904,0.942475157844822,0.7719390509505323,0.8591865876826886,0.8702093288219506
662,INOD,0.8588837530033666,76.61593571428571,8.985356142857142,1.3522885296937568,0.9152601868839406,0.8492001863132185,0.8160207630416207,0.7811846977603681
1077,QGEN,0.8588276575153171,42.873333333333335,9.043402500000001,3.6012845957492985,0.9450857211987901,0.9626566008931259,0.6625543395511203,0.5860697687292244
1079,QNT,0.8586885895948179,70.24345,19.33216606,0.8915450049049047,0.9839649177159762,0.8058319403663458,0.8490160889466429,0.6245647147667666
1356,URBN,0.8585548104609729,80.28642857142857,6.505821071428572,1.4058705598579644,0.9114603821995819,0.856018315431234,0.787287273824582,0.8247981152527102
863,MRCY,0.8585546160850258,101.645,8.239962016666666,1.1527734374139929,0.9528439828433851,0.7367838704056157,0.8784700265735802,0.9149086213315943
1073,PYPL,0.8584990496550515,54.39833333333334,12.5747751,3.372604803183147,0.9495958305001382,0.9069696459952241,0.8396218685866343,0.40776759164347826
848,MMED,0.8584223556125758,20.17625,6.842699516666666,2.51124368206352,0.9308697567666785,0.9510954465948321,0.6128039907928114,0.7717373627748491
687,IT,0.8582028275859735,186.77142857142857,14.786743985714285,0.989628668591389,0.9577825712163223,0.7087557466885013,0.933726563654025,0.8816910358848024
48,AIR,0.8575718874002968,150.0225,5.257942083333333,1.5106667821729598,0.8542337255490501,0.8262257134142628,0.8714141982541818,0.951282441123008
923,NOVT,0.8575310123245541,156.7088888888889,5.725094744444444,1.5504961520356229,0.8576898403921149,0.8203617839619164,0.8818044935643994,0.9385204508776336
1424,WFRD,0.8572576971966879,88.953,6.10045124,1.2656464234613842,0.8550465635274176,0.88232968949538,0.8164075128559635,0.8589450606751591
1207,SNDK,0.8571525144971275,1632.5134414893616,8.522859106638299,0.852737437195888,0.8452293431190039,0.7850750815681514,0.9916916549669493,0.8820763486323326
1383,VKTX,0.8571115478657911,39.075,11.704998686666666,5.041974410874733,0.912165662084486,0.9482224064336688,0.6987007152630892,0.6623558083181907
1293,TKO,0.8569502955488064,195.48,5.0911268,1.5515658418546563,0.7971163580549296,0.8741713203357173,0.888556872734398,0.9428823356520035
219,BSP,0.8569011981407788,50.48327647058824,13.806665752941177,1.156238639259534,0.9711403990563287,0.813830467864326,0.835108508788885,0.6513969296077271
1143,SAH,0.8567080423297037,102.77192307692309,7.345425584615385,1.0353549287860593,0.9099231305097172,0.7908988937121274,0.8320000102120778,0.950203318096426
459,ERIE,0.8566906657051611,234.69583333333333,6.784035925,1.101921197245391,0.9133579414552387,0.720483942709958,0.9336613563862134,0.9811373497009948
847,MLYS,0.8563753993044282,30.2875,9.91079475,1.4836940139377774,0.9713382967680682,0.8693059300396682,0.6968724192371639,0.7277543607428771
844,MKSI,0.8563235660120734,362.02833333333336,7.710667916666666,1.1541924897170428,0.8443966937865858,0.8070827513247147,0.9326462683214135,0.9177650655883558
229,BVC,0.856214366022382,13.686416666666666,9.51658406111111,2.5013465932356427,0.9371796873031205,0.9566332412298642,0.4794482776076867,0.9749018551430001
1136,RVTY,0.8561098157969232,129.905,5.664765275,1.4323153790902114,0.868436604241595,0.8264780629757642,0.8755837661361542,0.8777292904361665
665,INTA,0.8560986332155653,36.922000000000004,12.637277399999999,1.358323089797438,0.972618571533258,0.8235785906196197,0.7566724337284235,0.7609513971637364
339,CRL,0.8557687437066573,249.02766666666668,7.615835919999999,1.191421736336736,0.8957056514967767,0.7510862546281944,0.9318078562572041,0.9303000531147663
753,LBRDA,0.8557181928908205,33.5875,8.91556425,1.7124542369898603,0.9254027331417712,0.897837453664007,0.629748439285213,0.9163443965175552
574,GPI,0.8553988102267457,313.76,5.699545547058824,1.1005886933057463,0.8989226047992033,0.717205401317407,0.95166158831687,0.9942169042255808
403,DPC,0.8551375733557016,46.495,25.476938057142856,31447.40290614793,0.965865423335262,0.7452079660107623,0.830394159471045,0.9018305519038409
531,FTAI,0.8550162391669861,214.6719,6.427639331034483,1.0855948482303075,0.8778830227248441,0.7800066326027033,0.9218910643955267,0.9037664692323916
1116,RMD,0.8549588744758225,219.30825,4.61682265,1.6486364886881089,0.7099664867290318,0.9702470513397521,0.8913801784486566,0.8860810046201693
1454,WYNN,0.8547114169392106,104.31166666666667,6.8767086,1.3483647524531372,0.8186061047092567,0.9148292861759911,0.8186676424498774,0.8427550163939849
554,GH,0.8545602365604342,167.705,7.3031412375,1.2202843110844568,0.8751442965252059,0.8260768430975589,0.8900400648235166,0.8112482472776323
545,GENB,0.8544909927382034,18.36565217391304,9.896759269565218,2.4435799611310163,0.9452148320987949,0.9319750242460572,0.6102563050902681,0.7542328199945163
321,COHR,0.854453362693422,327.4152323076923,8.629448066153847,0.9410971675198295,0.8929555758604432,0.7720105843108824,0.9585742753066921,0.8000035157211957
404,DPZ,0.8543135840453817,326.291875,5.0125067625,0.9516647679267828,0.8526917722136886,0.7661805293261578,0.959294583719059,0.9584936176262372
1051,PRIM,0.8540827365375186,85.44035714285714,7.030049485714286,1.8407206855397902,0.9213353592870854,0.8115073221206642,0.8373773010332998,0.8011233783814635
548,GFF,0.853987866267732,102.7628,9.8127764,1.2526876404494383,0.9259102170712973,0.7331490125649243,0.8907711463578927,0.9516290662347604
248,CART,0.8539605463430517,50.32197777777778,10.521373,2.031057750659603,0.9096060260413081,0.9259465465513964,0.7610825328268596,0.593006393702333
1326,TTAN,0.853946970573958,74.4095238095238,6.225886985714285,1.7703656866926512,0.8802745549827571,0.8720136116401006,0.8001593612231769,0.8061424001132238
544,GEN,0.8539197849689661,22.145,6.2110312,2.2377528065843673,0.9535125588697015,0.9492449001106953,0.6901753008895866,0.4991961414790997
1281,TFII,0.8538076171961767,156.48166666666665,7.011150383333334,0.7261894700176977,0.9624600147285491,0.6930247455568366,0.900861793268397,0.9421559244261242
1115,RMBS,0.8537711649072364,102.29833333333333,8.287347883333334,1.2085528249576025,0.8983138288282816,0.8311925301901352,0.8688301977420582,0.7467789970237888
862,MPWR,0.8537615658792713,1381.7876470588235,6.770989564705882,1.0547701876767897,0.86206569748662,0.724289755634284,0.9967610523544846,0.9918494681605795
761,LEN,0.8536965061466942,81.55625,5.6641329,1.8340811584032684,0.8722990882166688,0.907587139131921,0.8049622267656272,0.6974388122156248
1371,VECO,0.8536755994791264,60.053999999999995,7.8569958,1.4571398088554939,0.9413094481144819,0.807299910429369,0.7909696618757437,0.8346839161362987
585,GTLB,0.8535868627073571,41.417857142857144,8.653711971428573,2.901984779860083,0.9232380802011863,0.9538960328663509,0.7200883912641866,0.5257224488088175
781,LMND,0.8535276778701306,66.5495,9.3067669,0.9860347489766037,0.9387112914620939,0.8293212698447199,0.7946152913043211,0.7579322315188157
1426,WHD,0.8535267160874029,61.91600000000001,14.4624582,1.5645702553355307,0.9027962328063651,0.8848798351868796,0.7286502539995983,0.821100414898478
1381,VIRT,0.8533839041833573,64.41499999999999,7.75850855,1.2541902043421733,0.892543729468119,0.851946992110282,0.8071392761151,0.8138429640789713
973,OPCH,0.8532211359122988,27.7475,18.39738785,13.647979156978247,0.9295772923197492,0.9217549960815047,0.6973664692148078,0.6578154112889831
475,EXLS,0.8530667932278334,35.843333333333334,15.150886333333334,1.482088745951698,0.979510765826152,0.8558633486953493,0.7511520598614938,0.6045544117300933
930,NSIT,0.8530384134560745,149.19,6.3515825,1.7693228736581337,0.8523809523809524,0.801909307875895,0.8928571428571429,0.954653937947494
603,HII,0.8530301756802329,301.7442857142857,9.032475242857142,1.27156875534069,0.802235275678189,0.8396547713301444,0.913073254602846,0.95754008306747
775,LIND,0.8528905015127946,32.75214285714286,8.781926814285715,1.464188625813277,0.9462897111249112,0.8948395859261937,0.6627603206261241,0.759431834196831
443,ENLT,0.8528292172551017,88.10157894736842,6.987423363157895,1.0280709082106743,0.8500316805811219,0.8521729616599029,0.8037082252578557,0.9631594741917195
46,AIG,0.8523477812177502,75.245,3.3869213499999997,2.350806424803865,0.7939886480908153,0.9628052975576196,0.7720588235294117,0.8305813553491572
646,IDCC,0.852180017721102,294.194,12.6575118,1.1793940724478595,0.8055626378568295,0.8357631951410109,0.9055773480625773,0.9660050655934246
600,HEI-A,0.852085163527883,257.47,4.67537,1.785072790414204,0.7647056132066838,0.9037432054027343,0.8705869433920825,0.9401068833617012
1294,TLN,0.8520403693977805,370.46795833333334,6.729763725000001,1.1018939187372059,0.8669874638239098,0.7387046196505258,0.9681635160550441,0.964154369707193
1286,TGTX,0.8519432604246224,55.55416666666667,7.47686035,1.2573516593381593,0.915326636544044,0.8532866571051787,0.7929670324476125,0.7433520115787204
1289,THO,0.8516094503808231,73.55833333333334,5.1734819,1.6957176439891717,0.8517354019308098,0.8913784608704004,0.7769261294664324,0.861343725071131
1193,SKYW,0.8516071257641699,106.26777777777778,6.8118112,0.8726836643704995,0.863094695491481,0.814984993915015,0.8509304829942181,0.9409313787305269
1416,WDAY,0.8515109037659591,160.67176470588237,8.63979134117647,1.2275386301195876,0.9353760275607179,0.772427650965418,0.9102977509471587,0.7172006609237984
1201,SMG,0.8513445281709823,71.00833333333334,7.448387274999999,0.9370616172617301,0.9373829929945522,0.8204482135968725,0.7843263759014638,0.7923833068369092
875,MSTR,0.8512659373048559,113.77657857142856,7.946367403571429,1.3625259563571392,0.8896072324291825,0.8977756699745175,0.8773023720687253,0.5022144704981581
1164,SEI,0.8508790512921017,64.47074736842104,10.804575757894737,1.2357671101695753,0.9303679965226092,0.8408313918984224,0.7954685393490801,0.718655574749248
731,KN,0.8507645259938836,38.81,6.00929,2.1242257337189625,0.9051987767584098,0.91131498470948,0.6636085626911316,0.8226299694189603
1262,SYRE,0.8506167397466701,95.8235,6.526505279999999,1.1611483216987102,0.898117638326718,0.7931708507400268,0.8563577339563467,0.8739422178204013
285,CHEF,0.8504699572452356,106.89250833333334,6.304020616666667,1.8751851415638707,0.8518480740233237,0.8541242786494311,0.8059471357134474,0.9219020666708199
297,CLBK,0.8503176496996814,24.326999999999998,3.8727566,20.988893969684028,0.8282399186853049,1.0,0.6090184335479621,0.8862999145023217
829,MELI,0.8502286042521385,1919.8041611111112,5.991580216666667,0.8860071742139034,0.81804432960635,0.7557498047203436,0.9978033431040101,0.9983998861699381
876,MT,0.8502227983587629,64.16285714285713,6.393054171428572,1.1446140079600349,0.93169146004636,0.8495669155458769,0.7681286572349675,0.7315663545448646
160,BBY,0.850112919494604,85.749325,3.724302125,1.3131341331151798,0.8145645060925687,0.9088696820652848,0.8385956380236009,0.79191826034635
13,ABT,0.8500951667316539,99.5325,8.7597017125,1.3926756443663024,0.8751773870103458,0.9457601170791458,0.8377577547838247,0.4521548934356693
530,FSV,0.850094039759331,137.535,4.87644048,0.7952640361642578,0.8444764315793556,0.8255431854678271,0.839225441196185,0.9774208555358003
592,HAS,0.8499190387471964,91.125,7.2851952125,2.4230516342415047,0.8285129047700199,0.9549466839957886,0.7583644083645259,0.7403530100625828
896,NBTX,0.8498929377920162,42.53328048780487,8.170194580487806,1.9246564940334947,0.8697486469667527,0.8882873827201193,0.6924291039281453,0.9609450661598188
1088,RARE,0.8496632512382535,33.157,7.99521314,1.7320616527167616,0.9496945048959301,0.9380900245109227,0.62791665072815,0.6335533580022501
308,CME,0.8496186246398746,244.92499999999998,5.2621685142857135,0.9593588961662526,0.8627713845677233,0.7857273074975678,0.9330590009092592,0.8603228223517091
560,GKOS,0.8496184899363513,155.43192307692308,6.604541984615385,1.4402283868856638,0.8795171681742843,0.7876290254649845,0.878609202333392,0.9039548169592876
405,DRD,0.8495456015363897,28.45357142857143,10.5207675,0.991529156204478,0.9481210326268307,0.8474385666165121,0.6678480488121743,0.8753013203878501
982,OSIS,0.8494681055894642,211.04,3.4154878,1.4056838676133685,0.7746308027032751,0.8636136087952713,0.8928316999441631,0.9751622157614033
139,AXON,0.8493450658941678,575.3418243243243,6.779355608108108,0.9910945382921585,0.8565938435629307,0.7285618198577818,0.9855763878178646,0.9742530613334555
26,ADIG,0.849236641221374,28.9,6.918235,2.850224783283624,0.9033078880407124,0.9821882951653944,0.5699745547073791,0.7531806615776081
576,GRAL,0.8491665520348874,85.62246363636363,8.295658686363636,1.3673080260920567,0.8875589269627459,0.7991774123497489,0.8382693166937067,0.9115496993677289
176,BGSI,0.8491415245748827,91.26785714285714,6.777229228571429,1.2961933587698937,0.8758717155617638,0.8011997676356065,0.8144936825723074,0.9926776894134169
1124,ROST,0.8489183179495767,240.00727272727272,4.811243872727273,1.3622036505519735,0.7161577651257843,0.9174165767705342,0.9493319643244827,0.8730090542096868
664,INSP,0.8488168089241521,74.91357142857143,6.190629,1.3144358905623155,0.9116001843724079,0.8059407111502901,0.802494899616901,0.8717851556782777
1411,WAY,0.8486639011889769,23.77607142857143,8.684262621428571,2.092281248792477,0.9758675351062603,0.961780245256301,0.5830096901883236,0.5388524002441575
1471,YUM,0.848412183121961,152.12166666666667,4.2429078,1.3506486234005113,0.8283561057486523,0.8088069370500223,0.9218610377680628,0.9103291058881241
550,GFL,0.8483728408938335,41.4375,7.220815866666666,1.7419764903106756,0.9118899664778012,0.947822253616137,0.6796068236939589,0.6155219912216338
805,MAAS,0.8483196642352618,18.5062962962963,13.676859081481481,2.0558633137431577,0.9314846027916488,0.8995052880035114,0.5967362714134089,0.88125948174274
1319,TRVI,0.8481979318629707,18.875416666666666,9.306937383333333,2.2611455740053406,0.9555215733949586,0.9505172617464845,0.5941120233343246,0.6226193489660077
1391,VPG,0.8480637813211844,150.71,6.066585,1.2041304025929156,0.8246013667425968,0.8610478359908884,0.8291571753986332,0.9225512528473804
346,CRWD,0.8480323853801791,293.1273291666667,7.795409745833333,1.1550034947857841,0.877543248093133,0.7903271895915371,0.9502021469496503,0.7423730280061451
34,AEM,0.8480008681810477,183.6334117647059,7.536532632352942,1.0305862826436814,0.8173504934496144,0.848268058585639,0.9164222860883967,0.817499177510297
1253,SUPN,0.8479581614195713,48.22071428571428,7.737338157142857,1.7907744136115045,0.8959145427647582,0.8723757687704853,0.7332012344098707,0.8241630550026191
50,AJG,0.8479568903495561,251.17284285714285,5.438181571428571,1.327559759115508,0.8299811705482928,0.8145442602573383,0.9170686733741833,0.8895925489274871
288,CHRN,0.847810111200894,23.36145652173913,14.174785839130434,1.128349783174997,0.9855250280047123,0.8030460239210476,0.6825849673984282,0.8529324954719241
676,IP,0.8478038318954125,41.62,9.786346533333335,1.3902199650713039,0.9759499845699572,0.8933627747717936,0.7265007596514571,0.48244214195508456
1373,VEON,0.8470466965428576,65.16230769230769,4.9008357,1.5489138037997325,0.8249875952404222,0.8788511340564648,0.7596922337508605,0.9876469453877507
527,FSLR,0.8468100246170417,215.69083333333333,6.98029215,1.1870371224116891,0.7981138663186368,0.8444514284592004,0.9240370094219458,0.8710476956040951
251,CAVA,0.8467886738643114,70.32205,10.89990444,1.5211328043169492,0.9267160560208081,0.8610287297429766,0.7818520823735219,0.647075823722824
867,MRX,0.8467560672787412,69.7565,12.311851489999999,0.9511711050865774,0.9336634483882019,0.7857462484747122,0.8057657622543795,0.8380952092584538
906,NET,0.8467158818234407,310.78753333333333,6.6880790900000004,1.0396680767835607,0.8273458151610514,0.7936104792667753,0.9592545977191568,0.8753025922986998
878,MTD,0.8467106622586668,1367.5425,3.7404993125,1.4137380962952668,0.729862392932496,0.8377910568115082,0.9906576546678698,0.9990042391469132
704,JMKE,0.8466613952206169,22.37,7.444770066666667,1.55956985371479,0.9693708931355492,0.8889141512626116,0.6682598096839714,0.6260966774446648
978,ORKA,0.8464175781355849,91.97125,7.6857951125,0.8390269763090736,0.9058877720388048,0.7988115111230533,0.833550243278998,0.8306278037313504
377,DEO,0.8463470280713716,92.8,4.94176,3.0596813860702503,0.7785714285714286,0.9498806682577564,0.7904761904761904,0.8329355608591885
488,FCNCA,0.8462428531370572,2174.235,4.901536428571428,1.2606163316225139,0.7902909748893379,0.7722843684956285,0.996707414761595,1.0
182,BIIB,0.8462167920001533,209.244,5.182167789999999,1.0354350681277198,0.8454590031402095,0.7981271915908721,0.9055476883789755,0.8985208616847983
343,CRSP,0.8459433332190706,59.357875,7.69699853,1.1267623601575099,0.8949990826727665,0.8727274761821455,0.762692811410655,0.7470047533772045
920,NOC,0.8458754944264483,542.9915384615384,4.684934930769231,1.239473801632137,0.7540739955350316,0.83358176047541,0.9631563237251987,0.9756471507775395
881,MTN,0.8457606020558567,149.8361111111111,4.7699459,1.3637363319261522,0.7718373733044622,0.9043692750595217,0.8468880330668026,0.8971066851510189
10,ABG,0.8453760902949666,246.37875,4.598132825,1.6052900168833868,0.7208854189031954,0.9069823574599583,0.8864199430721201,0.983383799534388
1287,TH,0.8453326852275451,20.76,10.66098,1.7166279850974164,0.9766627453543342,0.8798145001416029,0.6627753088033462,0.6301058754329782
870,MSFT,0.8452729953923257,464.09452,10.16222975,1.9633589154496778,0.7888972622028245,0.9116205733784204,0.9664693442936423,0.5679788408016145
169,BELFA,0.845163631313899,247.06686086956523,6.357097369565218,1.2580379812075346,0.8163761569767173,0.7960833537080727,0.9079141159732163,0.9921997937957923
344,CRUS,0.8450551769391854,119.44500000000001,4.97673256,1.068242993596036,0.8674093372336069,0.7672970876843513,0.8874777422968533,0.9541237975852945
1331,TW,0.8450136920390243,99.06625,7.563793025,1.140232520932217,0.8997328860714922,0.8462495816364142,0.7889210663627257,0.7613561506871189
220,BSTZ,0.8449009522145914,30.9375,5.1580562,4.002052698154548,0.8580703726637129,0.990231259968102,0.5630098651581371,0.8539340776182882
1482,ZYME,0.8448463635762019,29.1638375,7.0499500125,1.287076287414139,0.9397331522010989,0.8910514010551318,0.6133459472722476,0.8140258048207164
799,LW,0.8447421055364323,48.74071428571428,6.530221871428572,2.225577815118576,0.8709038907166878,0.949219088273171,0.6834186459599588,0.7101533369798988
1054,PRLB,0.8446595756432302,89.10712857142858,7.927871242857143,1.1028841580832036,0.8855349338056566,0.7972531467905342,0.7949958116787256,0.9668458509881833
1091,RBLX,0.844599115518569,48.79749999999999,10.966271200000001,1.1783289688959433,0.9743791018211106,0.8567935334452024,0.7852714722483997,0.46634398725679466
758,LDOS,0.8445235695171501,116.41363636363636,6.915633818181818,1.3686277642440876,0.8518377452292664,0.855588437699112,0.8188638076602324,0.8315164396017131
1372,VEEV,0.8442927734762717,256.4525,7.61085475,1.656787465435665,0.8834989440287454,0.72675992637349,0.9505409344151066,0.9059398195246806
1256,SW,0.844206933206823,48.083333333333336,10.005352666666667,1.1948140708543615,0.9797517627115854,0.8477126208003719,0.7655921337041525,0.5147597223680748
1085,RACE,0.8441628474464772,378.80875000000003,5.183289775,0.8253990858370133,0.7272708876233516,0.8456022829725963,0.9746910591413109,0.9871902590963332
1096,RDNT,0.8441384120097785,73.12431111111111,5.676179183333334,1.4106749139253891,0.8356743945672556,0.9077554653510749,0.7383768365757324,0.8626259372321632
249,CASY,0.8441361784502235,804.98875,4.3981372125,0.8857058008141101,0.8367854072841544,0.7220043303199954,0.9953023003901587,0.9949931021073928
204,BNS,0.8440743903029635,92.15777777777777,6.0992130666666675,0.9549246255470246,0.8224842199439508,0.8816216214298371,0.8463302651249438,0.7837129279714892
809,MANH,0.8440624761711133,180.87025,9.861984685,1.398403194398687,0.8449878526974153,0.7805665154932477,0.9056515462037595,0.9398813806362932
1182,SION,0.8440040592036877,47.08076923076923,6.124089461538461,1.2336855496901058,0.8743720343924744,0.9054124506811262,0.6663442530378502,0.8781063882035749
838,MHK,0.8439837358580895,125.981,7.11370577,1.1969744196721364,0.8685856685287691,0.7937531820561649,0.8682004025205821,0.8852505764924634
1048,PPLI,0.8439371528062104,43.92916666666667,9.843705666666667,1.6494713519657385,0.8915785979980599,0.9150789302178409,0.6751497836658245,0.7657706119748019
686,ISRG,0.8438222702491741,401.13666666666666,5.485448233333333,1.0846136196607898,0.8081531571324618,0.7983317592888795,0.9575844696531124,0.9003565557108228
1089,RBA,0.8436846662315268,85.5911111111111,4.2395707555555555,1.1542507210894524,0.8435794774414712,0.902807367297792,0.7355258456282002,0.8534410144714468
121,ATI,0.8436372547975036,206.86,6.6993575,1.7592128817124775,0.8841583508403362,0.7360327387219805,0.9284576330532213,0.9087884684004868
557,GIL,0.8436044810531541,51.71625,5.297301924999999,2.2078218788927733,0.87650095693345,0.9081019339487412,0.696033389863204,0.7978679127174646
741,KRSA,0.8433517734861192,34.14333333333334,6.458374966666667,2.6002060129834383,0.8538931052073576,0.8959536277585342,0.6566037350499968,0.995846699380578
464,ESTC,0.8433319780233287,88.7935,7.8025192699999995,1.6187717996264683,0.8665802216763675,0.840394571218153,0.8271763754405809,0.804555254221303
1101,REZI,0.8432695848432333,32.79375,6.4243112,1.127841310630857,0.9168118424449249,0.9161628904683833,0.6541133462503724,0.7090575907350098
752,LB,0.8432320243990414,85.38951538461538,8.023697765384615,0.9897217120022153,0.9263247197363318,0.72456698767505,0.853538126715287,0.947123014620004
385,DIOD,0.8431162769326841,103.67741379310345,5.853844613793104,1.5377152188123455,0.8395329125035221,0.8359142213037667,0.8296869040957646,0.9077239928098002
669,INVX,0.843023591931148,31.865999999999996,12.660239,1.4775709093428175,0.9199475068125178,0.9014331413166324,0.6149288017918939,0.8255460472756664
1008,PCTY,0.8429536434537819,138.68,6.545781,1.39201370016202,0.8894849785407726,0.7924731182795699,0.8261802575107297,0.8903225806451613
1382,VIST,0.8429521937097162,71.50645,4.717131586842105,1.2619315643346782,0.8305095809441464,0.891139648596412,0.7632476293130421,0.8772543750791225
1030,PLBL,0.842748212623742,8.765644444444446,13.796719655555556,7.129104199591429,0.9465269878714341,0.9710627394705705,0.431025792487637,0.8538664955651302
768,LGND,0.8427007780797979,283.83142857142855,3.9018056571428574,3.0869121726941273,0.6953151605936786,0.9261481927095694,0.8864438376099406,0.9789983690167301
535,FWONA,0.8426925763949841,91.99833333333333,4.318325933333333,0.8643712351544984,0.7919212325427331,0.8969986784096525,0.7637986810999129,0.9881087134166643
915,NIQ,0.8426762490361233,14.039491666666668,26.381636858333334,2.6866135821577237,0.9708191391270993,0.9305480280642219,0.6158726106888336,0.5402321838139423
926,NPO,0.8426328502415459,332.56,5.27049,1.2323112205894844,0.8647342995169082,0.7125603864734299,0.9589371980676328,0.9879227053140096
1390,VOYG,0.8426313759497588,34.2025,15.130801783333332,1.1401116615434022,0.9702300629090351,0.8501597340677783,0.707802405871444,0.6393446583358533
51,AKAM,0.8425197804054804,117.93657894736843,7.287714547368421,1.6606482675449035,0.9117206346772353,0.7706672653884202,0.8927120081484524,0.7514161375281047
1071,PVLA,0.8424421026630821,148.59362222222222,8.817344744444446,1.1506558136944702,0.9310493478072007,0.6822456312953947,0.9007645637962882,0.9763594721791606
1103,RGEN,0.8423325674940857,164.976484375,6.877999925,1.169211252915839,0.7969153035439015,0.8506132624244361,0.8853416094101848,0.8862924752313062
33,AEIS,0.8422486801893896,330.9921,11.046218,0.9264924233456451,0.8829523059166686,0.7069226043378875,0.9574151561021313,0.9430943037986862
480,FAF,0.8421160573706178,74.79698,8.46429694,0.7701585060872176,0.9664629422582353,0.7299346601038247,0.8274032327555624,0.8289624999278447
20,ACM,0.8421069671069671,63.79333333333333,4.419299333333334,1.9075220973334488,0.8855764118922013,0.8572158835316731,0.7500068157962895,0.8212830054935317
1162,SECZ,0.8420956860932634,14.516,10.692742939999999,2.511217938096816,0.9614356618851831,0.9313566038656831,0.6060968846660261,0.5839901614725503
755,LBTYB,0.8420860252188739,12.4275,8.2191193,11.431893538569145,0.8741057507920137,0.9930263202291587,0.4451707090260678,0.9955565855624993
1271,TDW,0.8420205004450554,88.04923076923077,8.446792638461538,1.110273050700098,0.9123761435422358,0.7509970414309841,0.8399825095766233,0.9184338378910382
789,LQDA,0.8420123321003956,80.16936,5.94573228,0.8371143040058346,0.8716498173463723,0.8451533287812566,0.8143296735286334,0.7826529624999886
393,DLO,0.8417506368507035,14.619975,12.50461825,3.70684338011287,0.986551067713968,0.9908716877031379,0.5163184534875862,0.4638898175719931
1434,WLYB,0.8417333333333332,54.28,4.5857363,260.4717741935484,0.7413333333333333,1.0,0.6613333333333333,1.0
206,BNY,0.8415210822982458,161.53,4.55016345,1.4743395358756648,0.790843451077828,0.8906774294174258,0.8762953641691503,0.7772970129107699
372,DDOG,0.8414976205258516,249.10326470588237,7.542113994117647,0.8453479312858029,0.9142016043883963,0.7032050162640646,0.9632170785018571,0.827618875971189
1399,VSH,0.8414933421721921,46.785000000000004,10.392295500000001,1.4469894454702141,0.9357801566549487,0.8933851195504786,0.7362844506288985,0.5402860537451283
1084,QURE,0.8414128230247669,46.9321875,16.71666414375,2.233975619118896,0.9371045519305563,0.8098889878017936,0.7841982770874969,0.7312542870094509
621,HRI,0.8407255872978391,151.69857142857146,5.776370171428572,1.2471404073933687,0.8556992623039348,0.7850681941087366,0.8690496084427614,0.9264705586485188
1339,UAL,0.8406581740976643,130.54,7.39612,1.4823660582088765,0.9150743099787686,0.8025477707006369,0.8938428874734607,0.6072186836518046
1100,REXR,0.840437688710979,38.227888888888884,7.427502288888888,1.5017922556156118,0.9555756157790722,0.9241725851591247,0.6230487634968821,0.5791606568323375
64,ALNY,0.8402400307854666,246.4303888888889,5.6428201,1.6184513660262,0.7103608369891955,0.9095512219990118,0.9167876558514566,0.8991327896930262
852,MNSO,0.8398558738841913,12.649166666666666,9.706563833333334,1.7858118865791794,0.9826899892347288,0.9529944920037822,0.4869990352785479,0.6496649839500285
1427,WHR,0.8397700297564725,42.69134285714286,10.473026085714285,1.1374453316223319,0.9467914708690517,0.8610531661526691,0.7241398413620753,0.6219643852645517
498,FIGS,0.8396199436870647,14.178,23.7774669,2.2134763460898945,0.9795182825932448,0.9454291572702209,0.616554103336259,0.4257751906759992
1315,TRMD,0.8396175537873455,36.49208333333333,4.42760345,1.7704886428064237,0.8496159781234017,0.9303667873679747,0.6591932831040181,0.8478492924456017
232,BWIN,0.8395575047525008,30.036666666666665,8.2283671,10.363134466692605,0.942568951930654,0.9368968077208611,0.5810220040007273,0.6554008807432491
264,CDLR,0.8395233756120608,23.99091363636364,6.630596790909092,1.5518077494591709,0.8763583664412262,0.95176937394749,0.5257965447900651,0.9451935751799723
586,GVA,0.8390371717858471,121.8475,6.028106825,1.1279189866138817,0.8625251020599919,0.8365185756926947,0.7920086658547838,0.8597015140145013
56,ALGT,0.8390302338012888,93.26666666666665,6.5788188000000005,1.9997010483713396,0.8186702974069342,0.8302250109243828,0.8459892771141342,0.9271902046250101
65,ALSN,0.8389442797593435,118.6175,5.213326275,2.566750094631095,0.7049842963510972,0.9756515854263572,0.8054406244154168,0.8963359625415105
1179,SIM,0.8389172592462372,30.1317,5.74476425,97.21596326912912,0.8004839575919914,0.994157444894287,0.5541860641024209,0.9995555555555556
1123,ROP,0.8388966483720645,365.76893333333334,5.961853883333333,0.8440685788267883,0.876670188488446,0.7060498253430433,0.95457897861693,0.9402884780765725
12,ABNB,0.8388841814095269,180.43277894736843,8.717381768421053,1.8400049933065794,0.7736019449698341,0.8782105003669434,0.9079067070136126,0.7916848413893228
45,AGYS,0.8387907809956269,102.26214285714286,6.676516335714285,1.510702334763693,0.8684592735793589,0.8106025032601238,0.7956208303607796,0.9199499302965203
166,BE,0.8387523497580976,241.1326138888889,8.846866604166667,0.9169507397071605,0.8783003297709496,0.79393738893345,0.9387907717215604,0.6571099386724572
414,DXPE,0.8385182481136716,200.2891666666667,8.748555433333333,1.1689905441386024,0.8363880776052158,0.7469292777613589,0.927367659486041,0.9888364183816232
39,AGCO,0.8383418364032738,115.82173076923075,4.477275838461538,1.3161526672181787,0.8391568409275268,0.8033946798859396,0.8480051019913628,0.9384778372028802
299,CLDX,0.8383392987340095,39.973333333333336,5.3315763333333335,1.4364973299429622,0.9007368374538786,0.8933684629150925,0.6344314089392634,0.8351616181701687
1475,ZD,0.8382259890131003,57.769000000000005,8.19621856,1.239139470414362,0.847530071415061,0.8688852637536735,0.7474583806148669,0.8798894558106982
477,EXPO,0.8382052957009977,69.76,6.634062999999999,1.2692722323267607,0.9370908303926224,0.7879452418926103,0.7575070787469265,0.8294125465178097
777,LITE,0.8381852081367472,896.4318962025317,7.154859483544303,0.7903965314443974,0.8703213208339479,0.696679220049685,0.9922903171621706,0.9127695539504164
860,MP,0.8381783660386242,57.263290909090905,7.963455533333333,1.1065752870705121,0.9194745708797677,0.8598574780629975,0.7956509140931483,0.5628196609002668
1178,SII,0.8381472869910112,123.613546875,5.3997011,1.2494055597675493,0.8020433458557799,0.8292532965543321,0.849265376406849,0.9734038686610221
1273,TEAM,0.838146102700454,146.80855,14.140789933333334,1.2931126304811946,0.912209781594217,0.7652783085367314,0.9028357117877438,0.7045812879707323
747,KWR,0.8380923606100156,162.26,4.737930333333334,0.9706907487769495,0.7889888451210713,0.8681481350046593,0.8051178773791358,0.9707084209018273
1258,SXI,0.837905479199093,330.28499999999997,5.9428553200000005,0.9933076415917059,0.8922090912045567,0.6825419405204853,0.9418692055369637,0.9836877698793558
199,BMA,0.8377237956414093,84.69878823529412,4.681076552941176,0.9201276518194642,0.8994373298110433,0.7363577763440522,0.8403797977190817,0.9711954894330956
342,CROX,0.8377044579558445,128.55428571428573,5.350228257142858,1.0770958953252714,0.8106891176773502,0.8127533656824529,0.9009240372254411,0.8931478133482518
1092,RBRK,0.8375780745432134,98.87935217391305,8.132654091304348,0.9303081453472101,0.9227674782839578,0.7657319891902022,0.8701274423780387,0.725777724516497
769,LH,0.837485281471567,296.447,3.8634489200000006,1.2649776446756449,0.7621508921082594,0.8475620456359712,0.8910680592270598,0.9587214141567438
1478,ZLAB,0.8374635089701108,24.425666666666665,10.8963153,1.6869003397281106,0.9378148034629635,0.9084890871009108,0.6133320596577813,0.6859073534119859
1050,PRGO,0.83744050654428,14.7325,6.44870125,2.0085329825885534,0.9422063573006969,0.9385942546319904,0.6091279959204488,0.5733469318374979
460,ERO,0.837412758106304,37.571209090909086,7.0985367484848485,1.7341170370648473,0.877920526104877,0.9142066906800931,0.6729421074955142,0.7557981073246158
1479,ZM,0.8374025974025975,100.27,6.863471,1.2131854613741206,0.8727272727272727,0.8103896103896104,0.8649350649350649,0.7532467532467533
975,OR,0.8372338433938886,36.53181818181818,5.343039463636363,1.6120380852331382,0.8710115090583752,0.9156606362720665,0.6430249360403612,0.8329360532016188
1368,VCEL,0.8372098490472656,46.23,7.7622333,3.6645819607843135,0.8866666666666667,0.8864142538975501,0.6622222222222223,0.8418708240534521
54,ALGM,0.8371972371029436,57.9429,10.315085757142857,1.3192124982882198,0.9413979043750648,0.8484626455161559,0.7338763850042119,0.6397076764017394
652,ILMN,0.8371401682307218,215.7194393939394,6.264871260606061,1.0045332018164692,0.8526339653365955,0.7464348667632867,0.9433515182314839,0.8879577334946622
388,DK,0.8370536304663124,71.8338888888889,7.917746999999999,1.1052284115924473,0.9245309485546118,0.7482095164676218,0.8373201089130431,0.8413044592592201
534,FUTU,0.8368861829551633,123.07194090909091,8.108248695454547,0.7229599490665326,0.9094540204198569,0.7262898686992892,0.9195600707193153,0.8046380761959898
1166,SEZL,0.8366729154042997,148.9703,7.31486508095238,0.8673979258200565,0.8582828050173911,0.7574224621041914,0.8931205113092495,0.9255196964989592
326,CON,0.8366568740607797,34.5075,12.992262333333334,1.3810609775101959,0.9346569933759944,0.8331683232416226,0.7107854022595982,0.7576093279269402
663,INSM,0.8365313190974667,130.92125000000001,18.6930904,1.815919222085961,0.9051929884663698,0.7365767529174752,0.9020183852917667,0.8150823255476765
369,DAVE,0.8364638526227125,394.935,5.528028363636363,0.9791242699411821,0.7952145258464438,0.7630831313702564,0.965986023775146,0.9786246784183823
590,HAFN,0.8362702098383212,9.66,5.8050368500000005,2.339717427019398,0.9387684898520812,0.9617303061575506,0.547514619883041,0.6159270725834194
1135,RVMD,0.8362057035126309,185.42357142857142,5.073500271428571,1.353787980586868,0.8451890568859285,0.8260329214130037,0.8615441544540576,0.7896918021719307
772,LIFE,0.836070345084054,37.95308076923077,5.629271853846154,1.5748411724586544,0.8639319664966444,0.8976217884407158,0.6737648421132028,0.8477356243333743
943,NVMI,0.8360370021969115,415.1675,5.4366002899999994,0.9923273437648102,0.7842517012794532,0.7798327646683066,0.9521685066838617,0.9817373777842322
519,FPS,0.8360099632138682,35.67305384615385,8.295802807692308,2.1457051926542943,0.9094721084754938,0.9345512330923452,0.7120357392249391,0.481946458201367
311,CMPS,0.8357719937083781,15.223233333333333,8.432656833333333,1.8049997954869454,0.9713446313306909,0.9020412274563278,0.6106613671000916,0.5795466971290326
835,MGNI,0.8357577111931138,25.08875,10.2859947,2.089893262315405,0.9342043931789265,0.8982263652248158,0.680393059369753,0.5832833387785352
1417,WDC,0.8357349498701925,572.3571418604652,7.3393517069767436,0.7956114035035562,0.8503949386723079,0.7446639843468364,0.9744667634182244,0.8257097412984717
1009,PCVX,0.8356328192407247,58.27,3.66483035,1.5169883459065103,0.8587845125107851,0.8423748921484038,0.7536831320103538,0.8949040120793788
1261,SYNA,0.8355782565089488,125.65166666666666,7.3695455,2.4442922739807824,0.8256068388316108,0.8451405339050676,0.8308088556295722,0.84654904925197
536,FWONK,0.8355518984830295,100.32166666666667,4.360419033333334,0.8899302379958741,0.8026631895052948,0.9011267146205556,0.782300189327065,0.8276539417356886
302,CLMT,0.8355066282862565,47.99467391304348,6.943861230434782,1.3203983723459933,0.895481227163722,0.8257240448114167,0.7375996092882225,0.8556486123731354
750,LASR,0.8354459811214255,60.84045454545455,14.504297218181819,1.434750887372373,0.912648981076623,0.8297904558023071,0.7589614381226937,0.7379989058926132
119,ATEX,0.8352692148714118,103.136,3.2169319200000004,1.0231000582153087,0.7770244689832233,0.875567062735142,0.8022206847988352,0.9641804181021698
1036,PLSE,0.835180376366299,44.560055,7.213483405,1.427234105942835,0.8888502288726476,0.8393706254377727,0.700542531353632,0.9019457108692558
465,ETN,0.8350897655184749,415.8866666666666,5.483314149999999,1.187610352701424,0.8320838365737289,0.7513635973850782,0.9538879781107074,0.9010556801075112
1106,RHI,0.835049765957876,39.612500000000004,11.426947545454546,0.9345427430765748,0.9900726920147244,0.8035523205424563,0.7380556925421167,0.5966987305443934
1389,VOD,0.834963347512866,15.1175,8.979407325,2.5844858462804243,0.955259723580084,0.986659418004425,0.5387194754320218,0.4754775287188355
347,CRWV,0.8348007757074576,93.57459333333333,13.31786786,1.2368201052550654,0.9135034250392672,0.8718813284565919,0.8519470141795847,0.3952670914798995
492,FELE,0.8345528779460962,112.67833333333333,6.875020666666667,0.7993926706175479,0.9144746733366137,0.7523228444915192,0.7825450358099612,0.9466473954425761
579,GRDN,0.8344895754762692,44.13156,9.121936466666666,1.288060228906297,0.9029103989955654,0.8066247905083846,0.7236214776538539,0.9142796361911607
141,AXTI,0.8344070163629723,71.5733,13.723823213157896,0.9984053742404121,0.9586848435068056,0.8014421078299148,0.8359677676045493,0.5116902987421044
77,AMRX,0.8342193212635125,18.976,8.58194026,2.108653468071817,0.9607881268209233,0.9314435657354853,0.5660075422618733,0.5873672041639487
613,HON,0.8341573441136856,245.805,5.501818925,0.8428952637616342,0.891587507698222,0.7367813834806879,0.9107620835006753,0.8207581550093207
780,LMAT,0.834090909090909,91.95,3.76932,1.604330430869099,0.7904040404040404,0.8863636363636364,0.7550505050505051,0.9621212121212122
911,NGL,0.8340609748441336,17.790833333333335,6.8444900833333335,1.562497692993915,0.9027479553548584,0.9120191834658371,0.5553377348146421,0.8782492929396182
1228,SRE,0.8339805825242718,84.26,3.13342,1.6619365380091018,0.7961165048543689,0.8932038834951457,0.7799352750809061,0.8673139158576052
1425,WGS,0.8339617049430489,96.02642857142857,5.870696828571428,1.2581433236893769,0.8869970770059343,0.7298391133090562,0.8707527567770343,0.9391848697739528
1173,SHAZ,0.833241407338996,69.70542400000001,10.812880508000001,0.9699893349808341,0.9014683316407702,0.8061616891518112,0.7867795142382363,0.7821499721394521
770,LHX,0.833067148465674,298.99625000000003,4.852096625,0.8575676326569166,0.8643671720984147,0.7289719855193603,0.9194052547823913,0.9151739234297449
748,KYMR,0.8329729447852102,118.46520833333334,8.417286066666668,2.3252309656125942,0.8755798227536848,0.7516817528729044,0.8663850395051305,0.901543854148779
294,CIEN,0.8328470843616311,421.0955297297298,7.414300818918918,0.7649509976433219,0.8801914532668806,0.6929310550829196,0.9659418479075662,0.8906583685768786
1246,STX,0.832800077931499,892.9270035087719,6.5671291754385965,0.8246623803784295,0.8237587335736803,0.7263267875609575,0.9894221093381208,0.9238572366675168
1279,TEVA,0.8327117858747733,34.2245,8.066261,2.1278170371018743,0.9404026513902654,0.9557162169701595,0.6184381478289638,0.4538255238283188
1192,SKY,0.8326462519342629,91.43416666666667,9.220295433333332,1.041381513609296,0.8506496937644051,0.7930471178458087,0.8488979653822626,0.8757277479423563
286,CHKP,0.832622074536968,138.865,5.0704603,1.165157804657487,0.8532317170615044,0.7847740911570699,0.8359481338204743,0.9213041489637234
1380,VICR,0.8325915907779965,251.20525750000002,8.673555785000001,0.9377532886068979,0.8829077506424456,0.6955710429312945,0.9298879628689283,0.9414642045340175
1354,UNP,0.8324844029110333,302.6433333333333,3.943342766666667,1.4363469162555782,0.771610316917806,0.8453652732555229,0.9125852569255132,0.8402589496526552
1440,WPM,0.8324076975773022,143.40875555555556,7.1499176250000005,1.4320023952520173,0.8105061817823664,0.8212226433074747,0.8929543449438719,0.8271173980708342
533,FTNT,0.8323305772241941,171.11666666666667,9.296635833333333,0.939539399731185,0.951450047194728,0.681007487390466,0.9378535570024932,0.7339972871887767
1415,WCN,0.8323232323232324,159.44,3.9171,1.437992859285348,0.8055555555555556,0.8308080808080808,0.8585858585858586,0.8787878787878788
367,DAR,0.8322309313203352,65.29499999999999,3.902235,1.5307824857187393,0.8615639327559858,0.8252906034362988,0.7752107164358819,0.8678970036585931
1049,PRAX,0.8322080995377024,351.2534375,6.513559525,1.1856153967113752,0.8447035193861163,0.7193209794608743,0.9402608609777248,0.9674735274571069
67,AMAT,0.8321576744469917,590.350306060606,7.7737776151515146,0.916316006945519,0.8625104371085038,0.7293950789320827,0.9736990976015967,0.8025092431246719
74,AMKR,0.8319923046601291,77.175,7.7900327250000005,0.8802661828073561,0.9235793494791275,0.8378316290542408,0.7796686484164342,0.5956473249016332
1205,SN,0.8319692219403265,179.70583333333335,6.960830633333334,1.1328840928814232,0.843766295129508,0.7659169118353809,0.9176700978963157,0.8504607992335224
228,BURL,0.8317996095776079,252.41549999999998,4.30476125,1.4783393694781322,0.6872171480249885,0.8987881079855388,0.9056540926041006,0.9556695145310338
407,DSGX,0.831771138268639,75.84859375,5.875334875,1.3233412565186773,0.867415213809972,0.8549307925096703,0.7168454694682524,0.8558094216311377
765,LFTO,0.8316259913550914,21.63,7.8260816333333345,1.345278075716045,0.9169908799564794,0.9089324357325695,0.6097056290500917,0.7061170505390593
1137,RXO,0.8316214861464346,23.58,10.393253999999999,1.5243422083864953,0.9859748630791382,0.8836408165462302,0.6046283961083525,0.5633031905588524
740,KRMN,0.8315542911616292,48.19133333333333,7.7847106466666665,1.1162505173020645,0.9478583117266448,0.8137083281518004,0.7497808312106048,0.6504980096205248
895,NBIS,0.8315321073640476,229.27375970149254,10.651649249253731,1.0048918640070834,0.8518698500270143,0.8178405770305536,0.9355688222340997,0.6001969344707886
790,LRCX,0.8315135668015604,354.41579545454545,9.075716904545455,1.056843597716493,0.8785987105692729,0.7491251621619036,0.9512286801559555,0.7156447531445762
917,NKTR,0.8315135536983488,69.28357142857143,6.263062928571428,0.9910489893409006,0.8943094678438163,0.8098898797082092,0.7549998185402622,0.8404381834708741
1204,SMTC,0.831411215424635,151.47377735849057,7.762423667924528,1.0270589589101138,0.889692837813198,0.7466068081313627,0.8997378070686709,0.7875877793030461
947,NVT,0.8313731494149944,155.17081666666667,5.93686655,1.9686136313038076,0.8267118429018168,0.8296121686061159,0.844593459632406,0.8274105346073686
1317,TRU,0.8311157624153044,79.91250000000001,7.0379979583333325,1.5047382035750363,0.8752933244335779,0.8743037616716931,0.7477918067729536,0.6919842092386893
116,ASTS,0.8310954251660999,65.8608,10.97706679375,0.9278449795119204,0.9566857421400807,0.8237144211325979,0.8270952476467526,0.4253631849131188
788,LPX,0.8310705474173374,77.98499999999999,6.25351268,1.5170438390989394,0.8456207788959642,0.8697349404087023,0.7538109361281905,0.7993385843506624
597,HCM,0.8309688270854576,13.7125,10.0261931125,3.7480291985373095,0.8995157056230152,0.9333185539229996,0.4793247936664874,0.9361187751105489
1186,SJM,0.8309448587808959,130.4283333333333,3.9691432333333334,1.0584852222801142,0.7817781078742444,0.8732187079855266,0.8217671527208082,0.8734254268581448
1347,UI,0.8309427947010982,579.9722636363636,3.908668136363637,1.1711408867360302,0.6671697213428399,0.8677250202717733,0.9690369045980592,0.9992225421637186
1127,RRX,0.8308909963079543,225.55,5.469140525,0.986198735308553,0.8234112578724386,0.7623305638327332,0.9240739276285523,0.910665731854337
1414,WCC,0.830838768699399,343.85299999999995,11.1517466,1.1532528029734288,0.7675514160071859,0.8156376857283792,0.9123416407500459,0.9425425494194204
1023,PHVS,0.8306546087045911,36.64387333333333,5.065164953333333,3.6033329398929856,0.8368193449569656,0.9237240210914275,0.6199671167624381,0.9047100723516576
378,DFTX,0.8306477811420253,43.310876470588234,8.263820417647059,2.5848774501640244,0.8835856720327041,0.938116019820883,0.6591334973076011,0.6122548953174962
673,IOSP,0.8304710913315314,91.85333333333334,5.943870733333334,1.6775110400410227,0.8096150704139488,0.8231376103287339,0.8090667425335475,0.9719430456488313
126,AUGO,0.830467084146304,72.91302325581395,9.51955194883721,1.0081562169954987,0.9267953725927651,0.7482934272470069,0.8076817992709416,0.8264964434819544
1212,SNX,0.8304664234683506,260.4083333333333,5.0436743,1.1347729812049134,0.8040358343049258,0.7754729427025749,0.9182704916132914,0.9398425319306717
52,ALAB,0.8304625540030944,352.681204,8.66358638,0.8161988900515046,0.9030388340286859,0.685314877671112,0.9593920703226422,0.8266034084363676
508,FLY,0.8302069275753486,24.805,7.4274585,1.2245982271633196,0.9597390913180387,0.8796671165092218,0.6373144399460189,0.5895186684660368
803,M,0.8298823529411764,22.08,7.70732,1.854606148272954,0.9694117647058824,0.9505882352941176,0.5870588235294117,0.4047058823529412
1012,PEB-PE,0.8298040852502268,19.7,3.18642,7.163094310210444,0.7660256410256411,0.9967845659163987,0.5641025641025641,1.0
763,LEU,0.82966094235648,171.01613636363638,7.717608531818183,0.864125057296845,0.9233132849784256,0.6469953586835565,0.9291905424014253,0.9421480859450125
489,FCX,0.829525435083981,76.35268461538462,6.604954361538462,1.237498706679524,0.8594898124523129,0.8997576817215671,0.8307304511108696,0.4764272190094911
972,ONTO,0.8294989363953235,325.9143098039215,8.13842738235294,0.8273400137731157,0.885656256937742,0.6773880485229645,0.9488581626573492,0.9266179695260642
744,KTB,0.8294827645101432,81.441875,7.5044572875,0.9195164573767817,0.8536069599809166,0.8585862866708943,0.7323120194720086,0.8375272428760777
1251,SUNB,0.8294008207231027,72.77799999999999,5.54945413,2.7279054391395414,0.849602455356704,0.8749200710197688,0.7685517188510761,0.7210759272112207
162,BCC,0.8291372230720704,79.3423076923077,6.129067384615384,0.8529538005640076,0.9085629116428003,0.753457757618173,0.7858037624224024,0.9026923634624926
1457,XMTR,0.8291346873893701,94.49136363636363,5.259685663636364,1.4100930975543915,0.8441766140458161,0.8020037126290426,0.8103439801829964,0.9090277701657038
419,EAT,0.8289904487845482,225.15078125,6.51361104375,0.9845879155519424,0.8331672947652612,0.7476507192246205,0.9166060657855407,0.9238293073098154
903,NEO,0.8288680969814486,16.155,14.201096920000001,1.891776784076289,0.9629791107255239,0.9471313919999755,0.567029173691358,0.46923586289252367
1215,SOLS,0.8288258025240264,61.251666666666665,8.554152433333334,2.782989262829357,0.7824604617043094,0.9409213509095599,0.7579704473888795,0.7404807863139612
679,IQV,0.8287403740358311,228.16784705882353,7.773033476470588,1.2228474961850377,0.8726476707401658,0.7026404035407615,0.945133912306409,0.883627655762248
245,CAMT,0.8287233290141155,154.79970833333334,6.4678184,0.932984909069865,0.8336633968425061,0.771488910031097,0.8599175400134597,0.9493651360566241
1291,TILE,0.8286577414043961,39.3165625,12.01300525,1.1909973996213643,0.9139208993993544,0.8058477108929901,0.714795367305134,0.8377965434104876
425,ECPG,0.8286310944425502,97.88,5.59930185,1.759236008173885,0.8285714285714286,0.7995226730310262,0.8178571428571428,0.9522673031026252
413,DXCM,0.8285375729455747,79.875,8.71514284,1.005930012122723,0.9626061779946301,0.7973971062859565,0.7916501876324213,0.5420638592088523
240,CACI,0.8284015056910439,517.3149999999999,9.210844076923077,1.177063509255037,0.9471508414811337,0.5743022291967755,0.9831926346669309,0.9925440402038933
5,AAOI,0.8283774328714306,132.244055,10.771588251666666,0.916630300584534,0.9208572843027979,0.7715618650022079,0.8933095502879709,0.573688205570844
927,NRG,0.8279369116112396,120.07222222222221,6.383796133333333,1.025340632680189,0.9153589448895809,0.7359542545579476,0.8431580268108214,0.8134568644244031
858,MORN,0.8279111493321106,174.385,7.71962025,1.6756776382223015,0.9110634239389603,0.6697487846349115,0.8976919408679065,0.9508848815767416
471,EWTX,0.8278753921451253,44.44040833333333,8.632870941666667,1.514990904437324,0.9177096812948271,0.8137242363813347,0.7216352807837505,0.7754646480171853
1321,TSEM,0.8277591025792851,245.1419387755102,8.164292648979592,0.804869182709895,0.8750895971756139,0.7016254627482315,0.9391747482967824,0.8807388194658278
225,BTI,0.8277394470415382,59.82125,4.70116495,1.6799332986440705,0.8707182419003631,0.9512862838865985,0.6431209355485097,0.6141367590639976
1277,TENB,0.8277254826174185,38.97977272727273,9.005205218181818,1.3311903206150353,0.9438245368550878,0.8645046498299046,0.6934009724381265,0.5613007279004587
82,ANDE,0.827636819522691,72.22333333333333,5.073205983333334,1.1227981400885996,0.8616730354967932,0.775887913911305,0.7965617809491046,0.9517813104003561
730,KMX,0.8274361407760373,59.131249999999994,5.716763925,1.738486543593261,0.9120372843997431,0.825879321867756,0.757267747371568,0.6771177910809906
1160,SE,0.8273419467606001,110.93041666666666,5.553032526666667,1.101179230738004,0.8276856294206566,0.8719512325516175,0.8051939243585462,0.71430260198595
528,FSLY,0.8273113096519529,26.4573,13.28005267647059,1.5266297633857713,0.9302018643487113,0.8974567402092241,0.698473182284704,0.4793616159973458
410,DUOL,0.8272903016434625,143.029396969697,6.273347496969697,0.7901376502526307,0.8530926941692127,0.760205527048956,0.8715392178457931,0.8832808064794478
1058,PSMT,0.82726296913309,196.6775,4.473984875,0.7275300536208488,0.8355111842666827,0.7019943340901283,0.9540913921909562,0.9831775927001499
106,ARXS,0.8272341877752964,51.31666666666667,11.8100731,1.6639155508030141,0.9104729369858701,0.8201421521097922,0.7155424377047942,0.7841041905085586
1007,PCOR,0.8272321428571429,62.17,7.22663,1.4481352007190504,0.8772321428571429,0.8549107142857143,0.7633928571428571,0.6830357142857143
433,EIX,0.8269948596627843,60.013,5.5239508,3.750792212817577,0.8276441881274964,0.8810245032824053,0.7540932759611177,0.7814216247709523
1324,TSN,0.8269910106256956,61.144999999999996,6.4310785,0.977683511393195,0.848822349448944,0.9120268757161117,0.7256509726759316,0.6556358728273974
55,ALGN,0.8268500181459628,180.72,7.15048095,0.9285725235600489,0.8757538852390867,0.7012411444625588,0.9125037042510407,0.9240101690017877
427,EEFT,0.8268488745980708,72.32,6.1344295,0.5698586766340963,0.8938906752411575,0.7491961414790996,0.8263665594855305,0.864951768488746
1357,URGN,0.82665021480513,45.036289999999994,10.12358093,1.502105444180038,0.8776994502112829,0.8392197734968736,0.7170899121009927,0.8231050408707672
1429,WIX,0.8263886390679201,73.949,8.650715096,1.012006554968777,0.9259844099460625,0.7461363921715322,0.8060230688440211,0.7994174455795776
1316,TRMK,0.8263461538461538,47.11,3.7893836,1.0571510876353796,0.8730769230769231,0.7846153846153846,0.7538461538461538,0.953846153846154
1014,PEGA,0.8263065128638469,29.04625,8.300710925,1.0771771819014206,0.9371691021566362,0.9168389268949686,0.6012426447562651,0.5715517374453227
1102,RGC,0.8262168494385936,6.615418181818182,15.071914754545453,4.499233824671789,0.9738589029976265,0.9685427579048216,0.3646450174971232,0.7344726462331234
1105,RH,0.8261993063077441,171.5135,6.42793241875,0.7892755265387928,0.8831190056789913,0.7001389525860952,0.9022512937222503,0.9160876217051381
898,NCNO,0.826103896103896,23.32,8.414688,1.654594367062163,0.9168831168831169,0.9194805194805196,0.6363636363636364,0.561038961038961
639,IBKR,0.8260366980750445,95.985,6.629779716666667,1.141007508996907,0.882338250946928,0.7842174721027528,0.8612751995876683,0.7048715509012267
161,BCAX,0.8260162601626015,30.695,5.0479136,1.1605796064185532,0.8983739837398373,0.9715447154471544,0.4674796747967479,0.7804878048780488
1163,SEDG,0.8259136006591796,35.31666666666667,7.423414333333334,1.7813330627473782,0.9058954152602618,0.8776756632707666,0.6723529838587169,0.6719312640157638
1400,VSNT,0.8256836004091375,38.22,6.7896085,2.521145799477414,0.8714285714285714,0.9116945107398567,0.6678571428571428,0.6801909307875895
1397,VSAT,0.8256598292783447,78.16857142857144,11.573523807142857,1.2108182344772196,0.9440975687961094,0.721388981631252,0.8448493729563212,0.73769662037504
1480,ZS,0.8255998469118246,180.3631727272727,8.141276772727274,1.0432047246443668,0.8851059203947508,0.7232627765927816,0.9175584904560625,0.7915910487497587
622,HRMY,0.8255877180659627,39.935,6.88958985,1.4306939499464941,0.8887782617336755,0.8317150081355709,0.6931969804340783,0.847756775249108
144,AZN,0.8255214010292327,183.88986666666668,5.34417238,1.4420832226636524,0.8210843856328903,0.7946171784512547,0.877451790413804,0.8453549551702103
1134,RUSHB,0.8255187506611813,61.69428571428572,5.1853020857142855,2.457271037504244,0.7684276893665388,0.9233807376233806,0.6772271151384722,0.979403781870152
737,KOD,0.8254828419702016,61.49076923076923,31.92235707692308,9.567846699781517,0.8847098420829164,0.8063941192451064,0.745837361840554,0.8442898313728286
196,BLLN,0.825476219230034,110.403125,6.75996349375,0.9665664492836789,0.8363975472144035,0.773257592834131,0.8487816692850507,0.9234058635603672
1021,PHI,0.8254351041728816,17.655,4.15929,2.813565266414936,0.8019165358451072,0.9555176321754257,0.5847985347985348,0.9337343840598809
976,ORA,0.8254316554509793,103.5171875,6.4982304625000005,1.10151514441661,0.8822338874575224,0.7143313945162792,0.8731933455400547,0.9199513765213778
1395,VRT,0.825421262485219,278.4413333333333,6.84792404,0.8164880975284771,0.8640784099507144,0.7447136908290332,0.9361672935531616,0.7511056850167501
153,BAND,0.8253620616127257,71.57875,7.997338041666667,1.050602547412212,0.9116684561365119,0.7451621428304565,0.8137408570814276,0.8272318055800127
1278,TER,0.8251526129877552,395.918255,10.253689115,0.8366870161514932,0.9112158503591262,0.6611715305275094,0.9643882870793595,0.8193937226156092
1303,TNK,0.8249469924738251,91.87875,4.3470861,1.1302102404927097,0.8547704810675081,0.7678939049787423,0.8060948757869575,0.9579548220024596
238,BZ,0.8249171820420159,17.899250000000002,11.25189138,3.0923628874051277,0.9258176933616463,0.9616751914735703,0.5735033694055348,0.4959399846858316
1393,VRNS,0.8248996268675447,46.07111111111111,6.813383355555555,1.4609487382678024,0.9060669812010763,0.8730756629259812,0.6875593467571071,0.6468783207165321
440,EMBJ,0.8248814853257598,73.751,5.46297578,1.0580779390077477,0.781593266823772,0.9285232986715826,0.7250227839456445,0.813361306132569
155,BATRA,0.824878736519274,57.98,4.016224466666666,1.2665463781891215,0.7335485541532574,0.9689886975441288,0.6486770645225293,0.9925528552068306
73,AMH-PH,0.8247931945642796,22.655,3.0260904,18.093023255813954,0.7963869715271785,0.9967159188955999,0.4876779551337359,0.9967159188955999
134,AVT,0.824741549411721,100.848125,5.243797,1.320648015704192,0.8455075319823055,0.8220600948579122,0.7942486615514932,0.8224314770734619
362,CXT,0.8247041420118343,45.35,5.76025,1.447099430487414,0.8816568047337278,0.8076923076923077,0.7218934911242604,0.8905325443786982
594,HCA,0.8246952709778967,413.82903846153846,5.276365061538462,0.8375321819657509,0.8224759659981739,0.7072004361266253,0.973048346670433,0.946988609001305
1056,PS,0.8246368453406183,45.08196296296296,6.296372174074073,2.9801171513512092,0.8497544449642581,0.85906311746135,0.6644479560495655,0.9366110728174244
1107,RHP,0.824628450106157,129.77,4.45947,2.5278803039441167,0.673036093418259,0.9745222929936306,0.7876857749469215,0.9044585987261148
831,MESO,0.8246166395425989,17.335003846153846,7.7717652230769225,1.409979933092342,0.9111836455723835,0.9300343775423643,0.4766584079151836,0.8485864986940044
563,GLW,0.8245416776343356,210.79667333333333,8.833031693333334,1.0853110420200343,0.9014777118419498,0.7644199293308619,0.9176608353089707,0.5794533616205733
18,ACIW,0.8244523318830623,51.105000000000004,4.3721987,2.1967840511624805,0.8047000228990153,0.9444921507264077,0.648182072615322,0.8259865659109992
743,KSPI,0.824292638346611,95.66681818181819,4.353218518181818,2.145698589234637,0.6906859634082377,0.9680653239828012,0.7450268859229283,0.9472431057516189
463,ESLT,0.8240652586488989,803.1968181818182,5.505863327272727,0.9256738373777181,0.8452135101332071,0.6596939085188216,0.9874253167714779,0.9986259876639335
939,NUE,0.8239541458279758,260.38642857142855,5.748054242857143,0.832184634627492,0.8068745180704792,0.757582032561256,0.9354326698004688,0.8930781914677469
314,CNM,0.823943230799373,42.82,4.23563,1.7434132820521953,0.8841937695924764,0.8685442789968651,0.6651009012539185,0.7746473354231975
1046,POWL,0.8238421129776639,240.323,4.89116358,1.11928911320908,0.7762045707394611,0.7843067976977449,0.914917858992521,0.9467956222613747
611,HOG,0.8238322717622081,27.776666666666667,4.502131833333333,1.4842230345775473,0.8879766331627458,0.8932231262962826,0.6725574659744978,0.6590086275664863
397,DOCN,0.8237131719332779,136.182412,8.860886728,0.833464377745764,0.9067112648538008,0.7203787116272612,0.8864035365214086,0.7695097286062438
553,GGG,0.823613388216416,77.7425,5.22807775,1.3767821316647395,0.8764723666003884,0.7916652131951953,0.7708805711561493,0.855891210567319
891,MYRG,0.823561440977104,320.92199999999997,5.45229288,0.7559154433002984,0.8888159013062751,0.6480489182285938,0.938317234938215,0.9799530715225695
316,CNR,0.8235558017956586,89.98,7.52868,1.5162488521579431,0.888095238095238,0.7255369928400954,0.8464285714285714,0.8949880668257757
1067,PTRN,0.823508212560897,25.955555555555556,6.840992222222223,2.498551679527301,0.8963471429693983,0.9444638362506151,0.5724806979785724,0.6472823023817788
509,FN,0.8233387811855332,528.0906,7.735270788,0.7249228196630688,0.8690281546264039,0.6496372758930563,0.9740709083568935,0.9699169883234336
833,META,0.823304213413005,639.2664902439025,3.976631212439024,1.322495095511641,0.7137101111634562,0.867947691748118,0.9518741629900055,0.7934914979595286
368,DASH,0.8232405739392218,205.856675,5.07410755,0.6959339078032569,0.8378424703119808,0.7830946744019991,0.8765961048846352,0.8059335231240176
619,HQY,0.8231043707591592,92.41499999999999,4.60996425,2.427562314690432,0.7964102564102564,0.8527185509368138,0.7736829836829837,0.9117269145108788
697,JBL,0.8230345070475696,306.4116666666667,3.9593462,1.3561696418282867,0.7392266794260203,0.8285247890511048,0.9162441153026871,0.9107267002003844
1055,PRMB,0.8227315164666935,25.581,9.836833799999999,1.9119667634420334,0.926949309575317,0.9002539905460225,0.6425771445919468,0.5469493250583539
1222,SPOT,0.822711691589886,521.6282352941176,5.211482070588236,0.5650048338081726,0.8729490636563704,0.6447339031612195,0.9789002108481171,0.9574261103410621
1024,PI,0.8225947869834735,165.281875,5.7946254999999995,0.9963182281965809,0.7958849122966238,0.7844615295160662,0.8698319113420793,0.9550715008061625
541,GEF,0.8223622512437812,86.97999999999999,4.3426089999999995,2.0968505769151804,0.7569651741293533,0.906473880597015,0.7194900497512438,0.9626057213930348
1370,VCYT,0.8223424720176596,48.97463333333334,5.921967216666666,0.9603217001433647,0.8944381206595691,0.80944565704488,0.7093396943173476,0.8411521095763299
142,AYA,0.8222727824250351,25.550994285714285,8.279057642857143,1.4934383787156666,0.889297354214357,0.9144700131960738,0.565377075202853,0.7787878879081364
661,INIO,0.8222038168975637,20.31642857142857,9.603607971428572,1.9229319398968479,0.9678448603174052,0.892515300447518,0.6210788749491368,0.46861985640013204
392,DLB,0.8219709007846758,58.23375,12.46379875,0.8412472389314143,0.9743659593033349,0.6934680114571471,0.7937329312964516,0.794824247592169
1001,PBI-PB,0.8217039480274785,21.80033636363636,4.608495372727273,3.548058211354599,0.8024221293582094,0.9747650540737403,0.5024705874940022,0.9919431632749571
1026,PJT,0.8216245679223172,166.64233333333334,4.610900413333334,1.2754311220434924,0.7328877135306044,0.8500014682862437,0.8590552652116927,0.9580230124408178
723,KLAC,0.8214210310503316,245.99645384615386,8.439306338461538,0.8554742932216792,0.9186621250021323,0.7178307048374685,0.9208437904488078,0.6447978251670976
949,NWCL,0.8213421459834548,8.0425,12.012533999999999,1.1925290651929812,0.9951923076923077,0.77816140424859,0.6055141287284145,0.7956552105845764
491,FDXF,0.8213169642857142,151.99,7.61116,1.014519577790281,0.8883928571428571,0.6763392857142857,0.9308035714285714,0.875
1070,PVH,0.8212218649517684,78.46,5.2871747,1.013535896461679,0.9228295819935692,0.7106109324758842,0.8102893890675241,0.8745980707395499
435,ELF,0.8212101733762839,76.02114545454546,6.839758136363636,0.7809577344613795,0.9117920047616676,0.7521698061820209,0.8255284878137619,0.7371784198324054
651,IFF,0.8208999197301307,88.11,8.925702333333334,1.339589574260593,0.920883402087694,0.707947157362813,0.8608118840049584,0.7864684712146152
888,MUSA,0.8208429292041793,562.9198692307692,4.936470992307692,0.8595110626279752,0.8076001581712725,0.6892626025445476,0.985861127190089,0.997687375156245
132,AVNT,0.8208122654750168,40.769999999999996,8.35419,1.8715033435596906,0.8259943392279735,0.9026730057954933,0.6853570012288974,0.7870729447102396
322,COHU,0.8206622424616911,57.4096,7.6387468307692306,0.9779164425323952,0.9002793184844514,0.8121220915889938,0.7166483515795219,0.7799207862008098
1011,PDFS,0.820620842572062,70.79,7.387747,1.5021167719557391,0.9002217294900222,0.7893569844789357,0.7317073170731707,0.8292682926829268
208,BOOT,0.8204272715084846,161.0475,8.092821,0.6266836779288005,0.8885575623590501,0.6704861116813342,0.9064446663628022,0.9347305232178972
148,BA,0.8203902209582242,209.90772727272727,3.937095609090909,1.369924307612276,0.7463416229193157,0.8867870004620498,0.8490538265282485,0.7898443746909674
376,DELL,0.8203338586462336,497.07434,5.89892526,1.2197900932707062,0.7874488103868699,0.7733502294987515,0.9549298490465359,0.83068224876959
90,APO,0.8201634853606959,139.82071428571427,5.908732285714286,0.7040859533164127,0.8735119325303871,0.7584241874672781,0.8872387124433283,0.715381008728475
677,IPGP,0.8198014415088751,86.34,6.35544062,1.6268417969739606,0.7777351509188715,0.882136142912502,0.7402960839701096,0.9078727187387251
637,HYMC,0.8197988709116245,26.874566666666666,12.348842466666667,1.123603910068516,0.9663461487030996,0.8549150886505739,0.6376367028521449,0.5483009726740982
373,DDS,0.819675058714036,610.4583333333334,3.831532525,1.1076583319937925,0.6549495141428975,0.8516699387419008,0.9625744688061567,0.9984335644312528
634,HWKN,0.8196444698900107,125.7325,2.717415875,1.2123508588253407,0.741092259888828,0.8320431356105323,0.8501220312012816,0.9902267522497824
1463,XPO,0.8196439526023506,192.855,4.3591120750000005,1.0805578247700036,0.7927563605837531,0.7988182874854708,0.853952763786646,0.9180227302079298
114,ASST,0.8195627368146461,27.332684615384615,7.0718030715384606,2.16357089817171,0.8927669684575826,0.9233626555406981,0.6459168286790374,0.5473400267944035
961,OKLO,0.8194254536376204,44.23997619047619,11.180315433333334,1.1189029135458033,0.9541313764537033,0.8160137779320933,0.7836627016219986,0.4314210927819196
361,CWST,0.8193275824758245,93.37071428571429,5.245948628571428,1.2554624658758797,0.8453848915326144,0.809375668221818,0.771849073588112,0.8579157184415074
1183,SIRI,0.8192926045016078,29.695,7.512667,0.7175472823891753,0.9517684887459807,0.8617363344051447,0.6881028938906752,0.4694533762057878
100,ARM,0.8191004027957496,320.8865846153846,7.703821976923077,0.9447595053319069,0.8365042752074486,0.7299215664838559,0.9616097267012373,0.7852941286354566
598,HD,0.8190021231422504,342.85999999999996,5.6742099999999995,1.3590629237072387,0.8046709129511678,0.7600849256900212,0.9639065817409768,0.7855626326963906
1132,RUN,0.8188959660297238,14.42,12.5683,5.76873209396508,0.9915074309978767,1.0,0.4904458598726114,0.2377919320594479
729,KMT,0.8188869516552585,30.96,5.19877675,1.8305817556115704,0.845812346635671,0.9244640320289294,0.6189703603254553,0.7549614705755736
93,APPN,0.8184088018565295,35.101111111111116,13.674500944444445,1.0131606276120562,0.9540320877928369,0.7606103257760788,0.7184998584374614,0.7458398541991679
685,IRTC,0.8183974435155091,119.08333333333333,4.77291,1.0657403116823654,0.8557959403061229,0.7381194486738175,0.8296422632796974,0.9459860471659042
1180,SIMO,0.8183258119612766,267.0885269230769,7.830224555769231,0.8477721229234325,0.8746129742044153,0.6587710235878792,0.9385808903552895,0.939252346629157
1327,TTE,0.8181952662721893,81.39,3.26059,1.654724863879078,0.7396449704142012,0.9142011834319528,0.7662721893491125,0.8609467455621301
461,EROC,0.8181735675945877,15.6,13.318484904347827,1.9542256702392786,0.9325665753014846,0.9500452077756746,0.5365016864103326,0.5195910623551556
102,ARQT,0.8181031335739558,26.648125,6.7165879625,1.626720108128301,0.9179667102217557,0.8835695006598482,0.5890238083318782,0.6976069809901888
58,ALKT,0.8180981432360743,20.3675,6.8599205,1.6224190676766024,0.9424153534092681,0.9334311124980497,0.5215181775628023,0.5724824465595257
428,EFX,0.8180657961866651,174.26749999999998,6.211566299999999,1.123016774591969,0.9014178955679756,0.6879910558273186,0.8846138500659242,0.8484989318512722
1226,SRAD,0.8180580164923107,13.592233333333333,8.391018333333333,2.3627755688204255,0.9708539549282099,0.9622592793086199,0.4725943221790803,0.46949520073604095
1374,VERA,0.8180259647411504,34.823393548387095,6.599351309677419,1.4761347853679927,0.9198353421230065,0.826599561222352,0.6723737287813236,0.722990028140102
115,ASTH,0.8179581979370768,44.4825,7.36969704,1.384172471702239,0.9266664259017127,0.7466582423490421,0.7283486257245978,0.8662483890439313
140,AXSM,0.8178092408419099,222.84722222222223,4.520297188888889,1.1522943936677512,0.7033966778711488,0.8452323412452691,0.9067683472979238,0.9443541469157888
1238,STDN,0.8175999157640851,14.138925,13.26534685,0.913990044886431,0.9883723861185583,0.8031837058587288,0.6354034963013097,0.6347458431177262
120,ATHM,0.8175232838187,22.97666666666667,7.5172028666666675,1.7856557243092477,0.9493458519786109,0.9306038047973532,0.46257217895806074,0.6702646815550041
654,IMNM,0.8173920416377223,26.43730769230769,8.823988792307691,1.5522378309744833,0.9241832537460486,0.8889876556692123,0.5872608948175542,0.6533004437887011
787,LPLA,0.8173768007787251,323.797,4.2513223,1.0900234169328027,0.7854699195603375,0.7514562545422114,0.9213298015888288,0.9518667952506714
1456,XENE,0.8173025813934978,59.25285714285714,6.034619764285714,1.9896428486722288,0.8818093784782024,0.8016303469419036,0.7336361885660345,0.8137143978325374
1093,RCL,0.817154950096486,280.1417285714286,4.113613628571429,1.2183066948508838,0.7327389240438977,0.8104226619211621,0.9406402679476696,0.8892034141918111
1268,TBBK,0.8171425309722503,67.886,6.33279474,1.1490105828230461,0.8012303013287658,0.892777495402056,0.684278400849116,0.8738412194663944
125,AU,0.8170751133669142,111.44218684210527,7.181587634210527,0.845335978310757,0.8578640778374448,0.7592898247118524,0.8729383521079119,0.764835770530778
1346,UHS,0.8166883185681568,159.66333333333333,5.791345683333333,0.5703992387481688,0.879884802488884,0.6923967518582671,0.8835418823301638,0.8968139808062108
63,ALMS,0.8165901454089133,28.97958,6.29994248,1.5405240345664235,0.9286871824878112,0.8748130710083304,0.5681310741786916,0.7173884184952544
310,CMPR,0.8163956639566395,98.7,4.223865,1.5539145136725028,0.8048780487804879,0.8130081300813008,0.7723577235772358,0.956639566395664
19,ACLS,0.8163733329998157,157.40125,6.7276665,0.8271591615740083,0.8413476455496623,0.7293617269435235,0.8704472038835864,0.9253561185048345
406,DSC,0.8161947051969445,7.365,33.4239175,1.0926485301171796,0.9987165281019696,0.8348001530059401,0.5350738472938866,0.6744909735039879
1233,SSL,0.8161528009505411,14.171428571428573,6.390356114285715,2.02085815443093,0.9233594277426613,0.9199357900274177,0.4946148178390324,0.7207651116320696
694,JAN,0.8161053617364297,30.915000000000003,3.9159635666666666,1.1655962652521479,0.8875494817016606,0.8484793724125401,0.6304448480447578,0.8240629318750791
1000,PBF,0.8161051091880532,64.63072941176472,7.891464888235295,1.1329934518021125,0.8934297476924556,0.7981875431206805,0.7689187811408291,0.7025530117528975
292,CHYM,0.81609237397799,31.665000000000003,9.670484233333333,2.572024030418283,0.9351238891282415,0.8334336729544083,0.7220476485675378,0.5268769753555494
1349,ULTA,0.8160790886650129,527.4778,4.59267725882353,0.6190244501170674,0.8705414788321251,0.6156273127620655,0.9833475721255226,0.9925049718194167
165,BDC,0.8159079114873466,116.62666666666667,14.306263333333334,1.2125034771854144,0.8617902000372992,0.7429557193477502,0.8260782310442969,0.8903119349371994
1225,SQM,0.8157740794094432,76.75644444444444,5.026556444444444,0.7619624199815891,0.7956595027586576,0.8324970115703032,0.7948422520066786,0.8695084899297121
417,E,0.815688573109542,53.96998,6.38322496,0.8735376762820017,0.9081115510468596,0.7601916945653734,0.7143548908585527,0.8891145897354986
163,BCO,0.8155254981046145,117.47333333333331,4.999404733333333,1.0924492977297153,0.8562468122518582,0.7599176255034975,0.7919698364814969,0.914739775939406
505,FLEX,0.8153371453003806,161.02249999999998,6.878066199999999,0.8376234761568386,0.9398757045815869,0.6895715903068844,0.8895703858939152,0.6711651491063255
1006,PCG,0.8152635766431205,14.065000000000001,5.992091200000001,5.668855312007878,0.9705297336816867,0.9934414949090948,0.5541076669999677,0.17052113236353464
422,ECG,0.8152393334673245,145.31833333333336,6.191226233333334,0.9379190987851055,0.7735261235261236,0.7857264464487942,0.8833833833833834,0.9282425729942659
1353,UNH,0.8152212839248613,435.0878333333333,3.5614329,0.9641861461121396,0.6923953598170107,0.8730782800779272,0.9620106323323124,0.7490338349517045
213,BRKR,0.815163650088101,58.940999999999995,7.02438047,1.0514826729594213,0.8708743046864511,0.8206222736362321,0.7517634992743071,0.7278714782030041
242,CAI,0.815154607528825,25.54950909090909,9.126217366666667,1.4610891398990233,0.9315848617172503,0.8651665869304319,0.654054123631632,0.5548077577580975
964,OLLI,0.8151212834605862,75.30666666666667,4.024583633333333,1.1471172367821028,0.8059321880173225,0.8193385212473392,0.8123260988038145,0.8381131545719183
352,CTSH,0.815101299325432,57.91413333333333,10.065863916666666,1.2176439187991475,0.958255932600908,0.7872569543143338,0.7839029098164598,0.4739120694180534
271,CELC,0.815092725917982,101.59,6.581889371428572,0.7931151517966558,0.9144260948672762,0.6718194381145962,0.8686918632336906,0.8616841672758859
1150,SBAC,0.815041575814809,184.97714285714284,3.735754814285715,1.187838323703613,0.7406422619385913,0.803284736953427,0.9044389052308073,0.9377934515644117
792,LSCC,0.8148320885526855,127.63916666666667,5.767892466666666,1.2996875135571064,0.8088100248599005,0.8078891916559008,0.8336271823828644,0.8226192629558216
1476,ZETA,0.8148053626762864,27.29247,9.167059210000001,2.265127940859863,0.9377784920324472,0.8867374150400673,0.6606066587955258,0.44103463441801266
184,BILL,0.8147296319194015,43.142272727272726,7.518000727272727,0.9987549031091564,0.9314741538878237,0.821522561050566,0.6932996229601335,0.6252085709893838
1156,SCCO,0.8146926510723574,205.05124999999998,6.30313887,0.7801607460570495,0.8245467733386727,0.7082364666553151,0.9311900073995366,0.919805155945545
135,AVTR,0.8145732792018159,14.161000000000001,14.0180944,2.7968404717238426,0.9754946687398316,0.9794820481181269,0.516847058368888,0.2696201662775272
1202,SMMT,0.814509973408188,15.692857142857141,8.786568592857142,2.1498283064606376,0.94235283002442,0.9542730801093308,0.5466992442053872,0.4135105602029784
179,BHFAP,0.8144838566395038,14.2175,4.12256665,1.457324748960362,0.9231967530125559,0.859027870793801,0.45819086487746213,0.990670653317865
537,GAP,0.8144832580313052,22.52333333333333,7.6769301,2.1149562542201927,0.9469658572236191,0.8777012367914271,0.647080760857051,0.46433622954628695
618,HPQ,0.8144773903659392,35.225,7.6229774,1.361398931901613,0.9588848679936123,0.9307526443671706,0.6142039471890831,0.3026347160184875
1280,TEX,0.8144381760281116,74.58,6.39087,1.4529246983729314,0.9080212851626127,0.8053473709255294,0.7080199125167006,0.7315516389392192
529,FSS,0.8144366197183099,124.55,11.3445,1.7134350378730263,0.7582159624413145,0.8450704225352113,0.8075117370892019,0.9178403755868544
78,AMT,0.814375,179.26,4.52478,1.667571271001205,0.79,0.8025,0.8675,0.835
583,GSAT,0.8142276422764227,83.38,4.1078796,1.74847033714252,0.7940379403794038,0.8726287262872628,0.7344173441734417,0.8401084010840109
1469,YPF,0.8140867356809274,53.16555555555556,4.681046422222222,1.1118288816789506,0.8663887474347463,0.8143411217119202,0.7246912204444206,0.8089303739070999
692,ITW,0.813950032608154,297.6983666666667,4.521581,0.9659877448825589,0.6603572111967635,0.896765082307251,0.8961869908698268,0.8971983170778352
1087,RAPP,0.8138273649454028,42.19357142857143,5.6069567,1.3109217134874422,0.8888568783469094,0.7714735765535882,0.703061832990766,0.9209933913207546
894,NAVN,0.8137622227523952,24.61,7.41443526,1.424305030183804,0.9347488557267141,0.9239116996860721,0.5613487800937454,0.5096127233917105
1328,TTMI,0.8135904969709248,124.24499999999999,7.809992336842105,0.685576500985412,0.9104336874883809,0.690181553457119,0.8738707275609158,0.7860101712781664
1171,SGRY,0.8135813802624021,15.94714285714286,9.821512114285714,2.1182845377679844,0.9359309142185702,0.9536872117097991,0.5002551603387254,0.5216400411972781
1159,SDRL,0.8134897219397471,47.243,7.47509893,0.8834734903008865,0.9279105152891602,0.7411949691979753,0.7277796033681099,0.8374688169562778
584,GTES,0.8134864522928382,27.95625,8.441617125,1.2170971966645936,0.9353796507153118,0.8795117890362338,0.5894594273003662,0.6038256291972409
216,BRVE,0.813472636691853,27.758,7.53897238,1.7650017732299301,0.9228581340981137,0.7786895343625947,0.6575866812815127,0.8641361647430255
1005,PCAR,0.8134643497854785,129.32666666666668,4.314741266666666,1.0710489585793088,0.8083423721051344,0.8097047669388641,0.8397059630020798,0.7920665851966309
821,MD,0.8134139977379612,25.828833333333332,7.126912433333334,0.9917979486272314,0.9496758627188644,0.8307199211734585,0.5880169974964922,0.726720738763497
1477,ZIM,0.8134093911701641,28.008235294117647,5.5012538,2.5015780239419136,0.8223832620696635,0.974615164983179,0.5620632544318596,0.7204729081529737
43,AGM,0.813340299547196,216.405,5.20097415,0.9962883781286083,0.773514320928114,0.7514769713045575,0.8999243094070681,0.9960848538434746
72,AMGN,0.8133002761829444,406.705625,4.4244816,1.241638188163968,0.7123517828405443,0.8093567184075843,0.9614412351944508,0.8841405370720936
610,HNGE,0.8132770307067912,86.10695263157895,7.176001394736841,1.0296847329925762,0.8737583764671505,0.7671449838306663,0.7975953820282371,0.7944177819690799
1118,RNW,0.8132074387439524,6.829242857142857,11.408246571428572,14.206861196467392,0.9766226440347084,0.9972547092415437,0.385302864321803,0.452897922329035
1142,SA,0.8131000857169768,33.34785357142857,7.332356064285714,0.9498519138696988,0.8836253756076923,0.8354709330779576,0.6519440747776211,0.810275627214751
336,CRCL,0.8130664269588023,82.15788266666667,6.960196801733334,1.104859501390088,0.8475109953564464,0.8651997860895102,0.8095868722612579,0.5170027900046584
547,GEV,0.8130120133933543,1023.8141733333334,4.301909226666667,0.9205780402610058,0.7860252014837668,0.6987124011883699,0.9872120120203275,0.9591145005404105
1059,PSN,0.8127626918566904,47.50666666666667,7.4599415,1.2284677675900089,0.8467982388903699,0.8673005142170678,0.6881646228780149,0.7519520369348415
670,IOND,0.8125569548257847,81.820025,7.3865478499999995,0.9396645996781654,0.9312868732380377,0.6654468888339377,0.8167277886002081,0.9035458038055171
276,CF,0.8123150741918,128.17347222222222,5.164606338888889,0.91954523315388,0.8616470483801987,0.6946952917616247,0.9042816304571346,0.8673892905073498
933,NTES,0.8123057531945286,127.813725,6.2414768700000005,0.7767352533836844,0.8239772521681893,0.7271440488442462,0.8903414816141891,0.9134500151733833
732,KNF,0.8121544776357335,64.38392857142857,4.527861957142857,1.304004400717847,0.7354363277302864,0.8973055521903166,0.7546364346101101,0.8976753274150041
284,CHE,0.8120814886998128,531.5416666666666,4.1501439,0.9864215082322,0.7641185588822488,0.7181184535535367,0.9676105003150655,0.9977643428427484
1244,STRL,0.8120523380856107,570.5536111111111,8.363475744444445,0.7486458791806934,0.873520134525521,0.610181101495014,0.978452631980046,0.9706637908241434
1335,TXG,0.8120428808527429,57.714642857142856,10.56940822857143,0.9418900245831185,0.9403935431887741,0.7402239485338297,0.7919069491776061,0.6544536891431045
280,CGON,0.8120373390206108,70.87,3.794785875,1.1783492547719745,0.8302165834161969,0.7993018543703595,0.7593329354592834,0.8983929870345937
703,JLL,0.8119633602241395,327.981875,4.32324865,0.9550459909753558,0.7903934181884844,0.7097241297823663,0.9440923855379164,0.9810374132675844
348,CSL,0.8119270775133163,365.49,6.4256875,1.1072517534768505,0.88999236413752,0.5957928260140798,0.9737121466085596,0.9715983163854435
577,GRBK,0.8118895966029726,80.22,7.605630000000001,1.2308904207150473,0.9256900212314224,0.6709129511677282,0.7983014861995755,0.9341825902335456
726,KLRA,0.8116714005008157,17.50583333333333,6.940186608333334,1.0723280614672632,0.9213371888039683,0.8588309373511144,0.5588286683663359,0.7684682267326948
416,DYN,0.8115427626930143,20.80333333333333,5.877255133333333,1.6729977243493919,0.8993959950106607,0.920785022150946,0.5367472211469336,0.6712996245706525
690,ITT,0.8115319944012057,201.788,4.628698040000001,1.8054031560650448,0.645129042067311,0.9123811137398707,0.8674926289130032,0.9290491408609152
1232,SSD,0.8114010989010989,205.75,6.473812,0.4077780565389631,0.8763736263736264,0.6593406593406593,0.8791208791208791,0.9807692307692308
281,CHA,0.8112173718935826,11.894187500000001,6.965752262500001,2.9617699561402127,0.9444768904971397,0.9108086017247876,0.44621908187836845,0.7262363324023433
524,FRPT,0.8112107866439345,69.64047058823529,7.5892699529411765,1.2330964761147711,0.8990740576629473,0.7344433595701481,0.7941283913759878,0.806540123371536
1234,SSMR,0.8111928997920329,17.909444444444446,6.193967144444445,3.943275637779299,0.8654394935927575,0.9192740104142197,0.4989062179684401,0.8676192979590289
180,BHVN,0.8111729596964806,15.197435714285714,12.709801042857142,2.1342534113387055,0.975489899559072,0.8504503735632737,0.5972316781337456,0.5264752847691064
1035,PLPC,0.8107081576680638,466.58833333333337,7.820240933333333,0.885444535290317,0.8253683439807106,0.6452472731461462,0.980705988338186,0.9985149400602671
515,FORM,0.8106008672770163,121.38,15.251193624999999,0.906276413138586,0.9550589701617992,0.6243330103766654,0.8776611800847927,0.8228143807159513
985,OXY,0.8105845920459883,54.233225,4.331851725,1.025020221698214,0.8444550552850009,0.898101021551293,0.7251545514913359,0.5565905485501834
908,NEXA,0.8105154530781491,15.407775,9.5079995,1.3258195799026473,0.9617970953436212,0.8290803263152957,0.5639635590422893,0.709156436890703
80,AN,0.8104836458672798,207.63805555555555,4.681311211111112,1.0469870359092388,0.8071459232105762,0.7199135798412564,0.9011471046530356,0.9578339886853136
992,PANW,0.8104708088889421,361.93733076923075,7.564436438461538,0.9637561637463689,0.8894694276470511,0.6411287269756074,0.9643749496765645,0.8188646483569868
925,NP,0.8104635796106624,34.511250000000004,8.89839725,1.3416778199607102,0.9567795482284583,0.7536418203095733,0.6675939380031894,0.782973130217135
695,JAZZ,0.8104240678821351,261.43,3.74248755,0.8009566130306771,0.632083844114985,0.8693727281413178,0.9388382244675288,0.9714662269892334
423,ECHO,0.8102657004830918,94.25,6.798867,1.254517425051855,0.92512077294686,0.7198067632850241,0.8357487922705314,0.6739130434782609
469,EVR,0.81015625,312.43,4.16069,1.430588486263913,0.6339285714285714,0.8504464285714286,0.9553571428571428,0.9955357142857144
266,CDNS,0.809938105950962,335.6875,5.0607580375,0.8771224744716908,0.7922941982270225,0.7101712601820018,0.9672143303861661,0.9063232943057032
47,AIP,0.8098445757888482,46.9375,8.4257314,1.1149055811824657,0.8862385464552647,0.8150780248303469,0.6747662382337305,0.794305281921381
1322,TSLA,0.8098092644944185,377.44987142857144,5.271718119047619,0.960706362263814,0.8073061649986057,0.7940162866759674,0.9760617351170414,0.5413405938490966
1312,TRI,0.8097986216621625,100.51642857142858,5.275253342857143,1.4378414830797408,0.8069408259716463,0.8415801583984935,0.7709087683921074,0.7863452345419225
189,BKNG,0.8097580617786999,181.320625,5.37351765625,1.2318496548066005,0.8456635275514299,0.7661939939688245,0.8790949932519746,0.69788930596216
1039,PLXS,0.8097475336427402,259.58875,5.036715624999999,1.0104132664404835,0.8216785938409111,0.6880556435377023,0.9204691114335308,0.9724672827351939
1062,PSX,0.8094671130396914,194.09609999999998,4.805505133333333,0.7240434369513346,0.8704623926838373,0.6672954549494303,0.9113947323983718,0.889729198883734
6,AAON,0.8093197891640026,84.94801333333334,5.244691933333333,0.7702831731751838,0.8923533817844631,0.7141805285078742,0.7991519386257157,0.8720253283654149
1191,SKWD,0.8092747919794951,60.61,5.5378667,4.011556859704353,0.7764555052790347,0.9085474004575276,0.649894419306184,0.8954489111046167
1423,WFG,0.809109701268781,70.228125,5.145616375,1.0517481599663268,0.7976587267388433,0.8223426431649724,0.7309831313888516,0.9591259552467517
1334,TX,0.8090424184635612,51.594375,4.7225385625000005,2.4069715683621635,0.7200897130161896,0.9527289529542886,0.6755084589831767,0.884541935772585
438,ELVN,0.8090067128601957,56.093,5.68553094,1.1993002295331692,0.82530318238473,0.8538603757820089,0.7000421568595762,0.8129103612992175
355,CVI,0.8089126835293284,39.24166666666667,8.247203816666666,0.9450848267060602,0.9315154097572829,0.7348622732139858,0.7233929158593706,0.810019113175103
257,CCEP,0.8087869284802468,106.01124999999999,5.937093675,1.0979636953677843,0.7971088692534577,0.8199212975113163,0.8080355073547791,0.8121926864162007
886,MU,0.8086331405046815,977.8403,8.520427421621623,0.6669932164162096,0.8651280278864694,0.695030050593024,0.988580403972792,0.6486173224230042
629,HUBG,0.808617398455729,45.60807692307692,5.9140131,1.7296527123873966,0.8664703464534398,0.8700149984784835,0.6252423140135436,0.7579906492684721
138,AXGN,0.808587094832887,48.7725,7.7642750000000005,0.9294090498563116,0.9182054424117343,0.7379082547787605,0.7571389574410983,0.7751950932799424
1037,PLTR,0.8083019161793735,161.89738333333332,10.535296370833334,1.3358340419481143,0.863131597725529,0.8045173317805058,0.915289099151389,0.4156697102198365
252,CBOE,0.808228754597584,265.4789285714286,4.826071664285714,0.9667344297034607,0.8224747921860365,0.6831352678561353,0.933010167901853,0.9466320000245327
350,CSX,0.808175634170438,52.705,5.5577819250000005,1.269704651293967,0.8945968171704276,0.8567476295638865,0.7106250630950447,0.5308006519441921
31,ADSK,0.8079557842724261,237.16857142857143,7.078037742857142,0.7578667910050293,0.9077396210460119,0.6232933228675789,0.9452348543589686,0.8304728303087562
872,MSGS,0.8079405418227803,413.38403846153847,4.224868738461539,0.8377448997488357,0.6810141106247343,0.8100230109553946,0.9338590900073357,0.993057312682681
1388,VNO-PM,0.8077845453046417,16.77,3.32718,2.6717002237136467,0.7788461538461539,0.9421221864951768,0.532051282051282,0.990353697749196
320,COGT,0.8077738392938961,42.7475,10.00385675,1.328724084711883,0.8872320539229733,0.8970074281551745,0.6088779209881207,0.6151443636892024
885,MTZ,0.8074775406485196,317.5677884615385,5.968516584615385,0.9506596188010079,0.7478189571381949,0.7613036227000054,0.9242475608802455,0.9443512552910034
1216,SOLV,0.807359849623517,86.06502,6.95292336,0.9414558038720238,0.9214459540363551,0.7522573716821677,0.7408627096911801,0.7339114368379817
1270,TDS,0.8072434641962634,37.06333333333333,5.535256100000001,1.1654124891778528,0.8651778791934794,0.8579584208055415,0.6504002159473782,0.7406571600713049
1302,TNGX,0.8072152771859722,24.459166666666665,8.663395466666666,1.4647264712930488,0.9471734455357453,0.815248110397714,0.6471932373653532,0.6092908513619086
606,HLI,0.8071911890446692,140.1168,4.6923441,1.0138513268516687,0.803773648233066,0.7460966864312376,0.8591619336802827,0.929041851761065
555,GHRS,0.8070844330787379,29.97625,7.175730175,3.057471995551369,0.7829666922017067,0.9889181092634038,0.5307232246912839,0.8078010762769248
411,DV,0.8070405918596837,13.22875,12.9696934375,9.330436132029064,0.9387127581480644,0.9925650612894776,0.45568052767623596,0.3995724952129678
892,MZTI,0.806974787233407,116.19968000000001,3.33108906,1.2618370436800648,0.7314958154778392,0.8082827990149959,0.8473645492193487,0.9857936231704487
914,NICE,0.8069149825080882,104.24083333333334,5.784153041666666,0.9497629791858596,0.803524794314407,0.7775899473162821,0.8117025627583662,0.9118431038567393
356,CVLT,0.8067969327756561,143.14666666666668,6.7591902,0.9570371936805425,0.8612778080863187,0.6770491604534158,0.8724228647632902,0.9389792083409105
468,EVCM,0.80668181499791,11.828587500000001,6.3199125125,2.486380111926637,0.9150192176358747,0.96659814112277,0.33018637222747077,0.8207846498689031
1195,SLBT,0.8066467994553337,6.01125,35.08424425,1.5167582546222893,1.0,0.8785529472550918,0.4933560654319132,0.5048205482966887
871,MSGE,0.8066433127575019,85.76571428571428,8.058100157142857,0.7090424020796264,0.8776360869669951,0.752017319701636,0.7399493057840641,0.8827475926666819
647,IDXX,0.8065783912275137,568.614375,4.1098716625,0.898387705841843,0.6608906116911077,0.8058613216931206,0.9757589855195894,0.9806341743911587
937,NTSK,0.806536351499527,15.846,11.023740499999999,1.456680090127625,0.962777958568376,0.9305262419886755,0.5314460630566071,0.37590668693237533
481,FANG,0.8065159574468084,191.6,4.476802,0.9132738292454072,0.8537234042553191,0.6808510638297872,0.9042553191489362,0.8856382978723404
587,GWRE,0.8064924065676109,153.7377909090909,7.350225181818183,0.9870476770486363,0.9334504181475768,0.6179449789467228,0.8957485896629911,0.8435429965200789
1245,STVN,0.8064175156739812,22.53,4.5961,1.6048653679941491,0.8998432601880878,0.8341202978056427,0.5555544670846395,0.8841937695924764
1034,PLNT,0.806381535061545,48.92166666666667,4.892688733333333,1.0755638084279227,0.8849069484932411,0.7720566658681084,0.7375387249863303,0.7893652503780663
231,BWA,0.8060183838971277,62.34,5.00037,1.411413286841673,0.874729411004491,0.784409227488611,0.7476818196504151,0.7578349649445898
823,MDB,0.8056941443677336,417.892652,4.8186270136000005,1.138596785574346,0.7940266362075465,0.6898564154744471,0.9573479818595386,0.9486547990712816
66,ALVO,0.8056458153580672,6.016,9.3743662,2.204383777224519,0.9735961317227495,0.9008926517112453,0.43680004314063847,0.6221473252804142
921,NOG,0.8055919287148289,20.118333333333336,8.630311,0.7687321999026869,0.9907682878847494,0.833934270216465,0.5674536518601468,0.5345530300737468
84,ANET,0.8055680271696297,189.35470588235296,6.6896875,0.8726393327329454,0.8803241106252413,0.7015363368216648,0.9172707145534906,0.6846272765251444
522,FRO,0.8055360420523061,50.1375,4.6920491,1.3567401332126134,0.8525541811262287,0.8887077720989027,0.6398667741626999,0.6812100359097012
671,IONQ,0.8055357441643207,42.584675,6.2135119,1.5466388234979116,0.920622208638687,0.8710689281783209,0.7048244448106139,0.3747895731624523
49,AIZ,0.8054503043351446,300.07875,6.67299325,1.0392596582284679,0.8130634306591753,0.661348108747045,0.9579118771299623,0.9782389011697522
1076,QCOM,0.805027626106102,197.338125,5.6285194125,0.9510121998339192,0.8635835079025163,0.7354358118445727,0.9101819248878686,0.6333447921704716
812,MAT,0.8049051970591211,14.595833333333333,10.8134787,2.341285250523095,0.970872289175268,0.9409437822443251,0.48062471103536186,0.39644629855191216
1169,SGI,0.80482005936186,65.63,4.0576522,1.778273313732186,0.8146572077440244,0.8423650304679243,0.7451487419333078,0.7583252760101634
279,CGNX,0.8048118204108949,67.38499999999999,6.4889287,0.9923304971422698,0.9009417900603675,0.7294577307903831,0.8005995266918098,0.740520827747702
759,LECO,0.8047798362347258,277.091,3.99440522,1.3198230975342309,0.7080154608452838,0.8009494742343092,0.8976464890338761,0.9711281115009308
337,CRDO,0.804656830997592,226.6140789473684,7.042175563157895,0.8456622235137007,0.8900065977508124,0.6783054356247133,0.9140823100221525,0.7293115731172755
945,NVR,0.8046363415012837,6593.170833333334,5.1013377166666665,0.961996022127315,0.8061684809434286,0.6356496376316676,1.0,1.0
556,GIB,0.8045527173034605,71.95,4.8555068,1.4908886465794902,0.7745372411677566,0.8752203306599052,0.6957104074595817,0.879954856718625
874,MSM,0.804500966417702,125.61500000000001,4.560402525000001,1.946534773413808,0.6587462950021505,0.9276564363307082,0.7907458581158744,0.9111083882802655
633,HUT,0.8044809203354981,96.92764680851064,8.155600042553191,0.7990368176375093,0.8975207674850418,0.7223839401995764,0.8379122220430861,0.6993182823726452
1459,XNDU,0.8044258373205742,13.955,18.36302,1.2246321580224344,1.0,0.868421052631579,0.5717703349282297,0.361244019138756
209,BOX,0.8042483660130718,32.75,4.49904,1.3417888320380755,0.8888888888888888,0.7908496732026143,0.7156862745098039,0.7320261437908496
575,GPN,0.8035480153116293,81.50666666666667,5.605461633333333,0.6024778881164968,0.8714618666961617,0.7308731666965199,0.8387718697704201,0.7497637967010672
1044,POST,0.8034965034965035,85.35,4.73678,0.942149831458466,0.958041958041958,0.5874125874125874,0.8356643356643356,0.9545454545454546
1310,TPR,0.8034794722084232,134.01999999999998,3.875363525,0.6314320790458648,0.7919687367599559,0.8281523952021668,0.7792741526794807,0.8058224548578407
1172,SHAK,0.8033849593287464,63.97687333333333,6.649083813333333,1.210357131255854,0.8975289545449411,0.7387880132956905,0.7799704793765362,0.7467992470921813
365,DAC,0.8031934670308486,142.805,3.670251375,1.1490804698287946,0.7689464670637868,0.7900300056319586,0.7964885606286689,0.9825398946160394
358,CVS,0.8030309415976253,91.53833333333334,4.019930666666666,1.3163257614286172,0.824979218438595,0.8154895786474734,0.799609699711897,0.6894492267512197
934,NTNX,0.8029206306445879,60.04833333333334,5.743738333333333,1.155010547829721,0.8848182564845432,0.8121482498961413,0.7244166896093042,0.6409901548948733
776,LION,0.8029114718637044,15.125833333333333,9.269637699999999,1.2582384783685399,0.960726699546068,0.9428218815031432,0.46498502977502537,0.43672462541475393
596,HCI,0.8028483802910328,190.73125,6.459593675,0.6231603654258812,0.7778710936369617,0.7185008001298224,0.9018670822223724,0.9874480102818387
819,MCK,0.8027503895999479,848.8475,5.3263010500000005,0.7919760721934738,0.8897914001209464,0.5630344632275456,0.9879691675260335,0.9666750392276908
818,MCHP,0.8025671862632754,84.51413333333333,13.654864000000002,0.8638443601447056,0.947571533260272,0.6977998819235051,0.8888785822546618,0.4891147449802111
494,FFIV,0.8024539226277645,412.54571428571427,4.194055828571429,1.1810667127915735,0.8238887862963005,0.6307449986841546,0.9732901836602846,0.9867406115254828
832,MET-PE,0.8023469337774294,20.76,3.33499,3.297655162975297,0.7777772335423196,0.9812206112852664,0.45226782915360497,0.962441222570533
24,ADEA,0.8022835930791682,27.866666666666664,7.981021200000001,1.3728257178836245,0.8983904983904983,0.8076717061746844,0.6532978925836069,0.7450224296463293
96,ARE,0.8021414774424217,52.36327,7.4756969,1.2940239647101905,0.866895464037541,0.7754370993983486,0.754976777592932,0.76329724721274
466,ETOR,0.8020853171847587,30.175454545454546,4.917146172727272,1.4129865386196572,0.8226210664653557,0.8721003938546528,0.6332131697851918,0.8229017211571734
1063,PTC,0.8019868765255613,119.78,5.430858,1.3141827657674476,0.8037483832696366,0.7662669817467496,0.8368269296223901,0.8511611284534819
324,COKE,0.801923076923077,199.07,6.8660126,0.3884143126177024,0.903846153846154,0.6126373626373627,0.8928571428571429,0.925824175824176
816,MBX,0.8016572106996432,61.81928571428572,6.392308907142857,0.8495302914967736,0.9064935146401641,0.6942536131646186,0.7724755330484104,0.8690060935828718
330,CPA,0.8016470588235294,137.11,4.08412,1.7166494924317324,0.6635294117647059,0.8941176470588236,0.7964705882352942,0.971764705882353
1384,VLO,0.8014248996261649,322.6341428571428,4.868371085714286,0.7295870942790941,0.8439141954031805,0.6318287050706016,0.9625964910905259,0.9239558624223608
702,JKHY,0.8011306716408103,163.65833333333333,6.7970277,0.8293747342848157,0.8024129264517796,0.7278954174091888,0.8893420922172832,0.8765433284601474
932,NTCT,0.8011305548684969,40.18,3.025642,1.966454058557684,0.7371794871794872,0.8906752411575563,0.7019230769230769,0.909967845659164
1221,SPHR,0.8010696132569637,174.1815,7.274436199999999,0.7171728637189023,0.8719178937238048,0.6557399121413483,0.8687098555867923,0.9264741008680168
497,FIGR,0.8009624074543056,35.01121621621621,9.248125108108109,1.0854950429940087,0.9327165824683771,0.8104391700042439,0.682591124219723,0.543396692449437
30,ADPT,0.8009559647916208,23.964545454545455,7.529506654545455,1.6188225281571382,0.919814715240189,0.861968103363673,0.5857115267273025,0.601896729348086
1301,TNET,0.8009073475149552,66.36071428571428,6.6179979285714285,0.8132528919950242,0.878560717107827,0.7405352864423939,0.725070844854189,0.8920957730154008
714,KC,0.8007477882287194,11.492720833333335,10.7599747375,1.543109265942045,0.9576694985599961,0.9361703343632817,0.4326183585707764,0.5138017499141695
1361,UTI,0.8006854693623517,47.0368,9.9761505,1.1355162383144863,0.9779492565471501,0.6450511032665247,0.761851970709222,0.8026494928572123
379,DG,0.8006737740841358,127.07750000000001,4.11558807,0.9961963374186714,0.7914474540523171,0.8176363981670909,0.8114819130327995,0.7519804320078318
117,ATAI,0.8004102703032598,6.78125,28.610595749999998,13.884975228396112,0.9960276990842806,0.9786844323413084,0.4564806936808326,0.17964885568137157
22,ACN,0.8003898435969358,152.66864583333333,6.333371108333334,1.3027450770293776,0.8440762615616516,0.7727030365843613,0.8569991180901374,0.6311726562780379
931,NTAP,0.8001398567709858,193.48833333333334,6.15836192,0.8234168716166385,0.8698533326144987,0.6540952155334333,0.9254000976427482,0.8167784539065995
79,AMZN,0.8001353981439469,271.31071428571425,9.94594545857143,1.395377319534863,0.804730265278658,0.8444158414622013,0.8567365947709763,0.5158694183045066
643,ICHR,0.8001280006080579,91.51515,6.952063475,0.7730387137577482,0.8651738521677914,0.7156783989317992,0.8110452619221062,0.8462066033877997
1185,SITM,0.7997620085859164,652.6798,8.561602121875,0.7402770031886341,0.8595786524667649,0.5835302490389772,0.9812731623151771,0.9841926059587116
971,ONON,0.7997211139204722,30.728571428571428,5.079110342857143,3.2004370234341186,0.8670137985588143,0.9347487980888524,0.5954707552230705,0.5001005404917477
396,DNTH,0.7996883312827979,106.89142857142858,7.585980414285714,0.664750182942102,0.9474958769417101,0.5646505177880202,0.895997352850536,0.9123762255728505
1031,PLD,0.7996278968832256,149.69875000000002,4.377877925,1.1222796604101954,0.7827633395879365,0.846815590100812,0.8105428420415199,0.6716670308385964
907,NEU,0.7994216392661915,857.9639999999999,8.9312114,1.0331973478134466,0.6682532092037814,0.7786565847479288,0.9650160569154647,1.0
783,LNC,0.7993647984626238,46.2515,11.6388125,2.1581517397283743,0.7819577221532997,0.9538969568707583,0.6245043664404388,0.6691478751611569
444,ENS,0.7992823511101073,199.0659090909091,4.945160063636364,1.0993745661963499,0.7735686598854403,0.7203801618392677,0.8947307080313756,0.9745412190018434
558,GILD,0.7989931096119472,135.70666666666668,4.703853433333333,0.9738379672822918,0.8301620250245055,0.7662313325260911,0.850487228276538,0.701579888139307
1013,PEG,0.7989919700765244,71.50455,4.1126248499999996,2.234216853418934,0.74492982395937,0.9351086098623933,0.7034933598709722,0.7027984626471295
181,BIDU,0.7989850658722849,112.29759166666668,3.7074013833333335,1.0344344579419622,0.7680531428731063,0.7968813533395244,0.8437935276504919,0.8249928666776579
1401,VST,0.798971392562374,161.70463333333333,6.318390216666667,1.3784968899406274,0.8049781539818296,0.773675836555253,0.8667231936273526,0.7309785714892468
113,ASR,0.7989234449760766,300.185,4.561288,1.587834406820429,0.5574162679425837,0.9330143540669856,0.8875598086124402,0.9976076555023924
559,GIS,0.7988454149483595,37.241,6.6369086799999994,1.911322285088577,0.8887578786124308,0.9363236186629829,0.5876893017263741,0.4252903055668993
511,FND,0.7988351254480288,58.26,5.3526239,1.1478905376015953,0.8394066109119873,0.8856033452807647,0.645410195141378,0.6599960175228993
771,LIF,0.7988256693698127,47.62107142857143,6.531629957142857,0.9057731507111939,0.8937188943364259,0.725947993954412,0.7325898302871845,0.8542429241058256
918,NMM,0.79862000950204,86.32617647058824,4.088206782352941,1.2843075371100152,0.6704356984447903,0.896089194998219,0.7595180527393746,0.9843268624911194
837,MH,0.7984897418380268,13.187000000000001,9.428359607692308,1.3565273703133955,0.9103513469397567,0.8854024210489351,0.49023985655764524,0.7192795173045567
123,ATRC,0.7984891672357198,53.01500000000001,4.668057699999999,1.4629311584348093,0.763871987059718,0.882576801684236,0.6864052641930475,0.8495103833672629
657,INDV,0.7984698581560283,38.73,6.1095877,2.102603163153282,0.8242304964539007,0.8841595744680851,0.6484716312056737,0.7083900709219859
824,MDGL,0.7984254416123127,543.160625,4.1322549625,0.9322313441861966,0.7357970250447187,0.7042561840933546,0.9772772784633034,0.9895136272132632
451,EQH,0.7984042553191489,51.3,6.32124,2.039639143291708,0.8351063829787234,0.8617021276595744,0.6954787234042553,0.6542553191489362
1112,RL,0.7983936766955636,350.525,3.8684908,1.014512802887094,0.8283613802481727,0.6253187149413565,0.9556773754886962,0.9847016828148905
834,MFP,0.7983925632145238,46.81266666666667,5.659376893333333,0.8588140216807053,0.877289559282297,0.7396671969406312,0.7481540686224969,0.828268848119995
1131,RUM,0.7982392340988389,9.197007692307691,9.203456623076923,1.8812619172986977,0.9633025773019098,0.9422845700815295,0.4484011350576047,0.41603505503114213
318,COAG,0.7981389732364581,48.21153846153846,6.368553315384616,0.9025366799278552,0.832836144510288,0.7609404958859585,0.7375483785645524,0.9280747338486128
9,ABCL,0.7980972321856522,11.054523999999999,18.8341441,2.3597831981974067,0.9619307386605584,0.9204480800939063,0.5497430799014793,0.29316029641293795
642,IBRX,0.7977741005117194,9.786,9.5345405,2.24560578897225,0.9821221276479152,0.9459265756510128,0.49700361823988526,0.23556330709117534
904,NEOG,0.7976525821596243,11.5225,22.579793000000002,1.9882240338345087,0.9671361502347418,0.9131455399061033,0.4694835680751174,0.4565727699530516
1250,SUN,0.7975369458128079,75.464,3.2025712,0.7314987351891967,0.8522167487684729,0.7044334975369458,0.7783251231527094,0.9704433497536946
97,ARES,0.7974067439062279,140.375,6.3429656166666675,0.8717712562677636,0.7964428725850711,0.7628597393274562,0.8575984881420586,0.8013113210843176
1404,VVV,0.7972118763848552,29.1375,5.825556125,1.4822238837086896,0.9053846002575435,0.8115541420642822,0.644596649254744,0.6736398672126748
1019,PGR,0.7970959595959597,215.69,4.00714,1.1925251804696204,0.8207070707070707,0.702020202020202,0.8939393939393939,0.8535353535353535
395,DNLI,0.7970414201183433,23.49,7.113541,1.3804335468738356,0.940828402366864,0.7692307692307693,0.6390532544378699,0.7071005917159763
1446,WT,0.7969036697247706,21.22,9.550843,1.2179169831674654,0.93348623853211,0.8715596330275229,0.5573394495412844,0.536697247706422
335,CRC,0.7968926553672316,54.48,4.6078477,1.4296689128190292,0.7372881355932204,0.940677966101695,0.6242937853107344,0.847457627118644
1230,SRRK,0.7966489432408009,55.346500000000006,4.67317204,1.3167109778879738,0.8623659473346168,0.789233505504081,0.6902291707095707,0.8054330060534258
1174,SHEL,0.7965732548206138,88.926,3.34862392,1.295307827978374,0.7924848789337195,0.8342634555595072,0.77085128977276,0.7304107979343252
149,BABA,0.7965476788605644,118.23077142857143,4.745836745,1.2258537045773041,0.7510189639375372,0.886770046346986,0.8172911026940527,0.5986330472217082
151,BALL,0.7964646464646464,60.49,3.93471,1.5809783875214056,0.8080808080808081,0.8838383838383839,0.6590909090909091,0.7247474747474747
296,CIGI,0.7964476482580207,101.69749999999999,6.94804345,0.46303208804232143,0.9393013535403623,0.5733313241711068,0.8620517651796882,0.9461585802306894
640,IBM,0.796318932025575,228.07814,4.29455446,0.9853419620762771,0.7534790923529436,0.8312744539988624,0.8886990036150542,0.6391539007943214
172,BETA,0.7962589496717216,23.070159375,7.515628071875,1.179985348638448,0.915065214385081,0.8506667357658491,0.5719032441238022,0.6387211829413563
974,OPLN,0.7962180153427368,42.9,8.22402,2.370724437414706,0.9044444444444444,0.7706013363028953,0.6577777777777778,0.7839643652561247
983,OUST,0.7962077963132553,48.82194666666667,11.280203743333335,0.8437668657422777,0.945933274869751,0.749974015766984,0.742214215601924,0.5419740147001332
503,FIX,0.796179912391512,1802.1385416666665,6.423543120833333,0.739000448977419,0.7946570407343737,0.6263095762353955,0.9956397068403975,0.9971365508401332
283,CHDN,0.7961319431237256,88.59333333333332,4.605900666666667,1.1963295596129708,0.7800237980241893,0.8257985085416116,0.7401690626597689,0.8606032329374141
1300,TMUS,0.7960864903064149,175.80785714285713,4.183355657142857,0.7809352659875445,0.8474239223258834,0.7117988544302063,0.8710726458492525,0.7614398927193301
421,EC,0.7958855098389981,17.442500000000003,4.6340734999999995,0.8877002610953282,0.9371326348070534,0.815742397137746,0.5660937899309992,0.6916049067211858
1144,SAIA,0.7957109853439682,397.615,4.117665633333334,0.9409053177892913,0.7243995041074839,0.7258323061978222,0.9473062762426179,0.9866859648858753
650,IEX,0.7957070707070707,232.89,3.6679304,1.3175728092458927,0.6313131313131313,0.8787878787878788,0.8686868686868687,0.9343434343434344
258,CCI,0.7955545820018555,79.615,3.8275995,0.9599155054896616,0.7722399752602824,0.8159983506854964,0.8249836786585576,0.746744321891214
94,AR,0.795236756621689,35.769999999999996,3.92214335,1.0212322557873033,0.9337027914614121,0.7265652887841794,0.7009486328264439,0.7395320197044335
605,HL,0.7951584370034965,19.94175,12.6995858,1.4996026507720657,0.9695554959781264,0.9345338175892783,0.5760879978997031,0.13509577674964307
969,ONC,0.7950698527143338,349.17559523809524,3.780331238095238,1.1856453634570667,0.5801178472631209,0.887005248466543,0.9162104382029893,0.9833468156835359
1198,SLS,0.7950328624184978,14.405905,13.17872969,1.3926558420946968,0.9884788116485608,0.8595137092389248,0.5878156344538692,0.30672353217104054
61,ALM,0.7948460637982763,16.393166666666666,9.237023133333334,1.167190248444746,0.9632856682296501,0.8672350405111949,0.5674681340880116,0.40670188921378253
1010,PDD,0.7948209675331626,82.40666666666667,8.031814666666667,0.8161000012492449,0.9156407710758852,0.7410099511862679,0.8102917701631863,0.5293486070877175
1082,QTWO,0.7947224011545431,54.97,7.6779775,1.6093954188527022,0.8983433203326657,0.7230163158501807,0.7278638903078806,0.8167375042897075
1412,WBD,0.794531012767515,29.242625,6.2008264,6.027394701364888,0.91480469327874,0.9622286337567292,0.5438031244305188,0.28808723418997095
270,CEG,0.7944053303527912,288.7415,5.99942493,1.3955616752048725,0.8483188600795255,0.6405261094153858,0.9300348647771116,0.8730261807414988
1433,WLY,0.7943978768778324,50.75,5.0998185,3.661941060650296,0.7292535392535393,0.9350336655459149,0.6157271557271558,0.887519240525922
995,PATK,0.7943155124904007,88.25,4.3144226,1.5598206681902007,0.7385756877625694,0.8990468446492298,0.6811898631250847,0.8490965352125401
674,IOT,0.7942529003794491,40.67,6.018755871428572,2.911269071580615,0.7892132253996049,0.9589045530010167,0.647492504159754,0.5291317710728065
993,PARR,0.7941803909618051,70.16038461538461,9.057550884615384,0.5722074873920917,0.9683496904697437,0.5699305592530585,0.8464455779948925,0.8649318795984586
91,APP,0.7940561612886053,426.2559181818182,5.992520009090909,0.819357272967964,0.794814086056165,0.6808981090546392,0.9497759968038129,0.8760169363906131
1468,YOU,0.7938470701246197,55.2401,6.2880103625,1.237499804039656,0.8631396568163708,0.7689751819364155,0.7196533241256451,0.7867621173601553
92,APPF,0.793826008877094,183.535,6.63529032,0.7414752662761297,0.8269404376143592,0.6593042736940233,0.8839488220950671,0.9685059550014664
967,OMCL,0.793607174722458,45.61000000000001,5.995821333333333,0.9934499653214787,0.8589262068920194,0.7857938302938662,0.67021505161012,0.8391215138537401
539,GDS,0.7935926696887013,33.426909090909085,6.441253218181819,1.10178388593246,0.8894723247366824,0.8441004966575668,0.6149871333814049,0.6384475552443317
200,BMI,0.7934374999999999,132.76,4.02758,2.507609785675972,0.775,0.7375,0.83125,0.978125
375,DECK,0.7933187964373066,103.92,6.33377,1.320784480300968,0.8648068669527897,0.7483870967741936,0.7703862660944206,0.7462365591397849
110,ASML,0.7933060988381536,1855.67565,4.0876592,0.7894321115515915,0.6835288232180893,0.7335992173339577,0.9948449591791619,0.9834229280910483
129,AVAH,0.7932132612429627,12.233292857142857,9.631403782142856,1.6758230139033325,0.9336146885448254,0.9016372514723213,0.4812271992020531,0.5462964239655063
1181,SIND,0.7932051830619014,17.106007692307692,7.62880776923077,0.8939519669097175,0.912219908570255,0.8311367829909512,0.47976188732940955,0.8707796354959734
678,IQMX,0.7932046902853308,12.396673333333332,8.939674526666666,2.1485562285045843,0.9270641168266164,0.9019970430718903,0.42421149705299116,0.6819098491025526
1295,TLX,0.7929897574741055,12.167916666666665,5.323360375,2.6655868961225715,0.8352972169700951,0.9435079096062848,0.404788370842148,0.8945028900394295
549,GFI,0.7929757923679501,41.41676470588236,7.769105958823529,1.0427235584256358,0.8713337998405166,0.8364382415260807,0.6857200870685252,0.5811156047593607
175,BG,0.7929310517517877,121.424,3.5715758600000003,1.2261056571761972,0.7738542394002524,0.7494445790033912,0.8361990446788525,0.9253665637474198
1213,SOBO,0.7926861702127659,36.01,4.19559,1.534962940302978,0.8111702127659575,0.9042553191489362,0.5452127659574468,0.8324468085106383
236,BXP,0.7925471187062227,71.95722222222223,4.358137911111111,1.3000995178454215,0.8286217754451027,0.7830214550691247,0.7224876695342048,0.8397445411940214
526,FRVO,0.792312396190052,18.441842857142856,10.238376357142856,3.1478726320134838,0.8957773957874028,0.8898524819309123,0.5728785447303176,0.5276623004257821
1094,RCUS,0.792206018397305,28.692500000000003,4.83193,0.37446148048313704,0.8817920790351015,0.7591550156219999,0.6964466495610131,0.7858520535511686
779,LLY,0.7921426948850965,1217.7276363636365,4.374071781818182,1.0908137872029553,0.6594750747908911,0.7602323257282094,0.9925941324055896,0.9672627822229335
197,BLSH,0.7918363963750633,30.35950789473684,8.731525331578947,0.9253150830068876,0.917054770595995,0.7834194808370492,0.6469004495688347,0.6729031845973085
672,IONS,0.791804035967377,74.36699999999999,4.09200168,1.0290052999636035,0.7758684043331037,0.8525635582436994,0.7137967065606277,0.7909350775337047
190,BKR,0.791788209421268,58.666,5.232055300000001,1.0404401014556126,0.8310613321468242,0.8669829859533318,0.7233526665873872,0.5280216476873616
887,MUR,0.791756379585327,35.5775,4.376084349999999,1.3765583792404894,0.8181286549707603,0.9343301435406699,0.5425438596491228,0.6988702817650185
1340,UBER,0.7916123509937943,72.72666666666667,2.3166344333333333,1.3751183976748915,0.7930245584884762,0.8951642777121424,0.7257063015531351,0.5560499801295088
641,IBP,0.7914057032754421,211.0377,4.3562183999999995,1.0707047864863555,0.7419669859534017,0.7384684858274945,0.8887690682119672,0.95499474509735
1320,TS,0.7913333333333333,55.745,3.2888598,0.8073334991202639,0.7866666666666666,0.8,0.7333333333333333,0.8933333333333333
1133,RUSHA,0.7912465907815954,80.627,4.39031974,1.3573637169691497,0.77180652615721,0.8487554826627743,0.6784686642664154,0.8835615484131788
745,KTOS,0.7911372963740604,54.37158333333333,6.893231466666666,1.188800537760827,0.8418191528417781,0.8490113097270481,0.7049442090615142,0.5835779266266834
290,CHTR,0.7910712811882743,143.96865384615384,6.444692799999999,1.1537411184383637,0.896846742107807,0.6431191572052737,0.863175141819603,0.7944818806477543
131,AVGO,0.7910384296019766,381.1917777777778,4.1333946,0.8833755367467343,0.7923341067141664,0.7186075293296711,0.9499359958942001,0.7222165780779339
1151,SBET,0.7907017543859648,9.2868,12.430994,1.116648331219826,0.9859649122807016,0.8491228070175438,0.6,0.2842105263157894
698,JBS,0.7905255410576539,13.4925,9.8737755,1.1708683106539748,0.9755367158545651,0.9562261339193157,0.4267460733652286,0.29059328963749964
910,NG,0.7904094469373723,8.44755,8.078641964285714,2.2907304296904543,0.9693554472187371,0.9127591355800563,0.4450183344160363,0.4266567607458734
399,DOCU,0.7904031518529926,67.9725,5.4049508374999995,1.4955923612233424,0.803525444817462,0.8252657502273896,0.7455768234081757,0.7121086890565941
720,KFY,0.7903764211227066,77.0575,5.167786375,0.9752555272869629,0.8887615123733442,0.7097169010731132,0.7176594110056951,0.8737709421530742
408,DT,0.7903412652813534,50.39107777777778,5.583491416666667,2.2900349783436735,0.8019104692638748,0.9257870347490447,0.6318391454705415,0.5927930978272332
912,NHC,0.7902631578947368,227.39,5.19036,0.3943768881601919,0.9052631578947368,0.5473684210526316,0.9157894736842104,0.986842105263158
391,DKS,0.7899475136173243,152.7569,0.6340043999999997,3.3796504840651864,0.6916700805591456,0.8124289373435845,0.8954549859104953,0.8442186016926969
767,LGN,0.7899100098125742,65.64161764705882,7.995712952941176,0.9286627841705464,0.859307656582601,0.7492120749280164,0.748344119703466,0.7725927984316497
1060,PSNY,0.7898726972932777,15.886000000000001,5.84855354,1.2159038368603547,0.9154834462169849,0.8158103419859473,0.46204289574238233,0.9151129227377505
1196,SLDE,0.7897603245816199,21.73090909090909,6.294304345454545,1.9590353741678392,0.9063551899168684,0.910805091634749,0.4623006635708341,0.6129409332438694
1297,TMC,0.7897347574165945,4.730185714285715,19.156936714285713,2.310512662835125,1.0,0.9767896808416413,0.3923521773092298,0.19387933660174012
1240,STLD,0.7897309106565532,230.1885714285714,4.450350942857143,0.7623829589663238,0.7108644315131839,0.7358044261461368,0.9457025250960542,0.9425630545658024
879,MTDR,0.7895037213674192,52.355999999999995,5.4859448,1.327502793342631,0.8641146480628731,0.7870933340258871,0.6846222890812627,0.7465646982010069
1337,TYL,0.7894960543479127,329.92884615384617,5.612565353846154,0.8040090454883692,0.8124190637788915,0.6228816349021896,0.9543677084787751,0.962672681137794
722,KKR,0.789427063355001,107.09409090909092,5.563310109090909,0.7421474717891035,0.8407957892684741,0.7570100657255437,0.823765833449814,0.6544184741713193
1422,WFC,0.7893203883495146,89.2675,2.5591671,1.2196021043461747,0.7135922330097088,0.8656957928802589,0.8592233009708738,0.6472491909385113
1392,VRDN,0.7892523541305954,20.459975,7.74078445,0.9811331257491662,0.9739087479610131,0.825472372030839,0.5244870402074472,0.5457155409195771
889,MWH,0.7890874772741172,32.3125,7.360867327777778,0.9804085664156749,0.9292306541327231,0.7915646378966356,0.6133900738350556,0.6413111029683063
713,KBR,0.7888945347786811,36.480000000000004,6.1390782999999995,1.2772547910865786,0.9014980427582053,0.8087172538392051,0.6163053297199639,0.670581150255947
1285,TGT,0.7888592669247727,151.76461999999998,4.60163678,1.0069496984978688,0.7306899144565338,0.8116591706396121,0.859223222423412,0.7719244265643934
1141,S,0.788799048821239,20.601,8.766844129999999,1.3672566865266833,0.9293531770243094,0.9135650113087191,0.5364255630791169,0.36492570288855625
617,HPE,0.7887240980308428,60.61300000000001,6.0425977600000005,1.4073909018526767,0.8710692437657659,0.8324853769807135,0.7626970844207708,0.39940563885420904
268,CE,0.7886885946478411,48.06,6.490331425,1.000600701723357,0.9479641893262332,0.6758683675618467,0.741948426642807,0.7195751440845186
817,MCD,0.7886830857488726,280.45125,4.0905863875,1.5515643425796688,0.6130883088020457,0.8910984495050662,0.9041086919396893,0.813959819534456
538,GDDY,0.7885664373173814,92.83393571428572,6.26202745,1.4370837748012542,0.8698139173117296,0.7077561617890354,0.7993106887075564,0.7655477189060236
164,BCRX,0.7885638297872339,10.99,8.062927,2.027679268786023,0.9787234042553192,0.9627659574468084,0.3723404255319149,0.3457446808510638
796,LUNR,0.7884654704346807,19.82904,8.06254298,1.0493745839592694,0.9343200954176842,0.9055488779578276,0.5694325298003562,0.30624823793180317
958,OCUL,0.7884201606905964,10.63392,6.64047766,2.5033841243588033,0.9231427522618713,0.9770029832120423,0.38671464647923603,0.4602622397887945
940,NUVB,0.788364477540891,6.27302,8.155518599999999,1.4297312376523885,0.9610453407603818,0.9645819553241196,0.45737400405166995,0.2292012310098146
735,KNX,0.7879510138340889,77.32,5.0971888666666665,1.2150083667587976,0.8712400691011263,0.8166801688882149,0.6934032244936866,0.5849828563908227
1153,SBRA,0.7878130031479472,21.83156,9.1582372,1.4997696246021754,0.8846133753938477,0.9547793174135488,0.4805597559828335,0.4791360946879178
1363,V,0.7877502590772304,374.19000000000005,2.8815666666666666,1.093308004714685,0.6989173429957339,0.7618789562597952,0.9442033932729563,0.8763087568320387
893,NAMS,0.7873404386064327,27.273000000000003,5.993230840000001,1.3141154223439753,0.8420425361098317,0.8503814014229976,0.6010541402450087,0.7478123242094052
801,LXP-PC,0.7872417244894683,49.045,6.04324435,9.854870974194839,0.6251276500851237,0.9981119301500098,0.5955393570358578,1.0
269,CECO,0.7871972077847832,81.15333333333334,5.486772044444445,0.7890991851213432,0.8607039398762664,0.7117592488417042,0.7607440865630704,0.8468627442087939
187,BJ,0.787064152899985,96.72709166666668,4.505511791666667,0.9707836841033486,0.7426285981661002,0.7967223377203915,0.8265845144866882,0.8297442244237526
1029,PL,0.7870472945747555,17.576666666666668,7.835670333333333,1.2065611379891228,0.965217753623703,0.8275097770814384,0.6130585570591877,0.3698094741611848
883,MTSI,0.7870208200279868,298.80068181818183,6.877935772727272,0.9932255117628054,0.8866894069964711,0.5518128467214387,0.9484546609009851,0.9385409904652119
1032,PLGO,0.7870206699890376,23.73985,4.350989366666667,1.7949925371646136,0.7606341682754456,0.949431878501719,0.5220131034468348,0.840949329276631
389,DKL,0.7870060004138216,54.01,3.2696,4.739686916303477,0.5965756259052348,0.9915365515924176,0.6755817377325757,0.9605039074312816
1138,RYAAY,0.7867406968794916,66.861,3.9991746200000002,1.2272540504829963,0.7277198726015313,0.9118827119000159,0.6795456776001758,0.7697065678391495
1409,WAL,0.7867007750347459,83.23166666666667,3.3933772666666666,1.1879666846434798,0.705792120683633,0.8748187718154083,0.7335016768400663,0.8678662729206817
1296,TM,0.7864308886833086,193.96666666666667,4.115223333333334,0.8420471706785381,0.6853794835924396,0.8075142088544918,0.8482366479388074,0.9427076673912117
2,AADX,0.7864202187746234,12.242,5.481404,1.5963558257184587,0.9030188070649778,0.9161877922266413,0.4453011724316028,0.6063767453623612
456,EQT,0.7864128986662653,53.720625,5.9332472375,1.1541843200701143,0.8779363382358787,0.818708193781144,0.6941502756175161,0.5375725733680425
551,GFS,0.7862903815114218,46.18625,5.6522017,1.3618120828314493,0.8060374577873348,0.8679518513950388,0.6892766796246874,0.6253878737265358
623,HSAI,0.7862421787238554,18.398130769230768,10.036887576923077,1.4485881592046623,0.9125776685140637,0.866581732331474,0.5313334913756727,0.5726969015278269
289,CHRW,0.785972476757944,178.18800000000002,4.56231277,0.8604485573994649,0.7716650844793801,0.7322274761365621,0.874510465077368,0.8470798752689064
431,EGO,0.7859370450286653,40.88438571428571,8.396429633333334,0.9020859532397496,0.8941985557350562,0.7884161214504106,0.683513302916864,0.6031924743037924
183,BILI,0.7859085860377865,16.221666666666668,6.511276766666666,2.2103049045926837,0.8694330658668857,0.9596318298312028,0.46169262482821805,0.5339734757781196
1377,VGNT,0.7856972187507067,46.33833333333333,10.224383666666666,0.8356899461034887,0.8941740851036334,0.797978414561416,0.6221370997206206,0.6901642392381531
479,FA,0.7855477409141514,21.200000000000003,8.89135186153846,1.4080463635105505,0.9394839373580991,0.828410958155356,0.5300852940541982,0.6076746867360246
901,NE,0.785321634000332,46.55,6.08477,1.1294983622748496,0.9374993896424769,0.6281408998134748,0.7640748444809031,0.845325637945683
1243,STNG,0.785321100917431,79.32,4.02623,0.8787938702899114,0.8226299694189603,0.6758409785932722,0.8532110091743119,0.9021406727828746
173,BFAM,0.7852216748768472,67.57,4.017858,0.6174272711561726,0.9310344827586208,0.5960591133004927,0.7931034482758621,0.9211822660098522
332,CPRT,0.7848796774317089,31.008750000000003,6.821682683333333,1.0645871735097758,0.9025001393025652,0.8643248468267587,0.6449065650525867,0.3750961927592828
842,MIRM,0.784770029669397,115.026,4.6848292,1.5584028378897066,0.8264472059183173,0.669156377467614,0.8417306307758435,0.9296264932915242
40,AGI,0.7847267566390329,33.03313333333333,8.2734845,1.2251344467653953,0.8800610291644624,0.8493277432348937,0.6417354859093449,0.510935891173894
483,FBIN,0.7847170734886553,49.94672727272727,8.187832018181817,1.4737717493360465,0.8826333259722928,0.804411075923965,0.6669675781840505,0.608580171881549
1269,TCOM,0.7846577225372757,42.06966,3.7801913,1.6167957782183708,0.761792200740034,0.9107882282258858,0.6464160219270279,0.6997136801379826
390,DKNG,0.7846153846153846,25.26,4.293976,1.5881681431866146,0.9335664335664337,0.8706293706293706,0.5454545454545454,0.4405594405594406
1403,VSXY,0.784581891793101,88.86,6.244268075,0.8734020961731342,0.9300582210044209,0.5642296223251807,0.8727411650321499,0.8703291362131043
542,GEF-B,0.7844961240310077,88.6,3.4563277,1.0851456765621983,0.627906976744186,0.9844961240310076,0.6046511627906976,0.992248062015504
568,GMED,0.7844660194174757,86.15,4.61445,1.4559592712627318,0.729368932038835,0.8604368932038835,0.7366504854368932,0.8070388349514563
1325,TT,0.7843226452173682,455.026,3.5127177000000005,1.0074166977729426,0.6890826998906008,0.7411018378028744,0.9420791570314669,0.9534222561835852
27,ADM,0.7842956032953774,83.51333333333334,3.6607874000000002,0.9770161836138999,0.8818225626760285,0.6595924458873205,0.7871874744758015,0.8736285540304506
275,CEPU,0.7838785046728971,14.48,6.08059,2.2424141248621647,0.8014018691588785,0.9462616822429908,0.4287383177570093,0.8644859813084113
1387,VNET,0.7838571428571428,7.26,11.349697,1.6737275173626267,0.9685714285714284,0.9657142857142856,0.3914285714285714,0.2857142857142857
1272,TDY,0.7836854360055169,657.6275,4.953389700000001,1.1968009844953866,0.4608548094655116,0.944184010289947,0.961002030094996,0.9972144307210711
1252,SUNC,0.7836766759631669,77.86333333333334,3.1849139666666666,1.1471534459086328,0.7232962773338821,0.8477132794462704,0.6977728395594438,0.9426876317822478
382,DHR,0.7835813074010258,207.66732000000002,4.7151836099999995,0.8784054654111628,0.7750102807162891,0.7123455336184541,0.9065164897938954,0.8170347442508659
902,NEM,0.783517552157239,125.45291999999999,8.165863,0.4144362216957306,0.8518755058241136,0.7412609393564678,0.8670447715110642,0.5251084204182261
156,BB,0.783322752658926,9.60125,13.932925,1.9647449590409187,0.9839946393179086,0.9311199658759357,0.5057253935234921,0.11887562136382107
855,MOD,0.7832350454774174,213.8425,5.828150278571428,1.112312957231936,0.7865030516313954,0.6895747584009239,0.8901010988826136,0.8858759218958294
127,AUPH,0.7832009336137389,17.19090909090909,6.3148109,1.0750349916440363,0.9155963249478295,0.8234596055054267,0.530300160031273,0.6847132594884469
552,GGAL,0.783087521585415,48.44642105263158,5.170136452631579,0.8252430208625523,0.8863511193522192,0.6935434442719384,0.7288785124953798,0.8434872181788383
989,PACS,0.7830551524899958,43.11166666666667,5.5720718,1.0350326050680314,0.9054299491614671,0.6980022812052752,0.6855276599339962,0.8474833987483668
1167,SFM,0.7829811307097496,86.1265,10.24501682,1.255873038381623,0.7879336626813486,0.822523773787544,0.7381025469663101,0.7170051855237516
353,CTVA,0.7828724744048764,72.79418181818181,4.066510615454546,1.8026065085013905,0.7684783397516989,0.877275450574388,0.6717798052352083,0.7250268674370437
1359,USAR,0.7827456136729815,19.374510526315788,9.845093452631579,0.8971891766789817,0.9554861523951059,0.8616550702440195,0.5964984378793158,0.2744649817342451
53,ALB,0.7825408141240449,140.40026315789473,5.692081057894737,0.6343943616103898,0.8302046265584244,0.6512200344639069,0.9014315602347549,0.8375587071927794
305,CLSK,0.7823994742572902,13.847041666666668,10.007809691666667,1.7991448895424067,0.9514861295370983,0.9267474357233159,0.5492183733930874,0.1517405173752784
1458,XNCR,0.7823216546694051,28.0054,6.334515785714286,1.5946586767424766,0.8434817358195447,0.8717372407184042,0.5457031499165721,0.7285438289780851
327,COP,0.7822847682119205,134.89,3.30066,1.2110320438977866,0.7483443708609272,0.7450331125827815,0.8874172185430463,0.8211920529801324
573,GPCR,0.782118561682331,47.54916666666667,5.434052266666666,0.720242705550994,0.891867504547359,0.6814761680062419,0.7197964771033893,0.874889808678928
1410,WAT,0.7820062316081011,396.7175,5.864735,0.9399099511660554,0.5412473107643612,0.8956329286085215,0.9192693521930149,0.9524427738898917
1129,RSI,0.7819664838064382,34.370000000000005,5.753849333333334,0.7989788482878125,0.9250948050513604,0.6634758170415914,0.7710749481486937,0.7175177644416627
953,NXT,0.7819148707248907,106.65727272727273,6.050247054545454,0.8075987007936998,0.8428001450682522,0.7127213323680279,0.8206359333772462,0.733551669467435
1236,SSRM,0.7818241535415285,32.347500000000004,9.237570292857143,0.8105983074937281,0.9360420445184646,0.765865102940076,0.6500608769513218,0.5614447654077496
1430,WK,0.7818117436795698,65.09375,6.552622825,0.7884801073825055,0.9110248689038583,0.654760272890872,0.7496650903723272,0.838539259769488
1284,TGS,0.781737611639297,30.7825,4.158592,0.9223514352946298,0.868921060213195,0.728320368769807,0.6559024776721406,0.9152261596081821
15,ACAD,0.7817197504762103,28.675,5.488849616666666,2.261732829840429,0.8218118658526405,0.904052668714494,0.5426026079573936,0.691466417862347
1305,TOL,0.7816385531692897,152.31,6.6148707,0.5353291358248294,0.7278454047474132,0.7523910964263978,0.8675680375619511,0.9004217024606556
825,MDLN,0.7816343042071198,36.385,3.63116715,1.0595974130529124,0.8300970873786409,0.8155339805825244,0.7386731391585761,0.5792880258899676
1441,WPP,0.7816255781900631,22.182769230769228,9.09138616923077,1.476795006666845,0.9134192054644873,0.7887629326034608,0.5363221923190615,0.7859739140246896
1398,VSEC,0.7815046852654944,216.53784666666667,5.052861766666666,0.8918488278830902,0.8251337641534263,0.6108106976304091,0.9150804148948447,0.9590804066218316
507,FLUT,0.7812410296923571,106.03000000000002,6.0785765,0.5712730592130835,0.9213430275377178,0.5964333973183531,0.8544477394034916,0.7912973311203401
357,CVNA,0.7812242002063984,63.439949999999996,4.911439700000001,0.9487581402324642,0.9152476780185759,0.6656346749226006,0.8004815961472308,0.6781905744754042
1040,PM,0.7812118354023941,193.19642857142858,2.947844,1.0656018827924683,0.7017470857188367,0.8364057343947692,0.8199497478038777,0.7886839880185649
334,CR,0.7811924786234948,225.715,3.491515666666667,1.0983870269782108,0.6221385117306378,0.8365195843144632,0.8700225660015803,0.9665763180739338
295,CIFR,0.7811778849428966,19.78620357142857,11.382937271428572,1.0636105625818653,0.9529429359985533,0.8857018370146995,0.5954433119328024,0.18563552001697686
1229,SRPT,0.7810932500692005,22.225,7.299016900000001,1.17936035286109,0.9450349219071645,0.7528352372009643,0.6290798328933549,0.6102272780268448
570,GOOG,0.7808083308470796,351.4202833333334,4.30822415,0.8392742333075432,0.7904955000701573,0.7359531886767706,0.8911104338839938,0.6832920300885604
599,HDB,0.7807977621382446,25.005,5.8751534,1.6699746991174689,0.8982747544944821,0.9292892288493201,0.5253682857048793,0.36076710826937947
484,FBP,0.780552622731907,28.709999999999997,3.8712055666666667,1.3910483955262885,0.8064667511621207,0.8858905603757959,0.5740272082484218,0.7342212204395174
756,LCID,0.7805365530040547,6.3548,17.500475625,1.7789943493933558,0.9899498614809045,0.9661050205180169,0.42869358839517796,0.10178626625396646
1481,ZWS,0.7804749832147505,51.892999999999994,5.23828452,1.175692270385719,0.8387731699026473,0.8095786694699522,0.6198353977702812,0.795847598802845
467,ETSY,0.780259422550121,84.0281818181818,5.470875172727273,0.7114365472636256,0.9290261473789555,0.5673388230038903,0.8653626025175122,0.8345916241262269
1028,PKX,0.78024958264245,53.55625,5.22064025,0.9409980574074668,0.8216075566421002,0.7602732059107363,0.681726679027098,0.9024597994353768
1208,SNDX,0.7801679229316786,24.503999999999998,5.43889814,1.2270396026578618,0.8717131235441442,0.8402818008776729,0.5663357336208209,0.6770255265987828
857,MOH,0.7799828363314739,216.88750000000002,6.55777835,1.1033388047988255,0.8508492461946927,0.6065855263097648,0.9084107780461226,0.8819851034568923
890,MXL,0.7798654449778645,90.4650294117647,8.959017220588235,0.6769667814276212,0.9305138508822468,0.6156042806845593,0.8453241052549899,0.6965927787848438
624,HSY,0.7797979797979799,179.27,4.90374,1.057357882504438,0.9090909090909092,0.5555555555555556,0.898989898989899,0.8737373737373737
764,LFST,0.77977370413142,12.369491666666667,8.7414965,1.6917649077424783,0.9443907164550969,0.9138333569011202,0.4398557451234706,0.4142412943204988
424,ECO,0.7797655290950437,67.58652222222223,4.507615681481481,1.0242427986679554,0.750926494457901,0.8304139748560033,0.6863352196511271,0.8902932090495177
473,EXEL,0.7796925566343043,58.55,2.91791155,0.9650964307688215,0.7588996763754046,0.7540453074433657,0.8106796116504855,0.8802588996763754
516,FOUR,0.7795056407693469,46.99578918918919,6.538182243243243,0.8059218782108126,0.8809769853433128,0.7505148537325006,0.6782462593028266,0.7283424523224694
1438,WOLF,0.7794438250926606,49.512,11.743907799999999,0.9134503969791623,0.9773117820759737,0.6562961496296389,0.7781621538275896,0.5204861823017833
1447,WTM,0.7794394157826979,2173.81,5.31821,1.0406851936641313,0.8294261828511847,0.5416345263807466,0.99784083775761,1.0
513,FNV,0.7793555630346424,242.99708333333334,6.547513516666666,0.7446715534268405,0.7808931202843551,0.6466128347822867,0.9304192179682116,0.936446351676755
1435,WMB,0.7792782977091172,74.57357142857143,4.372849242857143,1.0214453884814672,0.8537017092116329,0.7750346576321168,0.7348029630007403,0.6225997671365674
736,KO,0.7791351739375082,88.63499999999999,5.429997,1.1325617566373614,0.7834821428571428,0.9436118098768701,0.6905906593406594,0.3653415861247187
830,MEOH,0.7790201579139285,52.96608695652174,4.6839145130434785,0.9964800017843476,0.8166241655267493,0.7809124720482564,0.6764027862236793,0.8460177751794068
1342,UEC,0.7789762811731811,11.3291,10.427531,1.224843359982013,0.9799825486479893,0.8868242292319528,0.49928693400386553,0.2573652211442833
523,FROG,0.7789744649783358,94.355,8.382916714285715,1.7097160136974732,0.9088678408234117,0.6291199836417263,0.8357212829170168,0.7353446983213423
793,LSTR,0.7788943223590652,175.115,3.4103043,1.365360014619883,0.6346091926265798,0.8738361641042152,0.7854517159032977,0.9384810432262739
366,DAO,0.7788383114202109,17.84733125,7.64645784375,0.7586770676249189,0.9525943139940456,0.7171828152158667,0.5039451868062467,0.9362727883549231
1461,XP,0.7787415858822286,21.340625,4.8566625125,1.4033544777464495,0.895339312551728,0.8470554928025329,0.5899667547077632,0.509100530666847
924,NOW,0.7787131501287843,112.45951538461539,5.9602613,0.7541099503174153,0.8559761088313086,0.7701125633031048,0.824691859510722,0.44643742979595225
873,MSI,0.7785523459968392,473.0875,5.743871400000001,0.9303437934057623,0.7779876520569717,0.6283273598163871,0.9474341341157773,0.9685526501800809
675,IOVA,0.7779976952301709,7.92448,16.486853715000002,2.237797612892197,0.969725153177958,0.9305334801532101,0.48169758761656717,0.1656765604094872
274,CENX,0.7779417309002509,48.975721428571426,9.198611821428571,0.867734104003019,0.8909075882105385,0.7179969704710633,0.7299374041355399,0.6883765453458233
1375,VERX,0.7771769088122328,12.710833333333333,8.8729255,1.1123118333543929,0.957033976027201,0.8934869104761131,0.39100531234656505,0.512935360667598
457,ERAS,0.7771009301563122,19.591333333333335,7.90844242,1.0971553327630335,0.9364001007639762,0.857773767197127,0.539176916173546,0.4130469313521685
840,MIAX,0.7769626369333104,40.626666666666665,5.259674666666666,1.9375163157425057,0.8540311974716527,0.8266535898052366,0.6013567853781631,0.6845160431076645
785,LOGI,0.7769355347220316,103.88166666666666,3.580899666666666,0.6807065394317995,0.7356642816885292,0.761561110000164,0.8089194377533485,0.9112276008031929
69,AMC,0.7768597800881084,2.6490714285714287,20.08803557142857,3.33258109086919,0.9981233822260569,0.979928231162163,0.4182380201386374,0.008941113745039557
1152,SBLK,0.7768315130681878,28.15,4.91955916,0.822889894212026,0.8190753007115136,0.8454758204218669,0.6038460626849053,0.7346940813452354
1336,TXN,0.77671875,266.64,3.2927866,2.5651659482098688,0.71875,0.753125,0.9,0.815625
1209,SNN,0.7766529682404967,30.12,4.8381498,0.7812242943175796,0.8439317461026489,0.9099700719167374,0.4895162371018895,0.6488408451333363
1042,PODD,0.776567346256443,146.9531785714286,4.871378185714286,0.7859231498836674,0.8729911794626577,0.6204060652883594,0.8368489560358768,0.8650851938641163
1045,POWI,0.7764537395059532,53.083625,5.853878075,0.8180135761712076,0.8923275249016314,0.7352753482367207,0.6581365156588237,0.7516543077576525
1168,SGHC,0.776267094934227,14.390416666666667,5.286895933333333,1.0544442115482495,0.9192206170076656,0.8281196604099897,0.5294024200401007,0.5881751383002746
566,GMAB,0.7762522198717151,32.49,4.886978425,1.089828361330382,0.8588323407975091,0.8336215515878382,0.578614605716361,0.6817043639357137
754,LBRDK,0.7761772977125607,34.635,8.379301825,1.116904456224121,0.8671949289960309,0.8325744027909329,0.58722867706633,0.6381229617385746
1090,RBC,0.7760176355572991,507.0541666666666,3.4749566,0.8534903178917772,0.70488091317092,0.6790047216251018,0.9634594863122298,0.989657661162454
338,CRK,0.7759497724459735,15.391666666666666,7.603748833333333,2.086895349798686,0.9227327380602944,0.8292673518897941,0.5217665250364428,0.5839643595615395
521,FRMI,0.775846276485017,7.362857142857143,16.86534862142857,1.73943701116675,0.9840882886116573,0.9426980989518741,0.4484705014628262,0.11776940545215953
282,CHD,0.7757861635220126,102.53,3.7753,0.9589265743819414,0.8805031446540881,0.5974842767295597,0.8364779874213837,0.9119496855345912
567,GME,0.7757403472148261,22.339,3.98253307,1.6516095239976838,0.8491220190634049,0.9052371995800023,0.5485470623081856,0.5200520822799648
593,HBM,0.7756016815776402,22.885,9.786983333333334,0.9282361316993106,0.9224036552935683,0.8845635349039466,0.5144792230331342,0.40267320401883344
968,ON,0.7755250360318381,84.36591250000001,6.8579417875,0.945397107896254,0.8993585545578624,0.735955344453243,0.7753795700122268,0.480892573755059
791,LRN,0.7755131078729018,92.986,6.39344714,0.8661140796778035,0.9030420979258666,0.6420497743177771,0.7616761334678888,0.8239572589404881
446,ENTG,0.7754174666950243,149.9756375,7.5023180625,0.8014936954201307,0.849043781615955,0.6576077677995383,0.8639429880518241,0.7530082678923684
309,CMG,0.7752559726962457,36.57,3.74468,0.7586318369324,0.9453924914675768,0.7713310580204779,0.6757679180887372,0.3924914675767918
313,CNK,0.7751085388103984,35.1875,4.9813220000000005,0.7441495519917227,0.9199390195551395,0.6639319742199821,0.7249749044577497,0.7575871009755593
984,OVV,0.7750780936416253,63.5416,5.6215822200000005,0.5577881911208856,0.8438326728704482,0.7669822822738479,0.7346251997058324,0.6436781939995522
89,APLD,0.7749026715442671,30.565,7.457720871428571,0.7037452390313838,0.9242677548568287,0.7999453978677759,0.7163337064148639,0.2816132680768265
1157,SCHW,0.7748251748251748,110.16,1.9528,1.333415165939882,0.7587412587412588,0.8146853146853147,0.7342657342657343,0.7727272727272727
638,IAG,0.7747393015865359,19.52285714285714,10.280685885714286,1.4659738159993039,0.9085586861863874,0.8817525620370406,0.5329427209869158,0.4154182051095315
287,CHRD,0.7747043997339881,127.34038461538461,4.411637692307692,0.87700676474491,0.7575014698267126,0.7063635512152495,0.8434429506116916,0.9366305224696304
37,AFRM,0.774632702723147,73.34333333333333,5.1858673,0.8183038554350568,0.816147716115336,0.7664288660435906,0.7596776862568312,0.6879536171615646
235,BX,0.7746230191440411,147.38833333333332,4.0431429,0.8777312678889704,0.7050334266201652,0.837884346219271,0.8288931140209131,0.688231758460558
648,IDYA,0.7745605047454702,38.22,4.170080349999999,1.2089494653260382,0.8784889991371871,0.6880554357204487,0.6896462467644522,0.8834070319240725
518,FOXA,0.7743985043276932,68.78333333333335,5.092951844444444,0.7078178572991795,0.8360042875804088,0.7526153389584156,0.7834801521910452,0.6168560460089558
950,NWL,0.7743278255543595,5.726666666666667,11.413753,3.012486159983036,0.9659238623981872,0.9767577116134554,0.3842144071037928,0.17546393229526056
938,NU,0.7741850536708241,15.07306153846154,7.9706658230769225,1.5969837614566986,0.9479391695108957,0.9275732246335048,0.5579213039615023,0.06171454927983592
827,MDT,0.7738499428603544,89.91168333333333,1.885559083333333,1.828940753235263,0.7317540950133798,0.9161102634916262,0.6485964172071832,0.6737813394216555
218,BSBR,0.7738487073950255,5.550714285714286,9.1139337,4.00445101304107,0.9297728666235489,0.9657906863180455,0.3275178063161656,0.4489790260223442
384,DINO,0.7736674174865612,87.58099999999999,5.190037139999999,0.8242075873319841,0.8864245604443001,0.6252495940841802,0.8179508434560162,0.8099129471038984
561,GLBE,0.7735785953177258,42.0,5.8201094,0.684809285340279,0.8929765886287625,0.745819397993311,0.6521739130434783,0.6956521739130435
1470,YSS,0.7734501347708894,15.83,10.854343,1.5826778567707618,0.9002695417789758,0.9514824797843666,0.3935309973045822,0.4663072776280323
340,CRM,0.7734183660217928,200.81000000000003,4.137663116666666,0.8213351973409995,0.8241037190197722,0.6844056362990757,0.8859377995219665,0.6825253175580279
588,GXO,0.7733449272492093,52.29,5.27482,1.057324536137814,0.8843259334443214,0.6927849534902432,0.7200595374398902,0.7734420933413377
36,AERO,0.7732197344323178,14.869545454545454,4.832639518181818,1.2533493434606844,0.8900265322311697,0.763718679134188,0.5161014980219758,0.9118861085004752
1304,TNL,0.7731636268597292,75.73166666666667,3.2469897000000003,1.4334035347410543,0.6467151765628321,0.9142991834411739,0.6977789990742572,0.8725280104347571
230,BVN,0.7726643598615918,35.39,3.6007,1.3056859081804788,0.8650519031141869,0.726643598615917,0.6366782006920415,0.8823529411764706
1139,RYAN,0.7723864485233558,45.9825,6.46562115,1.1224803893501287,0.889046508748762,0.8051561083041845,0.6009512215252559,0.5922528824977329
856,MOG-A,0.7721878251275195,404.58500000000004,5.082401666666667,0.9723826685276152,0.6874283037517178,0.700216633848885,0.9372314882852605,0.9906579931025643
329,CORZ,0.7721564409660246,22.2543875,12.651909762499999,0.9407849005986187,0.9507799333755,0.8261268651035149,0.6128659528150299,0.2766587093536351
453,EQNR,0.7720943001025349,39.73147894736842,4.807205626315789,0.8340891282070476,0.8657537206346826,0.79199003188722,0.6413910265304275,0.6360578141378346
157,BBAR,0.7718209558036528,16.977921428571427,5.50586105,1.0016466066094194,0.9346425550364346,0.7212215767421285,0.5590735165611138,0.8045380636893297
17,ACHR,0.7714292970298181,6.134115384615384,13.980650884615384,1.5633194923395268,0.980385285648219,0.9563648670514296,0.4458023294102803,0.044062777028849386
899,NDAQ,0.771427103769673,92.50666666666666,3.7926981000000004,1.284924550294246,0.7086231405136351,0.8819653098918643,0.7413782492796148,0.6644549627182532
1455,XE,0.7713623126273204,20.1719,8.961185633333333,0.9725764093151796,0.9500060202530514,0.7935713840069163,0.5884426427099182,0.43421692594348144
1367,VC,0.7712924439291113,104.25999999999999,4.1454379,1.0388325184624512,0.7592248405688367,0.7495964487489911,0.7583381645807046,0.9153735975173072
774,LIME,0.7710349161508102,39.165,9.41065048,0.8419097497048813,0.9528044723603741,0.5570082150604161,0.7570252581754334,0.911954239184469
851,MNDY,0.7709037913879868,85.14978260869565,6.230678230434783,0.7325224310243535,0.8839573700303617,0.6364794195133877,0.7877905118219486,0.8119281268328481
977,ORCL,0.7702612010451856,141.08401538461538,5.260156284615385,0.9499691370450658,0.7729186361718621,0.8192831750849366,0.8325145402768779,0.4648765904993057
773,LII,0.7702588081774685,386.495,3.3409063000000003,1.3239254470956658,0.5430622009569378,0.8342032767870089,0.9449398289111208,0.9922792518486299
415,DY,0.7701897319739501,303.39750000000004,4.457406975,0.7810135427607123,0.7232345858084204,0.6862942372961617,0.9124917834182094,0.9435628720370453
154,BAP,0.7701022505013494,387.4216666666666,5.325410366666667,0.9007916886099872,0.8169394171969002,0.5503288686423543,0.964117418896949,0.987348666782204
571,GOOGL,0.7700832166067534,353.23071428571427,4.211715451428572,0.6967454640505581,0.8038051789942939,0.6900927909921876,0.9173311498231963,0.6375269714684554
822,MDA,0.7700599889376932,35.13977777777777,5.855200366666667,1.477554493421532,0.8043284498879297,0.8578672055211387,0.5823308737783746,0.7182533478884441
107,AS,0.7700123892417471,33.70166666666666,3.4747925,1.809096788299642,0.7857625656708226,0.9564000627303381,0.5043872030110562,0.5937802869912961
1338,U,0.7699404001517746,44.48833333333334,7.183253433333333,2.1136073339072143,0.8403885291525262,0.8331744431939443,0.6683835255756819,0.505166547153735
449,EPAM,0.7697179570646268,102.7390625,7.0573604125,0.6878283005772692,0.8706678917911066,0.6569203592610533,0.7969539974875893,0.7567126969885298
1203,SMR,0.7696060241117224,10.531683333333334,12.217670633333332,1.3228720794772364,0.9783413908244318,0.9033547467539784,0.5049493474698159,0.10022506465315623
474,EXK,0.7695714707939783,10.827020000000001,8.44873894,0.9237625739089458,0.9612771784284891,0.8977273838176018,0.4623337128922794,0.264531314293905
272,CELH,0.7695610397430809,31.902241176470586,7.9892078117647065,1.4604857547440875,0.899349547089711,0.8017243686134533,0.6422979923556318,0.45725570775847
612,HOMB,0.7694734261485964,30.69375,4.79258925,1.1910368071290123,0.8557239444532613,0.9517563707481671,0.41777704736684484,0.5329990635472752
364,CYTK,0.7693511473016315,75.586,3.6633911599999998,0.9049974163920866,0.732296184032181,0.8424741471961406,0.695798357873492,0.7902185979702046
1451,WULF,0.769348351312275,20.915010000000002,8.17249358,0.9168738208465752,0.9469003741744946,0.8605617252472616,0.5952315866838149,0.17690299177897467
476,EXPE,0.769241765242517,315.1419230769231,5.076049761538462,0.7644601096138212,0.9082931180013565,0.46166541332853195,0.9731886206632537,0.9511855514440543
1219,SPCX,0.7692411338146586,142.70915172413794,7.5724246,0.9379792787910762,0.8231268006972976,0.8076832366664578,0.8635924800325104,0.2573912473084211
653,IMAX,0.7691765049133774,50.10444444444445,5.616970366666667,1.5484057925084764,0.8766605564762797,0.6752124651926024,0.7092306586201086,0.8417481560524702
267,CDW,0.7690291545913026,142.58875,6.7558104624999995,0.6929844962234712,0.8706498895405224,0.5766988172945763,0.8910992789846346,0.8423725140209114
717,KEN,0.7686285406705253,70.57,4.5916333,0.8270776358785911,0.6443356262058553,0.8915184688085451,0.6560341693929481,0.9987277353689568
721,KGC,0.7686003481560932,30.160838888888886,8.276358211111111,0.9591555708586248,0.9006857278877772,0.8322873416234402,0.614361425101036,0.3918748880696005
193,BLDR,0.7683612278086461,82.19125,9.31401365,1.0352076417690956,0.9159777747662284,0.5961173600758911,0.8448638026832904,0.7015517007724623
1075,QBTS,0.7683188122332859,22.1075,10.307797,1.1383191740220608,0.9448225139014612,0.8878992628992629,0.5375662744083797,0.19352935471356525
201,BMNR,0.7679525310611836,22.013557777777777,8.279073337777778,1.0832572960540348,0.9269340935212466,0.8817495073264038,0.583627272043792,0.18187816355747455
458,ERIC,0.7677474402730375,11.715,3.2158568,2.1986407092443376,0.924914675767918,0.9897610921501706,0.3412969283276451,0.2935153583617747
1218,SPB,0.7674911660777386,93.23,5.631091,0.4019640840788673,0.696113074204947,0.8021201413427562,0.7420494699646644,0.9469964664310954
1003,PBR,0.7674851189114712,20.2468875,3.5282107125,1.4764304314161005,0.899676958313924,0.9054509723641818,0.5133155975713493,0.33027223659864297
1314,TRMB,0.7673708920187793,52.91,5.084412,1.063749112534132,0.8849765258215962,0.7488262910798122,0.647887323943662,0.6596244131455399
0,A,0.7670382533838342,160.83166666666668,3.967200066666667,0.8557707956298776,0.8223418868900497,0.6282061604802419,0.8658119616411573,0.8618404447600079
1002,PBLS,0.7668910597868045,38.1496875,5.58162935625,1.1273338642796398,0.8844585843467351,0.6971556425539226,0.6351867812703834,0.8628872411749766
207,BOBS,0.7668537490720119,16.18,7.43692,4.43296116386448,0.8622222222222222,0.930957683741648,0.4044444444444444,0.5835189309576837
1200,SMCI,0.7667661448734882,36.99650357142857,11.840674260714286,1.3680814436263584,0.8880683828831678,0.8552467631121891,0.6937940215480664,0.1784703946550005
861,MPC,0.7665633879546693,341.5646636363636,4.225241309090909,0.7235635477040439,0.7774124848102015,0.599055496064985,0.9612798083526971,0.9254363297781455
277,CFG,0.7661049946357325,74.09100000000001,4.1774425,1.5256611872798218,0.7321436768781243,0.9499779222891078,0.6205095453064221,0.5326052586591681
746,KVYO,0.7660261103214626,17.64,6.707795,1.1677642611455192,0.9610879625122504,0.7461895675538854,0.5989249963762707,0.4869397552306098
660,INGM,0.7659793814432989,26.96,2.446835,3.1586304386862336,0.7894926217909845,0.9856195674145947,0.3540529613907418,0.7387952294319791
23,ADBE,0.765904984280449,248.17750416666664,4.928492370833333,0.5913661069525028,0.8307006055330223,0.6257052091567343,0.9078005951196481,0.746028301151045
682,IREN,0.7658672187668312,42.199495999999996,12.445617913200001,0.8504549948144314,0.8920924233456357,0.8169243785645621,0.7317901275003865,0.21353312598184665
137,AWK,0.7658333333333334,138.23000000000002,3.47598465,0.761309764577111,0.7135220125786164,0.7382513661202186,0.8598566862563151,0.8574131353747809
628,HUBB,0.7656589578069705,511.6283333333334,4.4715119,0.3259042824891952,0.8228111024236563,0.529622425982526,0.9685564393784377,0.9859593498911914
496,FIG,0.7656296332828483,24.36814,9.286075460000001,0.7622794116159353,0.9649937586302823,0.7930702671993521,0.6114729713795504,0.2801262996656611
1187,SKE,0.7656186185514764,29.0825,5.6808838,1.1975424300665196,0.8478960783436926,0.7862950707269447,0.5743229143376709,0.787871335092191
866,MRVL,0.7648693880106537,251.552988,6.380487648,0.7061204660183078,0.8136419625667761,0.7008901954870416,0.9298106980541705,0.4882099308098355
1464,XXI,0.764363064481998,6.137333333333333,9.827116833333333,1.2157856278394523,0.9694328329139928,0.8683460345752287,0.35292403226719815,0.5055565440733083
412,DVN,0.7638523736413579,48.87166666666667,2.6503846,1.097934857871916,0.8965895059343181,0.7252233603375043,0.689850122803105,0.5824784588559918
28,ADMA,0.7637915228645384,10.12,7.8891217000000005,1.3090858344633602,0.980295513373598,0.7454810181190682,0.5369391716997411,0.5238190250215703
630,HUBS,0.7636475276617976,224.89233333333334,6.395423406666667,0.6486596516771163,0.8930282552483402,0.4988452997893568,0.9280124852816161,0.908892863422805
70,AMD,0.7634771669264485,518.3052928571428,5.310826857142857,0.5872757043648109,0.7748203767492247,0.6654512312691206,0.9704090292923028,0.6530029826156715
371,DCO,0.7633643178410794,172.25333333333333,3.3705766666666666,1.2287757360130451,0.7508162139963886,0.6544431171223657,0.8671586042985636,0.980918310898027
1239,STEP,0.76278798594673,47.64727272727273,6.411748145454545,0.8833996324182681,0.8862203523318083,0.679782402487658,0.6965343239203091,0.7538015697585501
565,GM,0.7627528179081999,83.171,3.49485302,0.9807610538572369,0.7580948838010898,0.8088579417102686,0.7514231137105926,0.6403470623710591
159,BBWI,0.7625832472627493,19.800278947368422,6.510467810526316,1.0015529592135322,0.9368177001305409,0.8306740847422467,0.49551737935860385,0.4485764668555297
35,AEO,0.7624822044866263,17.339966666666665,5.514505433333333,1.2265218803353657,0.9277681909692262,0.829346419327006,0.5164257981018119,0.4420693126258268
363,CXW,0.7621042564395994,34.3675,6.483389575,0.6632981681443668,0.9175846778555239,0.6744156222910788,0.6491906042461428,0.7506603053906006
1041,PNR,0.7619169089482671,72.16999999999999,4.8526178,0.9954243713419804,0.7707815676530382,0.7906621392190152,0.7220967296639309,0.7099226561026222
188,BKD,0.7617841409691629,15.285,6.738828,1.3985162663849855,0.9559471365638766,0.9317180616740088,0.3348017621145374,0.3414096916299559
1033,PLMR,0.7617318339626789,134.003375,4.844118985,0.9194637690870515,0.8256549693314422,0.6023302568391491,0.8236619326041215,0.9720461828214754
38,AG,0.7615632559852207,20.548,10.40040257,0.8300350746664765,0.9468599647011556,0.8523367229264025,0.5256586899620925,0.2671267732315681
247,CARG,0.7611890110158362,30.388333333333335,8.761021,0.3700263544262712,0.966750741126052,0.6349739699442782,0.639036970505014,0.7277796804021789
168,BEKE,0.7608705100694283,17.599999999999998,5.829724333333334,1.5443994323492083,0.9210950655263651,0.8883944290738274,0.4298888575042031,0.41571415458520405
1405,VVX,0.7606871395916959,82.66166666666668,4.143905033333334,0.5387500352832264,0.7421243692190117,0.7799645398538867,0.6998681584363643,0.8798238972890848
987,PAAS,0.7605650361261975,51.1015,6.71539882,0.7161895356050338,0.8487835863208426,0.7626670914387658,0.6991144142273764,0.5673441606485934
959,OGC,0.7605003484490768,29.015333333333334,8.072551853333334,0.6865246200269819,0.8921892198959855,0.72238771381659,0.5735892386855777,0.8068057391255989
1111,RKLB,0.7601912359924197,84.1247,7.921935909090909,0.7911288574082829,0.8376242859634121,0.7767420597213293,0.7737147802534804,0.4042005895206415
470,EW,0.760106938082206,88.6636,3.61158102,0.7860770988817695,0.7741427278069521,0.7465295712812863,0.7710695832302109,0.7365771675528038
462,ESAB,0.759817782063804,90.21833333333332,5.6874476666666665,1.1104319467453745,0.8505887104418317,0.6330955412962757,0.768323792803597,0.8686353539474715
1260,SYK,0.7595744680851063,333.515,5.3959713,0.2227452744259132,0.9078014184397164,0.4822695035460992,0.975177304964539,0.7801418439716312
259,CCJ,0.7595003126162845,102.68921666666667,5.315642222222222,0.6921268977758487,0.7676989801625632,0.704733985264104,0.848606984288173,0.7442737785931635
1069,PURR,0.7592603635558798,11.697841935483872,7.618560116129032,1.6513592312688437,0.8989459682406059,0.9391467671495646,0.4605570387217208,0.23816498424976087
1237,STC,0.7591902131471135,67.61625,5.2392982749999994,0.6613013447320626,0.8751169714726802,0.623764070572244,0.7025778443350832,0.940662795643735
244,CALM,0.7590479500654959,86.86999999999999,4.148466818181818,0.6765689856245923,0.8114406346209248,0.6400784594161659,0.8009696618490484,0.9082233478270443
263,CDE,0.7582769815309546,20.380000000000003,10.93928461,0.8955146306790892,0.9595750846762113,0.8486059231151728,0.5653600706630655,0.12341614671357086
988,PAC,0.7580645161290323,216.0,2.9944682,0.7169691574765508,0.631336405529954,0.7603686635944701,0.8617511520737328,0.9861751152073732
1086,RAL,0.7578287399433421,70.98166666666667,4.11715415,0.882644543537408,0.7594105231178444,0.7760444516662462,0.714358227442192,0.7754785328047199
1313,TRLV,0.7577268906618707,12.145,7.11220025,1.515024702556223,0.9377626588383363,0.8152277720850094,0.4313184982550481,0.5791654018769022
760,LEGN,0.757653526514124,21.68,5.708376671428572,0.8874058118703181,0.9060768668461817,0.7724437547421878,0.5523671781209569,0.5969787333400326
191,BKV,0.7574941130298272,24.58,1.9916993,16.435458031410604,0.694701726844584,1.0,0.4115384615384615,0.8204081632653062
86,APA,0.7573123187623818,42.62921428571428,6.6829602857142865,0.8913248353978523,0.922464403414763,0.6665873824875458,0.7072023521591776,0.5970372326473823
1004,PBR-A,0.7569671052449776,17.9868,3.6244856800000003,1.0775452598660968,0.870448254031633,0.8627531515883728,0.5343367441912402,0.4347926443972748
1355,UPST,0.7569148936170214,31.59,8.519407,0.770404232206019,0.9148936170212766,0.776595744680851,0.598404255319149,0.4521276595744681
944,NVO,0.7568770226537216,46.7375,3.5848905,0.9373268282765845,0.8284789644012944,0.7265372168284789,0.8009708737864079,0.5242718446601942
998,PAYP,0.7568156409812754,16.5241125,5.5210282,0.8905528026981862,0.8936735290556865,0.8226299509428403,0.4454855806808913,0.6701230684561282
1351,UNF,0.7566715891322223,289.84166666666664,3.7863051999999997,0.37427593354357036,0.6105191325172622,0.747864130971576,0.914351023423881,0.9836724222635261
1406,VZ,0.756633634196895,45.89836666666667,4.7429619999999995,1.0193234807662845,0.8480382379881067,0.8787175199803512,0.6195750086893558,0.2835411717006369
147,B,0.7566252312256093,44.88444285714286,5.942827485714285,0.9000606117263755,0.7662822888666533,0.9167534403110719,0.6432725677013822,0.3890821247312912
167,BEAM,0.7565903405363855,31.534,7.827910673333333,0.7904183272447146,0.9111746245971953,0.717903224695706,0.6300415084503197,0.6040479159380617
826,MDLZ,0.7563291139240507,65.395,4.665861,0.7618185475759405,0.7848101265822784,0.8818565400843882,0.6413502109704642,0.4472573839662447
88,APH,0.7563291139240506,152.59,6.0757666,0.3690990180430601,0.8945147679324894,0.6033755274261603,0.869198312236287,0.5822784810126582
354,CVE,0.7560961254183362,26.491666666666664,5.0845586,0.7150744709555764,0.872597849413954,0.8173080530667987,0.5810254491017964,0.484239697297135
1110,RIVN,0.7560813239722405,18.426357142857142,7.825982154285714,2.1312445146774595,0.9007851152388693,0.9617269540892374,0.45603310849305484,0.12995478008792274
980,ORLY,0.7559210526315789,86.16,4.1460176,0.7860623497469593,0.7421052631578947,0.8973684210526316,0.6868421052631579,0.4473684210526316
210,BP,0.7557053334739552,43.4525,3.4782798625,0.9914771998433832,0.802443367265387,0.8132881677350333,0.6579464736181612,0.5861000150017587
701,JHX,0.7554434777322433,25.87833333333333,5.134568866666666,0.7152017914613414,0.8677708164963298,0.8478089843442688,0.5518251907796398,0.4462550928210593
1450,WU,0.7550523830753019,8.815100000000001,5.69522875,1.9122153998386504,0.9117289454486504,0.9374949339385588,0.4045655345708033,0.2691091837561806
1292,TJX,0.7549347526958915,131.885,1.86959025,1.235056338014651,0.7109176126590987,0.7901297093971074,0.7362485230552938,0.8231848536516055
223,BTDR,0.7547877645295528,11.185044999999999,9.553117445,1.0850068431157927,0.9491105533656696,0.866796059496297,0.47062769336914656,0.25094911354035065
345,CRVL,0.7547348484848485,63.66,7.7157383,0.4911855078893834,0.8181818181818182,0.6401515151515151,0.7462121212121212,0.9507575757575758
500,FISV,0.7547245885073467,50.96666666666667,3.5871094666666665,0.8969650807836503,0.7202554006645929,0.935279748740805,0.58609098733388,0.5806908874868132
1466,XYZ,0.7545728748428919,80.57124999999999,4.91521,0.8967523619873267,0.7261824108622051,0.8494817045624625,0.7326319305299366,0.5656404833827091
951,NXE,0.7545418800543827,11.032900000000001,6.18767746,1.5381107020751574,0.8791692397541133,0.9827251839922617,0.34038897681947866,0.3480103637925571
636,HXL,0.7542600896860987,110.3,3.4515102,0.3490570333473237,0.820627802690583,0.6591928251121076,0.7488789237668162,0.8654708520179372
1184,SITE,0.753903345724907,91.135,4.0353923,0.7421437908794691,0.6914498141263941,0.8327137546468402,0.6988847583643123,0.8066914498141264
1097,REGN,0.753883495145631,851.855,3.4030496,0.7232352526091492,0.8139158576051779,0.49029126213592233,0.9902912621359224,0.9935275080906149
1199,SM,0.7532993967115039,33.7277,6.538854468421053,0.6757171245856869,0.906915836519957,0.7101163894696393,0.6411467842027565,0.5910876077459399
512,FNF,0.7527845036319613,51.66,6.274428,0.7251606165888935,0.9346246973365616,0.6246973365617433,0.6803874092009685,0.7094430992736077
95,ARCB,0.7527738249566911,151.29398,5.50369642,0.7072784410194538,0.8317713718736162,0.5502024891437294,0.8652493972272385,0.9603309415517236
1309,TPL,0.7523510745375681,375.2375,4.5426552375,0.6839200444966851,0.7692464329411122,0.5525184732631214,0.9527361287205093,0.9918613162198453
804,MA,0.7523384628261234,599.09,3.1793055,0.7770015816879531,0.806143434488366,0.5040952244302557,0.9883360834110531,0.960877155223952
581,GRND,0.7522988700250252,14.612142857142857,7.100424071428571,1.336438476277969,0.8920885193395302,0.8602046770497742,0.40497237579874895,0.5800177612901883
256,CCC,0.7521224193110649,6.386875,7.5850637,1.6366526452745511,0.9671829800680309,0.9323752900489805,0.3430481585919531,0.18667393051720343
42,AGL,0.7517558063679592,128.64666666666668,7.708156766666666,0.6025259736720033,0.9412325730968253,0.40633115853640983,0.9143752516782184,0.9723344996068318
29,ADP,0.7515678001158269,277.8725,5.1869943,0.4138901832021843,0.8446678249358814,0.5306114006784148,0.9260776040373957,0.8500455034334409
233,BWLP,0.7513043918163582,22.866,4.8943345,0.5776491735814562,0.7811851153226957,0.8612489416616,0.4671377920991797,0.8302491345201876
751,LAZ,0.7511808835787719,45.68,3.67679755,0.5803906475195031,0.7527553950171344,0.8362045012503474,0.5724738353246273,0.8055015282022784
683,IRM,0.7510102928985907,131.1525,5.30107835,0.17647842815206682,0.90636225476651,0.5144376899696048,0.8635327438518928,0.8102376347057199
133,AVPT,0.7508285698878343,13.67,5.1538483500000005,1.3217185312964266,0.9310342968075926,0.7487920621225195,0.4901450603968939,0.6486033218291631
913,NIC,0.7504294426999341,172.3325,4.109530375,0.5309559146877748,0.7433491587587167,0.6523120092912923,0.8301041290791131,0.9592720806660834
99,ARIS,0.7502767856254371,16.46782,8.698779859999998,0.6123576515350238,0.9415823917026804,0.808157755973478,0.4255341497821391,0.5276090398235378
1379,VIAV,0.7494827446107974,44.277142857142856,6.4790453,1.163992286915039,0.847334823870001,0.7547331937647678,0.6697973387173286,0.5479947069516258
1263,SYY,0.7494444444444445,82.3203,3.1065896,0.8128195658925749,0.7111111111111111,0.7666666666666667,0.7444444444444445,0.8333333333333334
1128,RS,0.748964964952725,399.1175,3.231522225,0.691669379693768,0.7071331300918619,0.6367342770808073,0.9017869473885284,0.9825398296458512
609,HMY,0.7488415687982642,22.516666666666666,6.375937666666666,0.6274733638097497,0.8799202076350644,0.8238419632157141,0.5125941778839846,0.5000597342369494
214,BROS,0.7484731232888077,51.08072727272727,3.773615345454545,0.7509150589986935,0.8459606889961679,0.6573133694742682,0.7276289415389705,0.7680141451636089
222,BSY,0.7484374999999999,32.58,3.7249346,3.4520403965549438,0.75625,0.8625,0.584375,0.65
1473,ZBIO,0.7483502752785458,32.576,6.90034326,0.8847255898608231,0.8097452384856897,0.788357061361472,0.5709245279528459,0.7482956474147004
215,BRSL,0.7483363666100388,11.583333333333334,10.3970932,1.6686151912982494,0.9094382971403756,0.8814150629970491,0.3616585012370232,0.49205990314535347
691,ITUB,0.7482950193519032,8.4599,4.614636333333333,1.9582838765676545,0.9403737810217928,0.9284365906532567,0.40770109656339404,0.1267116995295707
841,MIR,0.7482625482625482,16.9,8.5420685,0.6620469134130968,0.9266409266409268,0.7722007722007722,0.5405405405405406,0.4555984555984556
8,AAPL,0.7477404390923206,316.36408181818183,3.3909152545454546,0.7306178254054114,0.7269916435289286,0.7433751247921312,0.9002855255125297,0.5305496507744386
333,CPRX,0.7476587151979969,31.49,0.0,5.757690448941762,0.38227026143764453,0.9964860775413932,0.9940444024755162,0.6628511606023054
668,INTU,0.7475895246107573,329.0139157894737,4.318501663157895,0.5911209196718044,0.8109847717242923,0.5477512952423179,0.9513352054775254,0.8176486007693872
965,OLN,0.7474802958672321,21.311666666666667,4.4272354,1.0118319125496467,0.8130208048947698,0.8843676628505905,0.45318102397029647,0.6275812736229668
578,GRC,0.747457627118644,82.12,3.1399145,1.7071401896179932,0.5544794188861986,0.9418886198547216,0.6319612590799032,0.973365617433414
300,CLF,0.7473084602774368,11.260425,9.802013083333334,1.6575156553021293,0.9481622708498184,0.8778369015927944,0.45506538925199425,0.171956720721235
448,EOSE,0.7471141153671483,7.168000000000001,9.3424274,1.1981940434603668,0.9711765339461564,0.9183309013855265,0.37276763689805276,0.11232985621448721
203,BMY,0.7469283276450511,59.18,2.77874,0.6563228437341594,0.9146757679180888,0.6450511945392492,0.7133105802047781,0.5836177474402731
667,INTR,0.746838867654085,6.41,6.33567515,1.4690368958979536,0.9440157668418538,0.8919493549928332,0.3665790731008123,0.30935260391782127
1402,VSTS,0.7460975609756098,16.75,7.9948406,0.7496988325702043,0.9804878048780488,0.8,0.3817073170731707,0.4658536585365854
786,LOPE,0.7458193356098176,150.34375,4.097725766666667,0.6686961583095902,0.8104173728690798,0.5741414129164341,0.8216894721942606,0.9688586614603563
387,DJT,0.7457765667574932,8.61,7.356598,0.9553366872259076,0.9727520435967304,0.9237057220708448,0.2561307901907357,0.3079019073569482
472,EXE,0.7457713148294709,93.30874999999999,4.381496225,0.8651766673794109,0.7490241618979909,0.7615041546387427,0.7388870332228841,0.6930899739703739
174,BFLY,0.745596409572899,9.595454545454546,13.754088627272727,1.2559948842800137,0.9606952822225497,0.8594556127465985,0.4212366656845976,0.24296263196777537
1098,RELX,0.7455796454811733,34.29,4.351543500000001,0.8738847940169526,0.8386820667197846,0.8176701021055282,0.5404316844398009,0.5777004950435364
152,BAM,0.7454526228236149,55.20498,4.4757376,0.8319232163255739,0.7802101708791321,0.7567469390099447,0.6981591451873375,0.678858053249707
810,MANU,0.745397489539749,24.22,3.8593466,1.161821081629694,0.6569037656903766,0.9372384937238494,0.5062761506276151,0.8619246861924686
1445,WST,0.7444444444444445,366.88,3.2882862,0.5732292047147769,0.6748971193415638,0.6255144032921811,0.9547325102880658,0.9835390946502056
868,MS,0.744078947368421,229.79,3.9350479,0.4023581023780053,0.5482456140350878,0.8859649122807017,0.8508771929824561,0.7192982456140351
1099,RELY,0.7438906752411576,27.08,5.3286695,0.6606051837061473,0.842443729903537,0.8135048231511254,0.572347266881029,0.4983922829581994
1155,SBSW,0.7434815638603501,12.59625,6.90527165,0.763304807201804,0.9087787307595089,0.9187612986776552,0.3600651484539254,0.31829523866557646
1188,SKHY,0.7434800971989238,172.87805833333334,9.433292137499999,0.47775422742354007,0.8785626074918996,0.6044223998909471,0.9077682995495234,0.4288168470502279
1465,XYL,0.7428731956589161,113.23,0.7853904333333334,2.0785984042215118,0.563413300899032,0.9220860134672986,0.6774256591971429,0.8746330379127182
1452,WWD,0.7426229508196721,415.62,3.2569556,0.3960013711752408,0.6885245901639344,0.6120218579234973,0.9453551912568308,0.9836065573770492
278,CGAU,0.742295081967213,16.58,6.6924067,0.4720082106822933,0.9540983606557376,0.7836065573770492,0.419672131147541,0.5016393442622951
1421,WF,0.7422498170324947,69.37,4.767131788888888,0.588283539071194,0.8228607393705686,0.6087768537086238,0.7269739545886054,0.9578186853705639
1249,SUI,0.7421695766582815,125.67203333333333,3.838603333333333,1.629958589268641,0.5373031135531136,0.9332366829957192,0.7325274725274725,0.8097515336069554
854,MO,0.7416774388365104,68.51388888888889,3.2549868666666666,0.7455322506920002,0.8081758033745954,0.6862266824398647,0.749305464729101,0.6877547585562909
811,MARA,0.7414732051565792,11.515652,10.16863749,0.9733994480143069,0.9423750980425634,0.8474128363369513,0.5261493366716298,0.09817560789423199
1114,RLI,0.741254752851711,61.36,4.017628,0.7752805551760212,0.8174904942965779,0.6539923954372624,0.6996197718631179,0.8631178707224335
1248,SU,0.7412039642519472,58.63666666666666,3.4887404333333336,0.772220163059853,0.6739945860159381,0.8505990837873126,0.6865854756652109,0.7027908468776732
540,GE,0.7409937888198758,356.43,3.0949845,0.3329062779823972,0.6273291925465838,0.7142857142857143,0.9316770186335404,0.8509316770186336
420,EBAY,0.7407995040812897,104.171,1.75875126,1.1615517082765885,0.7024238862858861,0.7814675905996074,0.7024969336812347,0.8093810043512001
784,LNG,0.7405658572479765,292.1225,3.46846535,0.7878461058856501,0.8190066225165562,0.4753568800588668,0.9523767476085359,0.9706328182487123
1065,PTEN,0.7404191616766466,9.755,6.6120276,0.5501566555521402,0.940119760479042,0.874251497005988,0.3473053892215569,0.3592814371257485
312,CNH,0.7402472794724612,11.69406875,6.35939205625,1.6052152159071713,0.8927220929880554,0.9061162739834653,0.4224246532902535,0.26168920374378307
430,EGIEY,0.7401408450704224,5.94,10.204085,0.4655073539333423,0.971830985915493,0.8169014084507042,0.1126760563380281,0.9154929577464788
1275,TECK,0.7397338403041824,59.225,3.5221105,0.9127229823244968,0.7832699619771863,0.7338403041825095,0.6692015209125475,0.7490494296577946
306,CM,0.7396761133603239,113.35,1.7321849,4.092108246382953,0.5101214574898786,0.9959514170040484,0.6356275303643725,0.854251012145749
562,GLUE,0.7395915806473222,24.468333333333334,5.376974,0.740334660217192,0.890204113012761,0.7335788438346696,0.504704968522892,0.7032655204614314
1154,SBS,0.7395631067961166,5.0975,4.6714623500000005,2.670289700173962,0.9012944983818771,0.9773462783171523,0.3147249190938511,0.1909385113268608
1227,SRCE,0.739100255419344,86.05333333333333,3.4533229999999997,0.5048327289234362,0.6544605365502237,0.7807321212329952,0.6928029879027408,0.9822222761466931
442,EMR,0.7390736454496857,149.06833333333336,3.3696344333333332,0.6064243668208006,0.6893553484273128,0.710327267645821,0.8241557736739148,0.8435357508930578
1109,RIOT,0.73895325045743,20.98028695652174,7.411073356521739,0.9498853177256403,0.9056345793568142,0.7875666767327856,0.5888264475025423,0.2856752132556161
546,GEO,0.7377398326275849,31.348333333333333,4.641420066666666,0.7545147198477103,0.8758317086915018,0.6345496061138308,0.664944075307128,0.761175573842929
298,CLBT,0.7376848921436048,11.1597375,4.60101315,1.4561485216722878,0.8916620875129944,0.8478218808640909,0.37867706367429077,0.5313009047676682
1362,UUUU,0.7370879238696514,15.1968625,8.3921155125,0.6477440042640661,0.9371144805004505,0.8150856570318832,0.47862088514700196,0.28093698703934217
1217,SONY,0.7370317002881843,22.33,6.4347014,0.4856691005911256,0.8962536023054755,0.8645533141210374,0.4293948126801152,0.3487031700288184
307,CMBT,0.7369679915943081,19.473,4.13368326,1.2858309219124808,0.7507356782370073,0.8860009290712192,0.4765162031822692,0.6880693839997517
1190,SKM,0.7361235635112182,37.09515,5.412678707142858,0.5106569814094339,0.869457656350563,0.6792409986608751,0.6483793392095524,0.6440316641530445
1443,WRD,0.735981308411215,6.1111,6.838616,0.9568868673002172,0.9299065420560748,0.8551401869158879,0.3411214953271028,0.4299065420560747
1323,TSM,0.7350507499946797,413.11625000000004,2.48372775,0.7457938466047048,0.5108883702850405,0.847649380140398,0.9246993937292165,0.7462265859993281
260,CCK,0.734402185393582,120.17,4.878687149999999,0.8154762164154974,0.503437481996428,0.9478424519424654,0.7196435772857335,0.8252549305782266
1453,WY,0.7338506949512642,24.2675,5.49101615,0.7454636614337649,0.868372824729561,0.7944501208258323,0.5213594122512528,0.4759078155662596
1265,TALO,0.7332760431421592,17.157142857142855,5.072798228571429,1.0907224695488897,0.8740994930754665,0.7957408388058465,0.44811140102327424,0.5920964677904484
1467,YETI,0.7331578947368421,42.705,3.6026216,0.6499776025892897,0.7631578947368421,0.7105263157894737,0.6578947368421053,0.8578947368421053
25,ADI,0.73296875,375.72,3.604028,1.8924327698665024,0.746875,0.55625,0.93125,0.90625
171,BEP,0.7320535753091412,34.118125,4.46493635,0.8610596648953367,0.7688728284409536,0.778497700302262,0.5700307689059181,0.7646773646783205
1436,WMS,0.7316197529018238,146.6425,4.80959085,0.4212027544156874,0.8125094287675468,0.5107764318906471,0.8753304600297148,0.9340360966551294
177,BHC,0.7313874859084992,6.628446666666666,13.08036314,3.3845621133790433,0.9350743685434526,0.8721812913870483,0.31306963110291497,0.3623407871224106
325,COMP,0.7311897921243873,12.54,7.364614749999999,0.5500949910607766,0.9615063940059716,0.87788293617261,0.3434792406061631,0.18707678440651226
1,AA,0.7311853996199407,50.974000000000004,4.78822616,0.7679275508886658,0.8045757492420545,0.7703654734777866,0.6380681305218532,0.5234234556362575
402,DOW,0.7310580204778157,30.175,3.9441905,0.6464402532550316,0.955631399317406,0.6348122866894198,0.6518771331058021,0.4402730375426621
1376,VG,0.7304860994674501,13.671426666666665,6.615379553333333,0.8307841590922198,0.9265246585708183,0.8175754074269853,0.4820317346511684,0.23644729437985193
1378,VIA,0.7300903119868637,29.7075,4.7144832,0.8037273105910141,0.9641340044263582,0.4697383451131577,0.7004399585921326,0.8814699792960663
212,BR,0.7295597484276729,172.9501,3.0446303,0.4911742106084042,0.5345911949685535,0.8742138364779874,0.7358490566037735,0.8930817610062893
795,LULU,0.7294949349825394,118.10222222222222,3.533259222222222,0.5983753051526053,0.7806246619888564,0.6256289920744398,0.8020353187768448,0.7689909230501679
815,MBLY,0.7294630415176113,8.637142857142857,7.441859157142857,1.159858407033849,0.8958564420689693,0.9349190141961516,0.30234389317093463,0.28222853190632063
1104,RGLD,0.7285547325728635,236.10375,6.605204325,0.21010804392122695,0.7997249678938352,0.47762789907126485,0.9372011144059018,0.9404100625389822
1189,SKHYV,0.7285178063178094,168.01,0.0,1.3773139138474033,0.4327331526333575,0.9618486556305886,1.0,0.40414173425428257
1460,XOM,0.728191173794588,154.81875,2.7400828,0.77652712643894,0.7790605529280511,0.682131861169406,0.7669525305095759,0.6338332275856279
802,LYB,0.7275449101796406,56.725,3.8919415,0.4330405762800928,0.7125748502994012,0.7724550898203593,0.7065868263473054,0.6646706586826348
227,BULL,0.727533885784198,9.33788888888889,7.815221722222223,2.014039226278541,0.872060284488044,0.9429497971323624,0.34885829137691127,0.22508698941673502
1113,RLAY,0.7272357723577235,20.02,5.9259305,0.4884408405047888,0.9390243902439024,0.8008130081300813,0.3821138211382114,0.4186991869918699
798,LVS,0.7269230769230769,45.04,1.80832,1.4453729134249171,0.7412587412587412,0.8461538461538461,0.4895104895104895,0.7342657342657343
836,MGY,0.726457399103139,26.315,2.7929692,0.6525460988419212,0.7488789237668162,0.874439461883408,0.4887892376681614,0.6053811659192825
1366,VALE,0.7258991238260502,15.158599999999998,3.3562764857142855,1.3939686798592683,0.8006672384627477,0.9362565189243208,0.45783246712675973,0.26409315315224235
739,KR,0.7256588361219085,58.32,1.260454,1.3519404851897612,0.8048842318742606,0.7575291532871388,0.5509379753253338,0.686265562503521
957,OCTV,0.7256487503472089,17.761,4.78587992,0.8978059924594625,0.8637328041389697,0.8003988558265615,0.4185997129585825,0.5948272676755649
370,DB,0.724212809079499,38.1225,4.673538075,0.5315030428194722,0.7848981908874204,0.8239173513690106,0.5122746458314764,0.5867244012345292
1298,TMDX,0.724086797208054,84.61873750000001,5.7259042125,0.4276833152622726,0.8599544320798151,0.5337933265832088,0.759158532097491,0.8444337525649744
700,JD,0.7230538922155688,27.575,4.095889,0.5840444493082706,0.7425149700598802,0.8922155688622755,0.5149700598802395,0.4790419161676646
1146,SAIL,0.7222989585766176,16.94125,8.565524266666666,1.0581953540267366,0.8580498049963866,0.8071209741051221,0.47790651450026383,0.4390788299103683
564,GLXY,0.721900985012383,24.2455,8.39312777,0.5917436949696577,0.9235901526358987,0.6588917309324628,0.6410596665866697,0.39820392446122527
360,CVX,0.7216024197025389,211.6675,1.38084265,1.0783025124982446,0.7207874243692509,0.6336446402236706,0.8126800213060854,0.8501519283379929
315,CNQ,0.721556886227545,42.41,4.227086,0.428589551865444,0.7664670658682635,0.7664670658682635,0.6616766467065869,0.5269461077844312
303,CLOV,0.721346153846154,4.735,9.101382,0.984213153438853,0.9961538461538462,0.7538461538461538,0.4,0.2884615384615384
897,NCLH,0.7201754385964911,14.815,3.5289948,1.0948482845916656,0.8026315789473685,0.8640350877192983,0.5175438596491229,0.3333333333333333
1254,SUZ,0.7199438429382066,9.058225,3.16884685,1.6674909520968608,0.7716075534964392,0.9723783993520446,0.2921839522109202,0.5111196899905329
217,BRZE,0.7198923899884503,28.934464285714284,4.849898935714286,0.9733326611141219,0.8566932305830397,0.6923760779413233,0.5596154036965879,0.6579505126560571
1472,ZBH,0.7186936936936937,95.11,4.127441,0.3401937247148541,0.6936936936936937,0.7162162162162162,0.7432432432432432,0.7657657657657657
386,DIS,0.7167630795455563,110.11083333333333,2.1626012333333335,0.6938491279776374,0.7031573869591506,0.6955148953176024,0.7663413946651728,0.7395950181565825
666,INTC,0.716755369835281,106.72998888888888,5.938296122222223,0.7808853812781682,0.740714244148367,0.7479261122632594,0.8622402294141998,0.2328319920837183
1444,WSO,0.7156612329949319,313.1065,3.57855274,0.5187803442862433,0.6831977641443705,0.5464072660272721,0.9379519733854821,0.9770907775776065
482,FAST,0.7151877133105803,46.96,1.0109645,0.9191224602679688,0.7781569965870307,0.856655290102389,0.409556313993174,0.6109215017064846
727,KMB,0.7146332524072576,104.10249999999999,-1.305736585,1.87884306382331,0.5295086966210432,0.9623869673832729,0.5573109086004481,0.8100758828565732
253,CBRE,0.7134146341463414,144.72,2.9669144,0.6238544535038203,0.491869918699187,0.8983739837398373,0.7215447154471545,0.8252032520325203
383,DHT,0.7129267615263,22.06755,4.245597999999999,0.9958110112784615,0.7728496346622228,0.8773020552920565,0.43040066088393225,0.49293537865515813
439,EMAT,0.7127720663147169,7.2701,4.921928,0.4827015630421051,0.8693618597758637,0.7418264332685005,0.29151616189682317,0.9055293136982495
436,ELPC,0.7112637362637363,11.85,3.3129914,0.5717188224103027,0.8076923076923077,0.7472527472527473,0.3956043956043956,0.8791208791208791
59,ALL,0.7109909380548988,245.01,2.944729166666667,0.6904989683812763,0.7514070986677169,0.5021554358071071,0.8904495414296871,0.9415414270277301
1025,PINS,0.7104810996563573,18.78,2.73523,1.1096403469179563,0.9656357388316152,0.6872852233676976,0.4914089347079037,0.3367697594501718
853,MNST,0.7104752398562084,47.32497142857143,3.9652270857142855,0.623743796416578,0.8146284915112707,0.7539553940978135,0.5730729447344479,0.46856290946139445
706,JOBY,0.7101156069364161,7.47,3.3195,1.9798783561929545,0.869942196531792,0.9682080924855492,0.3106936416184971,0.0462427745664739
659,INFY,0.7100521169633798,11.475000000000001,4.8903137999999995,0.6525375840055806,0.9249915444454693,0.8335946868370077,0.37711004519878233,0.19124926974756323
877,MTCH,0.7097469097731174,38.77916666666667,4.189052266666667,0.69295444316441,0.8474117517535578,0.6723777164569452,0.5671740858531423,0.6438577872881293
608,HLNE,0.7090971517092348,91.03825,6.530984999999999,0.7240699444745026,0.8744565075893671,0.41984300554557524,0.8347978338410269,0.8913275534379963
319,COCO,0.7082551372976905,58.583333333333336,5.146477533333333,1.1696712401258942,0.7609929078014185,0.6516700006061709,0.6657574104382614,0.8067163726738196
604,HIMS,0.7079332383006053,33.04773333333333,5.723641733333333,0.6114851014170338,0.8467658823579867,0.7234155408160258,0.6066593915580961,0.37037861878081774
291,CHWY,0.7077319587628864,21.08,1.59036,1.292357309229038,0.9072164948453608,0.7800687285223368,0.3814432989690721,0.40893470790378
1061,PSO,0.7058357041251777,17.585,3.9917221499999997,0.7182452111142035,0.6959933617828356,0.9328591749644382,0.33770744428639166,0.6819582740635373
626,HTH,0.7048810169598548,39.73666666666667,4.735553566666667,0.30900429342602814,0.858331630798631,0.5708748888786258,0.5831439671172056,0.8802994164937387
1264,TAK,0.7046172196442357,18.0867625,4.06653245,0.5859406388924885,0.8154063677889285,0.8545174599038923,0.34579584721556794,0.5098471050863495
715,KD,0.7039974137487519,12.3375,6.1144209499999995,0.9712715085522001,0.9152831325451558,0.7422215789310416,0.40490176343167245,0.4289041204574846
1083,QUBT,0.7024630541871921,9.345,2.918506,1.3068208998513222,0.8029556650246306,0.9310344827586208,0.2906403940886699,0.3743842364532019
226,BTSG,0.7020179372197309,71.21,4.474758,0.4467305806876131,0.8161434977578476,0.5336322869955157,0.7757847533632287,0.7443946188340808
418,EA,0.6992983363554968,209.7,0.0,15.95827790010158,0.1993384505883095,0.9991207876091273,1.0,0.7983760298639393
797,LUV,0.6979137723441697,48.09,4.361975,0.3939298218896372,0.8362045012503474,0.6166527739186811,0.6443456515698804,0.6054459572103362
1241,STM,0.6972241303232257,56.78775,5.377728125,0.8135846337596828,0.7645709168767839,0.7240309765468221,0.6583397685421162,0.4454551391654037
1242,STNE,0.6951530612244898,10.29,4.7837176,0.6326904135596108,0.9132653061224488,0.7040816326530612,0.4183673469387755,0.4540816326530612
1329,TTWO,0.6928571428571428,219.275,3.8528912,0.4059064846636833,0.826530612244898,0.3673469387755102,0.923469387755102,0.903061224489796
499,FIS,0.6926829268292684,43.185,4.640177,0.4253878980030353,0.8333333333333334,0.7032520325203252,0.5487804878048781,0.4512195121951219
445,ENSG,0.6913253968766805,156.9416666666667,4.134870633333334,0.28435977839934345,0.8050958743205298,0.4011392771319624,0.8669555783870484,0.9575197819089856
922,NOK,0.6909249009850715,10.350000000000001,9.6398345,0.5338678958679259,0.9170940387935411,0.8661902102163095,0.32005940895704277,0.0276353204021529
224,BTE,0.6890784982935153,4.265,4.791147,0.91928808840059,0.9829351535836176,0.8600682593856656,0.1877133105802047,0.0648464163822525
1437,WMT,0.6865386529963664,105.50550000000001,0.807956696,0.8754739940430232,0.5929967213698238,0.7998350479085172,0.7131403849678114,0.5641945675538478
859,MOS,0.6841941162096514,24.654,4.22248464,0.7360376773528126,0.8059066874633991,0.7071145923273523,0.5576709534753431,0.431024775878198
981,OSCR,0.6834526127007187,32.76083333333333,5.734452866666667,0.40541510296977085,0.8247231660790982,0.6432873128107611,0.6006678701250304,0.4951537106426182
979,ORLA,0.6827028457562737,9.5025,5.6417213,0.6265207910956674,0.8709446416339748,0.8076468024160905,0.2898219067189738,0.37231458994956096
1017,PG,0.6826460481099655,142.97,0.231353,1.2102069155518822,0.7457044673539519,0.7560137457044673,0.3848797250859107,0.8006872852233677
1108,RIG,0.6824232081911262,5.395,3.7500033,0.9580006025717108,0.9488054607508531,0.8771331058020477,0.1911262798634812,0.0511945392491467
510,FNB,0.6819112627986348,18.925,0.5045104,1.8397125553835028,0.7474402730375427,0.9795221843003412,0.1296928327645051,0.515358361774744
1345,UGP,0.6815157017731255,6.497450000000001,5.47808885,0.6318487575245518,0.8421455529445275,0.891387167984049,0.2157480595314391,0.31629637541835787
1386,VMRK,0.6802405498281786,65.02,0.0615471,2.053236775924905,0.7147766323024055,0.9587628865979382,0.0687285223367697,0.8075601374570447
525,FRSH,0.6796928327645051,10.825,4.4884186,0.6796124644296428,0.9795221843003412,0.6757679180887372,0.4044368600682594,0.1945392491467577
935,NTR,0.678140900614996,73.01916666666666,3.5732848666666666,0.5028721315532328,0.6251531824551949,0.6823943612321636,0.7128582560867812,0.7792760910706437
1247,STZ,0.6780612244897959,125.62,3.3484159,0.4480294779398513,0.75,0.4744897959183674,0.8061224489795918,0.8826530612244898
705,JNJ,0.6760044464782532,270.66606,3.4023643399999997,0.3581769833302259,0.6629801305781993,0.5708247556678183,0.8601350780631026,0.7214572067952654
699,JBTM,0.6731024911456168,132.68833333333333,3.9958717999999998,0.27897990624060315,0.7809382881980568,0.3970604811988401,0.8309830537193434,0.9460631111283425
7,AAP,0.6730886850152905,58.2825,4.59286195,0.47573887734200804,0.7951070336391437,0.5015290519877676,0.7125382262996942,0.7675840978593272
942,NVDA,0.6709658866057726,218.25927142857145,2.6138125285714287,0.8132778018162402,0.6160103784366884,0.6909553174437768,0.9065847007199562,0.3221095290361866
1122,ROKU,0.6699777716032231,138.85500000000002,-1.45137735,1.8099090880616417,0.32504399370195425,0.975039362785959,0.6469852736871353,0.855515420950264
1057,PSLV,0.6691666666666668,22.255,3.3193974,0.7785738696363621,0.7555555555555555,0.7388888888888889,0.4777777777777778,0.5055555555555555
1145,SAIC,0.6664893617021277,120.21,3.1845486,0.3886848579896981,0.4414893617021276,0.8031914893617021,0.7021276595744681,0.9042553191489362
970,ONDS,0.6643786127620784,8.191172727272727,5.649128381818182,1.2270822345305656,0.8147355112495984,0.8819091260488854,0.3378058508954736,0.02991819528514372
595,HCC,0.6637168141592921,110.98,3.9820106,0.1918075049381459,0.831858407079646,0.3008849557522124,0.8672566371681416,0.9380530973451328
1043,POR,0.6624293785310734,50.38,3.2377088,0.5277522518064764,0.576271186440678,0.751412429378531,0.5875706214689266,0.8022598870056498
1352,UNFI,0.6615384615384615,45.22,3.1007764,0.4323236302429082,0.7582417582417582,0.4835164835164835,0.6758241758241759,0.9175824175824177
916,NKE,0.6600922477862113,40.131528571428575,2.909151685714286,0.8969153543594983,0.6367259752334314,0.8936064863744122,0.450702290418629,0.343354281397402
658,INFQ,0.6570380954702011,13.615,7.090963,1.0246591387800887,0.8552347281773215,0.6895656673607296,0.4615755403591614,0.24042848960050883
707,JPM,0.6556497175141243,329.74,3.237319,0.3350351256065527,0.6666666666666666,0.4350282485875706,0.9378531073446328,0.8248587570621468
999,PBA,0.6547297297297296,49.29,3.6593096,0.3409996359812328,0.5900900900900901,0.7207207207207207,0.5878378378378378,0.7837837837837838
57,ALHC,0.6537182668448177,14.36,5.6665887999999995,0.4086743684061111,0.907883183813705,0.6373899053799797,0.38167134767631045,0.36538416091765963
1147,SANM,0.6516094679942199,201.29375000000002,3.664980575,0.2684294542604305,0.752972184911535,0.3297781816307662,0.8890893185835307,0.9482897598770835
71,AMG,0.6493710691823898,354.43,4.066355,0.2259377839831972,0.6918238993710691,0.3459119496855345,0.9371069182389936,0.9874213836477987
1053,PRKS,0.643859649122807,47.665,4.414018,0.2496570754354118,0.8070175438596491,0.4444444444444444,0.631578947368421,0.7953216374269005
1419,WDS,0.6409937888198758,21.57,4.7087345,0.2536848982597626,0.8509316770186336,0.5279503105590062,0.4285714285714285,0.7267080745341615
1068,PUK,0.6383647798742138,29.805,3.2029126,0.5862872192416325,0.490566037735849,0.9056603773584906,0.3962264150943396,0.7044025157232704
607,HLN,0.6333422505068709,10.16,1.59999845,1.1643242535501144,0.6732372155890967,0.8992734850191485,0.2212632349628294,0.3871085830141924
718,KEP,0.6321585394772463,12.33025,4.1502133,0.36702335655270596,0.7711281481345782,0.6974288241197029,0.30707303631511773,0.5674899192522436
716,KEEL,0.6295129714892409,5.06922,6.543654119999999,0.43308812480588205,0.8798629703314692,0.8059855397896157,0.1715093719569354,0.05164118555474125
728,KMI,0.6292739002272532,32.05,3.3434130600000005,0.5140394213527918,0.689469687715353,0.7187762490897646,0.46982797314181896,0.4242222771709823
1149,SATS,0.6291127021358934,117.93666666666667,0.06056695333333332,0.9025975029980228,0.3937614022844416,0.9593254801613713,0.43913648135104993,0.6770499700964883
724,KLAR,0.6255,15.175,-8.2632505,1.3922563387265026,0.37694444444444447,0.9313888888888889,0.6038888888888889,0.46805555555555556
517,FOX,0.6254966887417218,60.83,4.698801,0.1535214444095408,0.7417218543046358,0.4569536423841059,0.6688741721854304,0.7218543046357616
820,MCO,0.6214689265536724,468.03,3.0766861,0.2992538862471697,0.6271186440677966,0.3220338983050847,0.9548022598870056,0.9830508474576272
16,ACHC,0.6184394941408516,31.790000000000003,6.440015866666667,0.21355904063083897,0.8936071470008121,0.3948485903237034,0.5462079900993928,0.5823838805739259
602,HIG,0.6149068322981366,140.85,3.0735545,0.2289964649750094,0.6086956521739131,0.4347826086956521,0.8012422360248447,0.8944099378881988
1018,PGEN,0.6126094773999631,7.784000000000001,5.721852,0.9032460872799414,0.8232704276473275,0.6651778204128214,0.30882600012181627,0.2988739055454783
1283,TGB,0.6027408138163042,8.38625,8.18740425,0.35785768136592205,0.8216816642362815,0.65752567038625,0.28130873681947566,0.2875649933452305
455,EQR,0.6027067515879353,63.66,-3.50159,2.2425878890486795,0.15952670515439482,0.981275724212225,0.664341995993117,0.7055750211099499
1413,WBS,0.6021804156282033,77.57000000000001,-0.51302,15.216356832400237,0.3419688055564579,1.0,0.3217983681984225,0.6813166004375858
909,NFLX,0.6017329255861367,78.145,3.6243694333333334,0.24423606017274302,0.6673769271138147,0.60226101865361,0.6288947550631816,0.31580693554901623
693,IX,0.5903100775193798,39.57,3.0200465,0.3369936767612786,0.4263565891472868,0.8062015503875969,0.3875968992248062,0.813953488372093
3,AAL,0.5666666666666665,16.125,4.3028145,0.2381089594635676,0.7906976744186046,0.6201550387596899,0.3178294573643411,0.0930232558139534
1081,QSR,0.5654929577464789,80.37,4.241251,0.1420777537433402,0.5774647887323944,0.3943661971830985,0.7464788732394366,0.7605633802816901
1255,SVM,0.5631782945736434,12.6303,3.695612,0.2685724882697775,0.6666666666666666,0.689922480620155,0.2403100775193798,0.4031007751937984
108,ASAN,0.5525181159420289,9.3125,4.0466732499999996,0.6995030115974937,0.8800724637681161,0.41449275362318844,0.3135869565217391,0.36702898550724633
1350,UMC,0.5332881310795279,19.51833333333333,3.696852566666667,0.48100601228769463,0.7355589985099696,0.5319450823613635,0.3280858826649761,0.24044526241566014
118,ATAT,0.5319148936170213,35.065,2.559228,0.2713695134040623,0.2340425531914893,0.8297872340425532,0.4042553191489361,0.7872340425531915
241,CAE,0.5223404255319148,27.37,4.5471935,0.0888628954047417,0.6595744680851063,0.3404255319148936,0.4893617021276595,0.7446808510638298
948,NVTS,0.5179347826086956,12.6901,3.7620928,0.1911765110833493,0.5652173913043478,0.8152173913043478,0.1521739130434782,0.0434782608695652
846,MLI,0.4584615384615385,63.71,3.585071,0.0615373623911597,0.6153846153846154,0.1846153846153846,0.5384615384615384,0.7076923076923077
1462,XPEV,0.4563829787234043,11.375,-6.6858044,0.8678274701947113,0.0425531914893617,0.9574468085106383,0.3617021276595745,0.3404255319148936
221,BSX,0.4561538461538461,47.67,-4.382713,0.413805675675195,0.0461538461538461,0.8923076923076924,0.5230769230769231,0.2307692307692307
128,AUR,0.39375,6.415,-7.9569874,0.2851499325755223,0.05,0.875,0.3,0.1
1206,SNAP,0.3861702127659574,5.155,-4.976958,0.6534856970822684,0.0212765957446808,0.9787234042553192,0.1489361702127659,0.0638297872340425
994,PATH,0.2962499999999999,15.75,-1.5625,0.0953998444333099,0.2,0.525,0.15,0.125
1038,PLUG,0.26625,2.205,-3.289476,0.1026821708869899,0.15,0.575,0.05,0.025
1214,SOFI,0.2225,18.265,-0.24576776,0.0707437821916381,0.275,0.325,0.025,0.075
